update,environment_steps,mean_reward,loss,approx_kl,elapsed_seconds,validation_score
1,300,0.18279545671785552,1.349532276391983,0.00016234577196883038,0.9731418000301346,
2,600,0.1844736256820444,1.0899370312690735,0.004491960738960188,1.9801652000751346,
3,900,0.18468469496774495,0.8790301904082298,0.0012606712552951649,2.9805238000117242,
4,1200,0.18345897467505146,0.6867599301040173,0.003947849647374824,4.003368600038812,
5,1500,0.1832207737536718,0.7036184519529343,0.00301543905698054,4.987233599997126,
6,1800,0.18264360959912304,0.7239295467734337,-0.0023212686289753037,6.015729200094938,
7,2100,0.18421597724684555,0.8983313888311386,-0.0032161237904801965,7.140937600051984,
8,2400,0.1809844292325831,0.9324016124010086,0.004167683044215664,8.205083400011063,
9,2700,0.18373560784212103,0.8260203525424004,0.0030604611529270187,9.217751600081101,
10,3000,0.18509311575419496,0.9403167739510536,0.0006064422050258145,10.221869900007732,0.1838878559269024
11,3300,0.18508986516247275,0.7861575484275818,0.0013705932142329402,12.197242600028403,
12,3600,0.1823971359690845,0.8637991920113564,-0.001983797730645165,13.193759800051339,
13,3900,0.18440593289992296,0.8470007926225662,0.0021793475170852616,14.18161290010903,
14,4200,0.18390437754389394,0.8597778603434563,0.0011383391629351536,15.170128800091334,
15,4500,0.1841340474058373,0.8402033001184464,0.003281583616626449,16.177450200077146,
16,4800,0.18412727658338915,0.8160370960831642,-0.00430392607813701,17.174204000039026,
17,5100,0.1837486483733456,0.7576661631464958,0.005466841452289373,18.18512500007637,
18,5400,0.18351329428441715,0.8033776953816414,-0.00028676382498815656,19.155922100064345,
19,5700,0.1828696097319229,0.7786690071225166,0.001152076554717496,20.1136660000775,
20,6000,0.18445492276288072,0.7647276371717453,0.004742701232316904,21.118518400005996,0.1838878410889996
21,6300,0.1840863573890936,0.763018012046814,0.00511651327542495,23.035197700024582,
22,6600,0.18517565855788873,0.7044186666607857,0.006231986859347671,24.003488300018944,
23,6900,0.18383589831878117,0.7698136791586876,0.004190731298876926,25.000533900107257,
24,7200,0.1844670399775951,0.7448781952261925,-0.00466717639574199,26.054348800098523,
25,7500,0.18529358338068377,0.6729288175702095,-0.0004457335526240058,27.1954587000655,
26,7800,0.18407723053298108,0.7182639241218567,0.007430877085425891,28.153304300038144,
27,8100,0.18414294956302693,0.5988537408411503,0.0025173209214699455,29.12252190010622,
28,8400,0.1808556588280412,0.581042442470789,0.0013624406710732728,30.148210000013933,
29,8700,0.18423111692653496,0.5757440701127052,0.0013403199882304762,31.1292923000874,
30,9000,0.18355016943589642,0.44178847409784794,-0.0009235617908416316,32.09744350006804,0.18388786638112045
31,9300,0.18400550380897066,0.4903690963983536,0.0010365654015913606,34.07508930005133,
32,9600,0.18544232941763417,0.5438623800873756,0.0008023689442779869,35.050050700083375,
33,9900,0.1852737947700827,0.4323196653276682,6.682774983346462e-05,36.04471660009585,
34,10200,0.18202418873357912,0.463157769292593,-0.0010893770959228277,37.04233040008694,
35,10500,0.18401033872612838,0.2925317466724664,0.0001501184597145766,38.01132250006776,
36,10800,0.18518649070150445,0.3273982312530279,-0.0016764129704824882,39.02101260004565,
37,11100,0.18491036005833542,0.3099465935956687,0.004665758475312032,40.06983660010155,
38,11400,0.18358359230958882,0.246253578690812,6.962173210922629e-05,41.06007510004565,
39,11700,0.18340726158964268,0.2532645403407514,-0.0032936308707576245,42.041638700058684,
40,12000,0.18460423340101248,0.23986508138477802,0.003028475199243985,43.05392950004898,0.1838878403650823
