period,sector_id,label,output,base_output,value_added,capacity,price,backlog,ai,ai_effective,technology
0,1,化学产品原材料部门,12205014.58788285,12205014.58788285,2986354.588072125,12205014.58788285,1.0,0.0,0.002,0.0,1.0
0,2,非金属矿物制品原材料部门,12277953.359281374,12277953.359281374,3862110.983681375,12277953.359281374,1.0,0.0,0.002,0.0,1.0
0,3,金属冶炼和压延加工品原材料部门,24606928.340485323,24606928.340485323,5618663.457374525,24606928.340485323,1.0,0.0,0.002,0.0,1.0
0,4,专用设备原材料部门,12746672.569310747,12746672.56931075,3223311.236015849,12746672.56931075,1.0,0.0,0.002,0.0,1.0
0,5,电气机械和器材原材料部门,1300022.9913140745,1300022.991314075,226078.98565283866,1300022.991314075,1.0,0.0,0.002,0.0,1.0
0,6,通信设备、计算机和其他电子设备原材料部门,26542676.99328848,26542676.9932885,4046059.1683213715,26542676.9932885,1.0,0.0,0.0020000000000000005,0.0,1.0
0,7,仪器仪表原材料部门,3027315.042876223,3027315.042876225,777382.6674754896,3027315.042876225,1.0,0.0,0.0020000000000000005,0.0,1.0
0,8,通信设备、计算机和其他电子设备制造部门,44507473.27602443,44507473.2760245,6784540.62311844,44507473.2760245,1.0,0.0,0.002,0.0,1.0
0,9,通用设备应用部门,20786755.056823026,20786755.056823026,4840181.459710275,20786755.056823026,1.0,0.0,0.002,0.0,1.0
0,10,交通运输设备应用部门,201478346.71852142,201478346.7185215,41515967.186004736,201478346.7185215,1.0,0.0,0.002,0.0,1.0
0,11,电气机械和器材应用部门,113081313.82791549,113081313.8279155,19665274.304621197,113081313.8279155,1.0,0.0,0.0020000000000000005,0.0,1.0
0,12,通信设备、计算机和其他电子设备应用部门,198827192.89618057,198827192.89618075,30308419.415743474,198827192.89618075,1.0,0.0,0.0020000000000000005,0.0,1.0
0,13,仪器仪表应用部门,18564512.393777724,18564512.393777724,4767171.5565306,18564512.393777724,1.0,0.0,0.002,0.0,1.0
1,1,化学产品原材料部门,12205014.58788285,12205014.58788285,2986354.588072125,12205014.58788285,1.0,0.0,0.004,0.0014464285714285714,1.0
1,2,非金属矿物制品原材料部门,12277953.359281374,12277953.359281374,3862110.983681375,12277953.359281374,1.0,0.0,0.004,0.001433628318584071,1.0
1,3,金属冶炼和压延加工品原材料部门,24606928.340485323,24606928.340485323,5618663.457374525,24606928.340485323,1.0,0.0,0.004,0.0014210526315789472,1.0
1,4,专用设备原材料部门,12746672.569310747,12746672.56931075,3223311.236015849,12746672.56931075,1.0,0.0,0.004,0.0014464285714285714,1.0
1,5,电气机械和器材原材料部门,1300022.9913140745,1300022.991314075,226078.98565283866,1300022.991314075,1.0,0.0,0.004,0.001433628318584071,1.0
1,6,通信设备、计算机和其他电子设备原材料部门,26542676.993288476,26542676.9932885,4046059.168321371,26542676.9932885,1.0,0.0,0.004000000000000001,0.0014594594594594596,1.0
1,7,仪器仪表原材料部门,3027315.042876223,3027315.042876225,777382.6674754896,3027315.042876225,1.0,0.0,0.004000000000000001,0.0014464285714285716,1.0
1,8,通信设备、计算机和其他电子设备制造部门,44507473.276024416,44507473.2760245,6784540.623118437,44507473.2760245,1.0,0.0,0.004,0.0014727272727272727,1.0
1,9,通用设备应用部门,20786755.056823026,20786755.056823026,4840181.459710275,20786755.056823026,1.0,0.0,0.004,0.0014594594594594594,1.0
1,10,交通运输设备应用部门,201478346.71852142,201478346.7185215,41515967.186004736,201478346.7185215,1.0,0.0,0.004,0.0014594594594594594,1.0
1,11,电气机械和器材应用部门,113081313.8279155,113081313.8279155,19665274.3046212,113081313.8279155,1.0,0.0,0.004000000000000001,0.001472727272727273,1.0
1,12,通信设备、计算机和其他电子设备应用部门,198827192.89618054,198827192.89618075,30308419.415743466,198827192.89618075,1.0,0.0,0.004000000000000001,0.0014862385321100919,1.0
1,13,仪器仪表应用部门,18564512.393777724,18564512.393777724,4767171.5565306,18564512.393777724,1.0,0.0,0.004,0.0014594594594594594,1.0
2,1,化学产品原材料部门,12205014.58788285,12205014.58788285,2986354.588072125,12205014.58788285,1.0,0.0,0.006,0.0028928571428571428,1.0
2,2,非金属矿物制品原材料部门,12277953.359281374,12277953.359281374,3862110.983681375,12277953.359281374,1.0,0.0,0.006,0.002867256637168142,1.0
2,3,金属冶炼和压延加工品原材料部门,24606928.340485323,24606928.340485323,5618663.457374525,24606928.340485323,1.0,0.0,0.006,0.0028421052631578945,1.0
2,4,专用设备原材料部门,12746672.569310747,12746672.56931075,3223311.236015849,12746672.56931075,1.0,0.0,0.006,0.0028928571428571428,1.0
2,5,电气机械和器材原材料部门,1300022.9913140745,1300022.991314075,226078.98565283866,1300022.991314075,1.0,0.0,0.006,0.002867256637168142,1.0
2,6,通信设备、计算机和其他电子设备原材料部门,26542676.993288476,26542676.9932885,4046059.168321371,26542676.9932885,1.0,0.0,0.006000000000000002,0.002918918918918919,1.0
2,7,仪器仪表原材料部门,3027315.042876223,3027315.042876225,777382.6674754896,3027315.042876225,1.0,0.0,0.006000000000000002,0.002892857142857143,1.0
2,8,通信设备、计算机和其他电子设备制造部门,44507473.276024416,44507473.2760245,6784540.623118437,44507473.2760245,1.0,0.0,0.006,0.0029454545454545454,1.0
2,9,通用设备应用部门,20786755.05682303,20786755.056823026,4840181.459710276,20786755.056823026,1.0,0.0,0.006,0.0029189189189189188,1.0
2,10,交通运输设备应用部门,201478346.71852142,201478346.7185215,41515967.186004736,201478346.7185215,1.0,0.0,0.006,0.0029189189189189188,1.0
2,11,电气机械和器材应用部门,113081313.82791553,113081313.8279155,19665274.304621205,113081313.8279155,1.0,0.0,0.006000000000000002,0.002945454545454546,1.0
2,12,通信设备、计算机和其他电子设备应用部门,198827192.89618054,198827192.89618075,30308419.415743466,198827192.89618075,1.0,0.0,0.006000000000000002,0.0029724770642201837,1.0
2,13,仪器仪表应用部门,18564512.39377773,18564512.393777724,4767171.556530602,18564512.393777724,1.0,0.0,0.006,0.0029189189189189188,1.0
3,1,化学产品原材料部门,12205014.58788285,12205014.58788285,2986354.588072125,12205014.58788285,1.0,0.0,0.008,0.004339285714285715,1.0
3,2,非金属矿物制品原材料部门,12277953.359281374,12277953.359281374,3862110.983681375,12277953.359281374,1.0,0.0,0.008,0.004300884955752213,1.0
3,3,金属冶炼和压延加工品原材料部门,24606928.340485323,24606928.340485323,5618663.457374525,24606928.340485323,1.0,0.0,0.008,0.004263157894736842,1.0
3,4,专用设备原材料部门,12746672.569310747,12746672.56931075,3223311.236015849,12746672.56931075,1.0,0.0,0.008,0.004339285714285715,1.0
3,5,电气机械和器材原材料部门,1300022.9913140745,1300022.991314075,226078.98565283866,1300022.991314075,1.0,0.0,0.008,0.004300884955752213,1.0
3,6,通信设备、计算机和其他电子设备原材料部门,26542676.993288476,26542676.9932885,4046059.168321371,26542676.9932885,1.0,0.0,0.008000000000000002,0.00437837837837838,1.0
3,7,仪器仪表原材料部门,3027315.042876223,3027315.042876225,777382.6674754896,3027315.042876225,1.0,0.0,0.008000000000000002,0.004339285714285716,1.0
3,8,通信设备、计算机和其他电子设备制造部门,44507473.276024416,44507473.2760245,6784540.623118437,44507473.2760245,1.0,0.0,0.008,0.0044181818181818185,1.0
3,9,通用设备应用部门,20786755.05682303,20786755.056823026,4840181.459710276,20786755.056823026,1.0,0.0,0.008,0.004378378378378379,1.0
3,10,交通运输设备应用部门,201478346.71852142,201478346.7185215,41515967.186004736,201478346.7185215,1.0,0.0,0.008,0.004378378378378379,1.0
3,11,电气机械和器材应用部门,113081313.82791553,113081313.8279155,19665274.304621205,113081313.8279155,1.0,0.0,0.008000000000000002,0.00441818181818182,1.0
3,12,通信设备、计算机和其他电子设备应用部门,198827192.89618054,198827192.89618075,30308419.415743466,198827192.89618075,1.0,0.0,0.008000000000000002,0.004458715596330277,1.0
3,13,仪器仪表应用部门,18564512.39377773,18564512.393777724,4767171.556530602,18564512.393777724,1.0,0.0,0.008,0.004378378378378379,1.0
4,1,化学产品原材料部门,12205014.58788285,12205014.58788285,2986354.588072125,12205014.58788285,1.0,0.0,0.01,0.0057857142857142855,1.0
4,2,非金属矿物制品原材料部门,12277953.359281374,12277953.359281374,3862110.983681375,12277953.359281374,1.0,0.0,0.01,0.005734513274336284,1.0
4,3,金属冶炼和压延加工品原材料部门,24606928.340485323,24606928.340485323,5618663.457374525,24606928.340485323,1.0,0.0,0.01,0.005684210526315789,1.0
4,4,专用设备原材料部门,12746672.569310747,12746672.56931075,3223311.236015849,12746672.56931075,1.0,0.0,0.01,0.0057857142857142855,1.0
4,5,电气机械和器材原材料部门,1300022.9913140745,1300022.991314075,226078.98565283866,1300022.991314075,1.0,0.0,0.01,0.005734513274336284,1.0
4,6,通信设备、计算机和其他电子设备原材料部门,26542676.993288476,26542676.9932885,4046059.168321371,26542676.9932885,1.0,0.0,0.010000000000000002,0.005837837837837838,1.0
4,7,仪器仪表原材料部门,3027315.042876223,3027315.042876225,777382.6674754896,3027315.042876225,1.0,0.0,0.010000000000000002,0.005785714285714286,1.0
4,8,通信设备、计算机和其他电子设备制造部门,44507473.276024416,44507473.2760245,6784540.623118437,44507473.2760245,1.0,0.0,0.01,0.005890909090909091,1.0
4,9,通用设备应用部门,20786755.05682303,20786755.056823026,4840181.459710276,20786755.056823026,1.0,0.0,0.01,0.0058378378378378375,1.0
4,10,交通运输设备应用部门,201478346.71852142,201478346.7185215,41515967.186004736,201478346.7185215,1.0,0.0,0.01,0.0058378378378378375,1.0
4,11,电气机械和器材应用部门,113081313.82791553,113081313.8279155,19665274.304621205,113081313.8279155,1.0,0.0,0.010000000000000002,0.005890909090909092,1.0
4,12,通信设备、计算机和其他电子设备应用部门,198827192.89618054,198827192.89618075,30308419.415743466,198827192.89618075,1.0,0.0,0.010000000000000002,0.005944954128440367,1.0
4,13,仪器仪表应用部门,18564512.39377773,18564512.393777724,4767171.556530602,18564512.393777724,1.0,0.0,0.01,0.0058378378378378375,1.0
5,1,化学产品原材料部门,12205014.58788285,12205014.58788285,2986354.588072125,12205014.58788285,1.0,0.0,0.012,0.007232142857142858,1.0
5,2,非金属矿物制品原材料部门,12277953.359281374,12277953.359281374,3862110.983681375,12277953.359281374,1.0,0.0,0.012,0.0071681415929203554,1.0
5,3,金属冶炼和压延加工品原材料部门,24606928.340485323,24606928.340485323,5618663.457374525,24606928.340485323,1.0,0.0,0.012,0.007105263157894737,1.0
5,4,专用设备原材料部门,12746672.569310747,12746672.56931075,3223311.236015849,12746672.56931075,1.0,0.0,0.012,0.007232142857142858,1.0
5,5,电气机械和器材原材料部门,1300022.9913140745,1300022.991314075,226078.98565283866,1300022.991314075,1.0,0.0,0.012,0.0071681415929203554,1.0
5,6,通信设备、计算机和其他电子设备原材料部门,26542676.993288476,26542676.9932885,4046059.168321371,26542676.9932885,1.0,0.0,0.012000000000000002,0.007297297297297299,1.0
5,7,仪器仪表原材料部门,3027315.042876223,3027315.042876225,777382.6674754896,3027315.042876225,1.0,0.0,0.012000000000000002,0.007232142857142859,1.0
5,8,通信设备、计算机和其他电子设备制造部门,44507473.276024416,44507473.2760245,6784540.623118437,44507473.2760245,1.0,0.0,0.012,0.007363636363636364,1.0
5,9,通用设备应用部门,20786755.05682303,20786755.056823026,4840181.459710276,20786755.056823026,1.0,0.0,0.012,0.007297297297297298,1.0
5,10,交通运输设备应用部门,201478346.71852142,201478346.7185215,41515967.186004736,201478346.7185215,1.0,0.0,0.012,0.007297297297297298,1.0
5,11,电气机械和器材应用部门,113081313.82791553,113081313.8279155,19665274.304621205,113081313.8279155,1.0,0.0,0.012000000000000002,0.007363636363636366,1.0
5,12,通信设备、计算机和其他电子设备应用部门,198827192.89618054,198827192.89618075,30308419.415743466,198827192.89618075,1.0,0.0,0.012000000000000002,0.007431192660550461,1.0
5,13,仪器仪表应用部门,18564512.39377773,18564512.393777724,4767171.556530602,18564512.393777724,1.0,0.0,0.012,0.007297297297297298,1.0
6,1,化学产品原材料部门,12205014.58788285,12205014.58788285,2986354.588072125,12205014.58788285,1.0,0.0,0.014,0.00867857142857143,1.0
6,2,非金属矿物制品原材料部门,12277953.359281374,12277953.359281374,3862110.983681375,12277953.359281374,1.0,0.0,0.014,0.008601769911504426,1.0
6,3,金属冶炼和压延加工品原材料部门,24606928.340485323,24606928.340485323,5618663.457374525,24606928.340485323,1.0,0.0,0.014,0.008526315789473684,1.0
6,4,专用设备原材料部门,12746672.569310747,12746672.56931075,3223311.236015849,12746672.56931075,1.0,0.0,0.014,0.00867857142857143,1.0
6,5,电气机械和器材原材料部门,1300022.9913140745,1300022.991314075,226078.98565283866,1300022.991314075,1.0,0.0,0.014,0.008601769911504426,1.0
6,6,通信设备、计算机和其他电子设备原材料部门,26542676.993288476,26542676.9932885,4046059.168321371,26542676.9932885,1.0,0.0,0.014000000000000002,0.008756756756756759,1.0
6,7,仪器仪表原材料部门,3027315.042876223,3027315.042876225,777382.6674754896,3027315.042876225,1.0,0.0,0.014000000000000002,0.00867857142857143,1.0
6,8,通信设备、计算机和其他电子设备制造部门,44507473.276024416,44507473.2760245,6784540.623118437,44507473.2760245,1.0,0.0,0.014,0.008836363636363637,1.0
6,9,通用设备应用部门,20786755.05682303,20786755.056823026,4840181.459710276,20786755.056823026,1.0,0.0,0.014,0.008756756756756757,1.0
6,10,交通运输设备应用部门,201478346.71852142,201478346.7185215,41515967.186004736,201478346.7185215,1.0,0.0,0.014,0.008756756756756757,1.0
6,11,电气机械和器材应用部门,113081313.82791553,113081313.8279155,19665274.304621205,113081313.8279155,1.0,0.0,0.014000000000000002,0.008836363636363639,1.0
6,12,通信设备、计算机和其他电子设备应用部门,198827192.89618054,198827192.89618075,30308419.415743466,198827192.89618075,1.0,0.0,0.014000000000000002,0.008917431192660552,1.0
6,13,仪器仪表应用部门,18564512.39377773,18564512.393777724,4767171.556530602,18564512.393777724,1.0,0.0,0.014,0.008756756756756757,1.0
7,1,化学产品原材料部门,12205014.58788285,12205014.58788285,2986354.588072125,12205014.58788285,1.0,0.0,0.016,0.010125,1.0
7,2,非金属矿物制品原材料部门,12277953.359281374,12277953.359281374,3862110.983681375,12277953.359281374,1.0,0.0,0.016,0.010035398230088498,1.0
7,3,金属冶炼和压延加工品原材料部门,24606928.340485323,24606928.340485323,5618663.457374525,24606928.340485323,1.0,0.0,0.016,0.009947368421052632,1.0
7,4,专用设备原材料部门,12746672.569310747,12746672.56931075,3223311.236015849,12746672.56931075,1.0,0.0,0.016,0.010125,1.0
7,5,电气机械和器材原材料部门,1300022.9913140745,1300022.991314075,226078.98565283866,1300022.991314075,1.0,0.0,0.016,0.010035398230088498,1.0
7,6,通信设备、计算机和其他电子设备原材料部门,26542676.993288476,26542676.9932885,4046059.168321371,26542676.9932885,1.0,0.0,0.016000000000000004,0.010216216216216217,1.0
7,7,仪器仪表原材料部门,3027315.042876223,3027315.042876225,777382.6674754896,3027315.042876225,1.0,0.0,0.016000000000000004,0.010125,1.0
7,8,通信设备、计算机和其他电子设备制造部门,44507473.276024416,44507473.2760245,6784540.623118437,44507473.2760245,1.0,0.0,0.016,0.01030909090909091,1.0
7,9,通用设备应用部门,20786755.05682303,20786755.056823026,4840181.459710276,20786755.056823026,1.0,0.0,0.016,0.010216216216216217,1.0
7,10,交通运输设备应用部门,201478346.71852142,201478346.7185215,41515967.186004736,201478346.7185215,1.0,0.0,0.016,0.010216216216216217,1.0
7,11,电气机械和器材应用部门,113081313.82791553,113081313.8279155,19665274.304621205,113081313.8279155,1.0,0.0,0.016000000000000004,0.01030909090909091,1.0
7,12,通信设备、计算机和其他电子设备应用部门,198827192.89618054,198827192.89618075,30308419.415743466,198827192.89618075,1.0,0.0,0.016000000000000004,0.010403669724770642,1.0
7,13,仪器仪表应用部门,18564512.39377773,18564512.393777724,4767171.556530602,18564512.393777724,1.0,0.0,0.016,0.010216216216216217,1.0
8,1,化学产品原材料部门,12205014.58788285,12205014.58788285,2986354.588072125,12205014.58788285,1.0,0.0,0.018000000000000002,0.011571428571428571,1.0
8,2,非金属矿物制品原材料部门,12277953.359281374,12277953.359281374,3862110.983681375,12277953.359281374,1.0,0.0,0.018000000000000002,0.011469026548672568,1.0
8,3,金属冶炼和压延加工品原材料部门,24606928.340485323,24606928.340485323,5618663.457374525,24606928.340485323,1.0,0.0,0.018000000000000002,0.011368421052631578,1.0
8,4,专用设备原材料部门,12746672.569310747,12746672.56931075,3223311.236015849,12746672.56931075,1.0,0.0,0.018000000000000002,0.011571428571428571,1.0
8,5,电气机械和器材原材料部门,1300022.9913140745,1300022.991314075,226078.98565283866,1300022.991314075,1.0,0.0,0.018000000000000002,0.011469026548672568,1.0
8,6,通信设备、计算机和其他电子设备原材料部门,26542676.993288476,26542676.9932885,4046059.168321371,26542676.9932885,1.0,0.0,0.018000000000000006,0.011675675675675677,1.0
8,7,仪器仪表原材料部门,3027315.042876223,3027315.042876225,777382.6674754896,3027315.042876225,1.0,0.0,0.018000000000000006,0.011571428571428573,1.0
8,8,通信设备、计算机和其他电子设备制造部门,44507473.276024416,44507473.2760245,6784540.623118437,44507473.2760245,1.0,0.0,0.018000000000000002,0.011781818181818181,1.0
8,9,通用设备应用部门,20786755.05682303,20786755.056823026,4840181.459710276,20786755.056823026,1.0,0.0,0.018000000000000002,0.011675675675675675,1.0
8,10,交通运输设备应用部门,201478346.71852142,201478346.7185215,41515967.186004736,201478346.7185215,1.0,0.0,0.018000000000000002,0.011675675675675675,1.0
8,11,电气机械和器材应用部门,113081313.82791553,113081313.8279155,19665274.304621205,113081313.8279155,1.0,0.0,0.018000000000000006,0.011781818181818183,1.0
8,12,通信设备、计算机和其他电子设备应用部门,198827192.89618054,198827192.89618075,30308419.415743466,198827192.89618075,1.0,0.0,0.018000000000000006,0.011889908256880735,1.0
8,13,仪器仪表应用部门,18564512.39377773,18564512.393777724,4767171.556530602,18564512.393777724,1.0,0.0,0.018000000000000002,0.011675675675675675,1.0
9,1,化学产品原材料部门,12205014.58788285,12205014.58788285,2986354.588072125,12205014.58788285,1.0,0.0,0.020000000000000004,0.013017857142857144,1.0
9,2,非金属矿物制品原材料部门,12277953.359281374,12277953.359281374,3862110.983681375,12277953.359281374,1.0,0.0,0.020000000000000004,0.012902654867256641,1.0
9,3,金属冶炼和压延加工品原材料部门,24606928.340485323,24606928.340485323,5618663.457374525,24606928.340485323,1.0,0.0,0.020000000000000004,0.012789473684210528,1.0
9,4,专用设备原材料部门,12746672.569310747,12746672.56931075,3223311.236015849,12746672.56931075,1.0,0.0,0.020000000000000004,0.013017857142857144,1.0
9,5,电气机械和器材原材料部门,1300022.9913140745,1300022.991314075,226078.98565283866,1300022.991314075,1.0,0.0,0.020000000000000004,0.012902654867256641,1.0
9,6,通信设备、计算机和其他电子设备原材料部门,26542676.993288476,26542676.9932885,4046059.168321371,26542676.9932885,1.0,0.0,0.020000000000000007,0.01313513513513514,1.0
9,7,仪器仪表原材料部门,3027315.042876223,3027315.042876225,777382.6674754896,3027315.042876225,1.0,0.0,0.020000000000000007,0.013017857142857147,1.0
9,8,通信设备、计算机和其他电子设备制造部门,44507473.276024416,44507473.2760245,6784540.623118437,44507473.2760245,1.0,0.0,0.020000000000000004,0.013254545454545456,1.0
9,9,通用设备应用部门,20786755.05682303,20786755.056823026,4840181.459710276,20786755.056823026,1.0,0.0,0.020000000000000004,0.013135135135135137,1.0
9,10,交通运输设备应用部门,201478346.71852142,201478346.7185215,41515967.186004736,201478346.7185215,1.0,0.0,0.020000000000000004,0.013135135135135137,1.0
9,11,电气机械和器材应用部门,113081313.82791553,113081313.8279155,19665274.304621205,113081313.8279155,1.0,0.0,0.020000000000000007,0.01325454545454546,1.0
9,12,通信设备、计算机和其他电子设备应用部门,198827192.89618054,198827192.89618075,30308419.415743466,198827192.89618075,1.0,0.0,0.020000000000000007,0.01337614678899083,1.0
9,13,仪器仪表应用部门,18564512.39377773,18564512.393777724,4767171.556530602,18564512.393777724,1.0,0.0,0.020000000000000004,0.013135135135135137,1.0
10,1,化学产品原材料部门,12205014.58788285,12205014.58788285,2986354.588072125,12205014.58788285,1.0,0.0,0.022000000000000006,0.014464285714285718,1.0
10,2,非金属矿物制品原材料部门,12277953.359281374,12277953.359281374,3862110.983681375,12277953.359281374,1.0,0.0,0.022000000000000006,0.014336283185840714,1.0
10,3,金属冶炼和压延加工品原材料部门,24606928.340485323,24606928.340485323,5618663.457374525,24606928.340485323,1.0,0.0,0.022000000000000006,0.014210526315789477,1.0
10,4,专用设备原材料部门,12746672.569310747,12746672.56931075,3223311.236015849,12746672.56931075,1.0,0.0,0.022000000000000006,0.014464285714285718,1.0
10,5,电气机械和器材原材料部门,1300022.9913140745,1300022.991314075,226078.98565283866,1300022.991314075,1.0,0.0,0.022000000000000006,0.014336283185840714,1.0
10,6,通信设备、计算机和其他电子设备原材料部门,26542676.993288476,26542676.9932885,4046059.168321371,26542676.9932885,1.0,0.0,0.02200000000000001,0.014594594594594598,1.0
10,7,仪器仪表原材料部门,3027315.042876223,3027315.042876225,777382.6674754896,3027315.042876225,1.0,0.0,0.02200000000000001,0.014464285714285718,1.0
10,8,通信设备、计算机和其他电子设备制造部门,44507473.276024416,44507473.2760245,6784540.623118437,44507473.2760245,1.0,0.0,0.022000000000000006,0.014727272727272731,1.0
10,9,通用设备应用部门,20786755.05682303,20786755.056823026,4840181.459710276,20786755.056823026,1.0,0.0,0.022000000000000006,0.014594594594594598,1.0
10,10,交通运输设备应用部门,201478346.71852142,201478346.7185215,41515967.186004736,201478346.7185215,1.0,0.0,0.022000000000000006,0.014594594594594598,1.0
10,11,电气机械和器材应用部门,113081313.82791553,113081313.8279155,19665274.304621205,113081313.8279155,1.0,0.0,0.02200000000000001,0.014727272727272731,1.0
10,12,通信设备、计算机和其他电子设备应用部门,198827192.89618054,198827192.89618075,30308419.415743466,198827192.89618075,1.0,0.0,0.02200000000000001,0.014862385321100922,1.0
10,13,仪器仪表应用部门,18564512.39377773,18564512.393777724,4767171.556530602,18564512.393777724,1.0,0.0,0.022000000000000006,0.014594594594594598,1.0
11,1,化学产品原材料部门,12205014.58788285,12205014.58788285,2986354.588072125,12205014.58788285,1.0,0.0,0.024000000000000007,0.01591071428571429,1.0
11,2,非金属矿物制品原材料部门,12277953.359281374,12277953.359281374,3862110.983681375,12277953.359281374,1.0,0.0,0.024000000000000007,0.015769911504424784,1.0
11,3,金属冶炼和压延加工品原材料部门,24606928.340485323,24606928.340485323,5618663.457374525,24606928.340485323,1.0,0.0,0.024000000000000007,0.015631578947368423,1.0
11,4,专用设备原材料部门,12746672.569310747,12746672.56931075,3223311.236015849,12746672.56931075,1.0,0.0,0.024000000000000007,0.01591071428571429,1.0
11,5,电气机械和器材原材料部门,1300022.9913140745,1300022.991314075,226078.98565283866,1300022.991314075,1.0,0.0,0.024000000000000007,0.015769911504424784,1.0
11,6,通信设备、计算机和其他电子设备原材料部门,26542676.993288476,26542676.9932885,4046059.168321371,26542676.9932885,1.0,0.0,0.02400000000000001,0.01605405405405406,1.0
11,7,仪器仪表原材料部门,3027315.042876223,3027315.042876225,777382.6674754896,3027315.042876225,1.0,0.0,0.02400000000000001,0.015910714285714292,1.0
11,8,通信设备、计算机和其他电子设备制造部门,44507473.276024416,44507473.2760245,6784540.623118437,44507473.2760245,1.0,0.0,0.024000000000000007,0.016200000000000003,1.0
11,9,通用设备应用部门,20786755.05682303,20786755.056823026,4840181.459710276,20786755.056823026,1.0,0.0,0.024000000000000007,0.016054054054054058,1.0
11,10,交通运输设备应用部门,201478346.71852142,201478346.7185215,41515967.186004736,201478346.7185215,1.0,0.0,0.024000000000000007,0.016054054054054058,1.0
11,11,电气机械和器材应用部门,113081313.82791553,113081313.8279155,19665274.304621205,113081313.8279155,1.0,0.0,0.02400000000000001,0.016200000000000006,1.0
11,12,通信设备、计算机和其他电子设备应用部门,198827192.89618054,198827192.89618075,30308419.415743466,198827192.89618075,1.0,0.0,0.02400000000000001,0.016348623853211015,1.0
11,13,仪器仪表应用部门,18564512.39377773,18564512.393777724,4767171.556530602,18564512.393777724,1.0,0.0,0.024000000000000007,0.016054054054054058,1.0
12,1,化学产品原材料部门,12205014.58788285,12205014.58788285,2986354.588072125,12205014.58788285,1.0,0.0,0.02600000000000001,0.017357142857142863,1.0
12,2,非金属矿物制品原材料部门,12277953.359281374,12277953.359281374,3862110.983681375,12277953.359281374,1.0,0.0,0.02600000000000001,0.01720353982300886,1.0
12,3,金属冶炼和压延加工品原材料部门,24606928.340485323,24606928.340485323,5618663.457374525,24606928.340485323,1.0,0.0,0.02600000000000001,0.017052631578947375,1.0
12,4,专用设备原材料部门,12746672.569310747,12746672.56931075,3223311.236015849,12746672.56931075,1.0,0.0,0.02600000000000001,0.017357142857142863,1.0
12,5,电气机械和器材原材料部门,1300022.9913140745,1300022.991314075,226078.98565283866,1300022.991314075,1.0,0.0,0.02600000000000001,0.01720353982300886,1.0
12,6,通信设备、计算机和其他电子设备原材料部门,26542676.993288476,26542676.9932885,4046059.168321371,26542676.9932885,1.0,0.0,0.026000000000000013,0.01751351351351352,1.0
12,7,仪器仪表原材料部门,3027315.042876223,3027315.042876225,777382.6674754896,3027315.042876225,1.0,0.0,0.026000000000000013,0.017357142857142863,1.0
12,8,通信设备、计算机和其他电子设备制造部门,44507473.276024416,44507473.2760245,6784540.623118437,44507473.2760245,1.0,0.0,0.02600000000000001,0.01767272727272728,1.0
12,9,通用设备应用部门,20786755.05682303,20786755.056823026,4840181.459710276,20786755.056823026,1.0,0.0,0.02600000000000001,0.01751351351351352,1.0
12,10,交通运输设备应用部门,201478346.71852142,201478346.7185215,41515967.186004736,201478346.7185215,1.0,0.0,0.02600000000000001,0.01751351351351352,1.0
12,11,电气机械和器材应用部门,113081313.82791553,113081313.8279155,19665274.304621205,113081313.8279155,1.0,0.0,0.026000000000000013,0.01767272727272728,1.0
12,12,通信设备、计算机和其他电子设备应用部门,198827192.89618054,198827192.89618075,30308419.415743466,198827192.89618075,1.0,0.0,0.026000000000000013,0.01783486238532111,1.0
12,13,仪器仪表应用部门,18564512.39377773,18564512.393777724,4767171.556530602,18564512.393777724,1.0,0.0,0.02600000000000001,0.01751351351351352,1.0
13,1,化学产品原材料部门,12205014.58788285,12205014.58788285,2986354.588072125,12205014.58788285,1.0,0.0,0.02800000000000001,0.018803571428571433,1.0
13,2,非金属矿物制品原材料部门,12277953.359281374,12277953.359281374,3862110.983681375,12277953.359281374,1.0,0.0,0.02800000000000001,0.018637168141592927,1.0
13,3,金属冶炼和压延加工品原材料部门,24606928.340485323,24606928.340485323,5618663.457374525,24606928.340485323,1.0,0.0,0.02800000000000001,0.01847368421052632,1.0
13,4,专用设备原材料部门,12746672.569310747,12746672.56931075,3223311.236015849,12746672.56931075,1.0,0.0,0.02800000000000001,0.018803571428571433,1.0
13,5,电气机械和器材原材料部门,1300022.9913140745,1300022.991314075,226078.98565283866,1300022.991314075,1.0,0.0,0.02800000000000001,0.018637168141592927,1.0
13,6,通信设备、计算机和其他电子设备原材料部门,26542676.993288476,26542676.9932885,4046059.168321371,26542676.9932885,1.0,0.0,0.028000000000000014,0.01897297297297298,1.0
13,7,仪器仪表原材料部门,3027315.042876223,3027315.042876225,777382.6674754896,3027315.042876225,1.0,0.0,0.028000000000000014,0.018803571428571433,1.0
13,8,通信设备、计算机和其他电子设备制造部门,44507473.276024416,44507473.2760245,6784540.623118437,44507473.2760245,1.0,0.0,0.02800000000000001,0.01914545454545455,1.0
13,9,通用设备应用部门,20786755.05682303,20786755.056823026,4840181.459710276,20786755.056823026,1.0,0.0,0.02800000000000001,0.018972972972972978,1.0
13,10,交通运输设备应用部门,201478346.71852142,201478346.7185215,41515967.186004736,201478346.7185215,1.0,0.0,0.02800000000000001,0.018972972972972978,1.0
13,11,电气机械和器材应用部门,113081313.82791553,113081313.8279155,19665274.304621205,113081313.8279155,1.0,0.0,0.028000000000000014,0.019145454545454552,1.0
13,12,通信设备、计算机和其他电子设备应用部门,198827192.89618054,198827192.89618075,30308419.415743466,198827192.89618075,1.0,0.0,0.028000000000000014,0.0193211009174312,1.0
13,13,仪器仪表应用部门,18564512.39377773,18564512.393777724,4767171.556530602,18564512.393777724,1.0,0.0,0.02800000000000001,0.018972972972972978,1.0
14,1,化学产品原材料部门,12205014.58788285,12205014.58788285,2986354.588072125,12205014.58788285,1.0,0.0,0.030000000000000013,0.020250000000000008,1.0
14,2,非金属矿物制品原材料部门,12277953.359281374,12277953.359281374,3862110.983681375,12277953.359281374,1.0,0.0,0.030000000000000013,0.020070796460177003,1.0
14,3,金属冶炼和压延加工品原材料部门,24606928.340485323,24606928.340485323,5618663.457374525,24606928.340485323,1.0,0.0,0.030000000000000013,0.01989473684210527,1.0
14,4,专用设备原材料部门,12746672.569310747,12746672.56931075,3223311.236015849,12746672.56931075,1.0,0.0,0.030000000000000013,0.020250000000000008,1.0
14,5,电气机械和器材原材料部门,1300022.9913140745,1300022.991314075,226078.98565283866,1300022.991314075,1.0,0.0,0.030000000000000013,0.020070796460177003,1.0
14,6,通信设备、计算机和其他电子设备原材料部门,26542676.993288476,26542676.9932885,4046059.168321371,26542676.9932885,1.0,0.0,0.030000000000000016,0.02043243243243244,1.0
14,7,仪器仪表原材料部门,3027315.042876223,3027315.042876225,777382.6674754896,3027315.042876225,1.0,0.0,0.030000000000000016,0.02025000000000001,1.0
14,8,通信设备、计算机和其他电子设备制造部门,44507473.276024416,44507473.2760245,6784540.623118437,44507473.2760245,1.0,0.0,0.030000000000000013,0.020618181818181824,1.0
14,9,通用设备应用部门,20786755.05682303,20786755.056823026,4840181.459710276,20786755.056823026,1.0,0.0,0.030000000000000013,0.020432432432432437,1.0
14,10,交通运输设备应用部门,201478346.71852142,201478346.7185215,41515967.186004736,201478346.7185215,1.0,0.0,0.030000000000000013,0.020432432432432437,1.0
14,11,电气机械和器材应用部门,113081313.82791553,113081313.8279155,19665274.304621205,113081313.8279155,1.0,0.0,0.030000000000000016,0.020618181818181827,1.0
14,12,通信设备、计算机和其他电子设备应用部门,198827192.89618054,198827192.89618075,30308419.415743466,198827192.89618075,1.0,0.0,0.030000000000000016,0.020807339449541294,1.0
14,13,仪器仪表应用部门,18564512.39377773,18564512.393777724,4767171.556530602,18564512.393777724,1.0,0.0,0.030000000000000013,0.020432432432432437,1.0
15,1,化学产品原材料部门,12205014.58788285,12205014.58788285,2986354.588072125,12205014.58788285,1.0,0.0,0.032000000000000015,0.021696428571428582,1.0
15,2,非金属矿物制品原材料部门,12277953.359281374,12277953.359281374,3862110.983681375,12277953.359281374,1.0,0.0,0.032000000000000015,0.021504424778761074,1.0
15,3,金属冶炼和压延加工品原材料部门,24606928.340485323,24606928.340485323,5618663.457374525,24606928.340485323,1.0,0.0,0.032000000000000015,0.02131578947368422,1.0
15,4,专用设备原材料部门,12746672.569310747,12746672.56931075,3223311.236015849,12746672.56931075,1.0,0.0,0.032000000000000015,0.021696428571428582,1.0
15,5,电气机械和器材原材料部门,1300022.9913140745,1300022.991314075,226078.98565283866,1300022.991314075,1.0,0.0,0.032000000000000015,0.021504424778761074,1.0
15,6,通信设备、计算机和其他电子设备原材料部门,26542676.993288476,26542676.9932885,4046059.168321371,26542676.9932885,1.0,0.0,0.032000000000000015,0.0218918918918919,1.0
15,7,仪器仪表原材料部门,3027315.042876223,3027315.042876225,777382.6674754896,3027315.042876225,1.0,0.0,0.032000000000000015,0.021696428571428582,1.0
15,8,通信设备、计算机和其他电子设备制造部门,44507473.276024416,44507473.2760245,6784540.623118437,44507473.2760245,1.0,0.0,0.032000000000000015,0.022090909090909102,1.0
15,9,通用设备应用部门,20786755.05682303,20786755.056823026,4840181.459710276,20786755.056823026,1.0,0.0,0.032000000000000015,0.0218918918918919,1.0
15,10,交通运输设备应用部门,201478346.71852142,201478346.7185215,41515967.186004736,201478346.7185215,1.0,0.0,0.032000000000000015,0.0218918918918919,1.0
15,11,电气机械和器材应用部门,113081313.82791553,113081313.8279155,19665274.304621205,113081313.8279155,1.0,0.0,0.032000000000000015,0.022090909090909102,1.0
15,12,通信设备、计算机和其他电子设备应用部门,198827192.89618054,198827192.89618075,30308419.415743466,198827192.89618075,1.0,0.0,0.032000000000000015,0.022293577981651387,1.0
15,13,仪器仪表应用部门,18564512.39377773,18564512.393777724,4767171.556530602,18564512.393777724,1.0,0.0,0.032000000000000015,0.0218918918918919,1.0
16,1,化学产品原材料部门,12205014.58788285,12205014.58788285,2986354.588072125,12205014.58788285,1.0,0.0,0.034000000000000016,0.023142857142857153,1.0
16,2,非金属矿物制品原材料部门,12277953.359281374,12277953.359281374,3862110.983681375,12277953.359281374,1.0,0.0,0.034000000000000016,0.022938053097345146,1.0
16,3,金属冶炼和压延加工品原材料部门,24606928.340485323,24606928.340485323,5618663.457374525,24606928.340485323,1.0,0.0,0.034000000000000016,0.022736842105263166,1.0
16,4,专用设备原材料部门,12746672.569310747,12746672.56931075,3223311.236015849,12746672.56931075,1.0,0.0,0.034000000000000016,0.023142857142857153,1.0
16,5,电气机械和器材原材料部门,1300022.9913140745,1300022.991314075,226078.98565283866,1300022.991314075,1.0,0.0,0.034000000000000016,0.022938053097345146,1.0
16,6,通信设备、计算机和其他电子设备原材料部门,26542676.993288476,26542676.9932885,4046059.168321371,26542676.9932885,1.0,0.0,0.034000000000000016,0.02335135135135136,1.0
16,7,仪器仪表原材料部门,3027315.042876223,3027315.042876225,777382.6674754896,3027315.042876225,1.0,0.0,0.034000000000000016,0.023142857142857153,1.0
16,8,通信设备、计算机和其他电子设备制造部门,44507473.276024416,44507473.2760245,6784540.623118437,44507473.2760245,1.0,0.0,0.034000000000000016,0.023563636363636373,1.0
16,9,通用设备应用部门,20786755.05682303,20786755.056823026,4840181.459710276,20786755.056823026,1.0,0.0,0.034000000000000016,0.02335135135135136,1.0
16,10,交通运输设备应用部门,201478346.71852142,201478346.7185215,41515967.186004736,201478346.7185215,1.0,0.0,0.034000000000000016,0.02335135135135136,1.0
16,11,电气机械和器材应用部门,113081313.82791553,113081313.8279155,19665274.304621205,113081313.8279155,1.0,0.0,0.034000000000000016,0.023563636363636373,1.0
16,12,通信设备、计算机和其他电子设备应用部门,198827192.89618054,198827192.89618075,30308419.415743466,198827192.89618075,1.0,0.0,0.034000000000000016,0.023779816513761477,1.0
16,13,仪器仪表应用部门,18564512.39377773,18564512.393777724,4767171.556530602,18564512.393777724,1.0,0.0,0.034000000000000016,0.02335135135135136,1.0
17,1,化学产品原材料部门,12205014.58788285,12205014.58788285,2986354.588072125,12205014.58788285,1.0,0.0,0.03600000000000002,0.024589285714285727,1.0
17,2,非金属矿物制品原材料部门,12277953.359281374,12277953.359281374,3862110.983681375,12277953.359281374,1.0,0.0,0.03600000000000002,0.02437168141592922,1.0
17,3,金属冶炼和压延加工品原材料部门,24606928.340485323,24606928.340485323,5618663.457374525,24606928.340485323,1.0,0.0,0.03600000000000002,0.024157894736842118,1.0
17,4,专用设备原材料部门,12746672.569310747,12746672.56931075,3223311.236015849,12746672.56931075,1.0,0.0,0.03600000000000002,0.024589285714285727,1.0
17,5,电气机械和器材原材料部门,1300022.9913140745,1300022.991314075,226078.98565283866,1300022.991314075,1.0,0.0,0.03600000000000002,0.02437168141592922,1.0
17,6,通信设备、计算机和其他电子设备原材料部门,26542676.993288476,26542676.9932885,4046059.168321371,26542676.9932885,1.0,0.0,0.03600000000000002,0.024810810810810824,1.0
17,7,仪器仪表原材料部门,3027315.042876223,3027315.042876225,777382.6674754896,3027315.042876225,1.0,0.0,0.03600000000000002,0.024589285714285727,1.0
17,8,通信设备、计算机和其他电子设备制造部门,44507473.276024416,44507473.2760245,6784540.623118437,44507473.2760245,1.0,0.0,0.03600000000000002,0.025036363636363648,1.0
17,9,通用设备应用部门,20786755.05682303,20786755.056823026,4840181.459710276,20786755.056823026,1.0,0.0,0.03600000000000002,0.024810810810810824,1.0
17,10,交通运输设备应用部门,201478346.71852142,201478346.7185215,41515967.186004736,201478346.7185215,1.0,0.0,0.03600000000000002,0.024810810810810824,1.0
17,11,电气机械和器材应用部门,113081313.82791553,113081313.8279155,19665274.304621205,113081313.8279155,1.0,0.0,0.03600000000000002,0.025036363636363648,1.0
17,12,通信设备、计算机和其他电子设备应用部门,198827192.89618054,198827192.89618075,30308419.415743466,198827192.89618075,1.0,0.0,0.03600000000000002,0.025266055045871573,1.0
17,13,仪器仪表应用部门,18564512.39377773,18564512.393777724,4767171.556530602,18564512.393777724,1.0,0.0,0.03600000000000002,0.024810810810810824,1.0
18,1,化学产品原材料部门,12205014.58788285,12205014.58788285,2986354.588072125,12205014.58788285,1.0,0.0,0.03800000000000002,0.0260357142857143,1.0
18,2,非金属矿物制品原材料部门,12277953.359281374,12277953.359281374,3862110.983681375,12277953.359281374,1.0,0.0,0.03800000000000002,0.025805309734513292,1.0
18,3,金属冶炼和压延加工品原材料部门,24606928.340485323,24606928.340485323,5618663.457374525,24606928.340485323,1.0,0.0,0.03800000000000002,0.025578947368421066,1.0
18,4,专用设备原材料部门,12746672.569310747,12746672.56931075,3223311.236015849,12746672.56931075,1.0,0.0,0.03800000000000002,0.0260357142857143,1.0
18,5,电气机械和器材原材料部门,1300022.9913140745,1300022.991314075,226078.98565283866,1300022.991314075,1.0,0.0,0.03800000000000002,0.025805309734513292,1.0
18,6,通信设备、计算机和其他电子设备原材料部门,26542676.993288476,26542676.9932885,4046059.168321371,26542676.9932885,1.0,0.0,0.03800000000000002,0.026270270270270284,1.0
18,7,仪器仪表原材料部门,3027315.042876223,3027315.042876225,777382.6674754896,3027315.042876225,1.0,0.0,0.03800000000000002,0.0260357142857143,1.0
18,8,通信设备、计算机和其他电子设备制造部门,44507473.276024416,44507473.2760245,6784540.623118437,44507473.2760245,1.0,0.0,0.03800000000000002,0.026509090909090923,1.0
18,9,通用设备应用部门,20786755.05682303,20786755.056823026,4840181.459710276,20786755.056823026,1.0,0.0,0.03800000000000002,0.026270270270270284,1.0
18,10,交通运输设备应用部门,201478346.71852142,201478346.7185215,41515967.186004736,201478346.7185215,1.0,0.0,0.03800000000000002,0.026270270270270284,1.0
18,11,电气机械和器材应用部门,113081313.82791553,113081313.8279155,19665274.304621205,113081313.8279155,1.0,0.0,0.03800000000000002,0.026509090909090923,1.0
18,12,通信设备、计算机和其他电子设备应用部门,198827192.89618054,198827192.89618075,30308419.415743466,198827192.89618075,1.0,0.0,0.03800000000000002,0.026752293577981666,1.0
18,13,仪器仪表应用部门,18564512.39377773,18564512.393777724,4767171.556530602,18564512.393777724,1.0,0.0,0.03800000000000002,0.026270270270270284,1.0
19,1,化学产品原材料部门,12205014.58788285,12205014.58788285,2986354.588072125,12205014.58788285,1.0,0.0,0.04000000000000002,0.02748214285714287,1.0
19,2,非金属矿物制品原材料部门,12277953.359281374,12277953.359281374,3862110.983681375,12277953.359281374,1.0,0.0,0.04000000000000002,0.027238938053097364,1.0
19,3,金属冶炼和压延加工品原材料部门,24606928.340485323,24606928.340485323,5618663.457374525,24606928.340485323,1.0,0.0,0.04000000000000002,0.027000000000000014,1.0
19,4,专用设备原材料部门,12746672.569310747,12746672.56931075,3223311.236015849,12746672.56931075,1.0,0.0,0.04000000000000002,0.02748214285714287,1.0
19,5,电气机械和器材原材料部门,1300022.9913140745,1300022.991314075,226078.98565283866,1300022.991314075,1.0,0.0,0.04000000000000002,0.027238938053097364,1.0
19,6,通信设备、计算机和其他电子设备原材料部门,26542676.993288476,26542676.9932885,4046059.168321371,26542676.9932885,1.0,0.0,0.04000000000000002,0.027729729729729743,1.0
19,7,仪器仪表原材料部门,3027315.042876223,3027315.042876225,777382.6674754896,3027315.042876225,1.0,0.0,0.04000000000000002,0.02748214285714287,1.0
19,8,通信设备、计算机和其他电子设备制造部门,44507473.276024416,44507473.2760245,6784540.623118437,44507473.2760245,1.0,0.0,0.04000000000000002,0.027981818181818198,1.0
19,9,通用设备应用部门,20786755.05682303,20786755.056823026,4840181.459710276,20786755.056823026,1.0,0.0,0.04000000000000002,0.027729729729729743,1.0
19,10,交通运输设备应用部门,201478346.71852142,201478346.7185215,41515967.186004736,201478346.7185215,1.0,0.0,0.04000000000000002,0.027729729729729743,1.0
19,11,电气机械和器材应用部门,113081313.82791553,113081313.8279155,19665274.304621205,113081313.8279155,1.0,0.0,0.04000000000000002,0.027981818181818198,1.0
19,12,通信设备、计算机和其他电子设备应用部门,198827192.89618054,198827192.89618075,30308419.415743466,198827192.89618075,1.0,0.0,0.04000000000000002,0.02823853211009176,1.0
19,13,仪器仪表应用部门,18564512.39377773,18564512.393777724,4767171.556530602,18564512.393777724,1.0,0.0,0.04000000000000002,0.027729729729729743,1.0
20,1,化学产品原材料部门,12205014.58788285,12205014.58788285,2986354.588072125,12205014.58788285,1.0,0.0,0.04200000000000002,0.028928571428571442,1.0
20,2,非金属矿物制品原材料部门,12277953.359281374,12277953.359281374,3862110.983681375,12277953.359281374,1.0,0.0,0.04200000000000002,0.028672566371681436,1.0
20,3,金属冶炼和压延加工品原材料部门,24606928.340485323,24606928.340485323,5618663.457374525,24606928.340485323,1.0,0.0,0.04200000000000002,0.02842105263157896,1.0
20,4,专用设备原材料部门,12746672.569310747,12746672.56931075,3223311.236015849,12746672.56931075,1.0,0.0,0.04200000000000002,0.028928571428571442,1.0
20,5,电气机械和器材原材料部门,1300022.9913140745,1300022.991314075,226078.98565283866,1300022.991314075,1.0,0.0,0.04200000000000002,0.028672566371681436,1.0
20,6,通信设备、计算机和其他电子设备原材料部门,26542676.993288476,26542676.9932885,4046059.168321371,26542676.9932885,1.0,0.0,0.04200000000000002,0.029189189189189203,1.0
20,7,仪器仪表原材料部门,3027315.042876223,3027315.042876225,777382.6674754896,3027315.042876225,1.0,0.0,0.04200000000000002,0.028928571428571442,1.0
20,8,通信设备、计算机和其他电子设备制造部门,44507473.276024416,44507473.2760245,6784540.623118437,44507473.2760245,1.0,0.0,0.04200000000000002,0.02945454545454547,1.0
20,9,通用设备应用部门,20786755.05682303,20786755.056823026,4840181.459710276,20786755.056823026,1.0,0.0,0.04200000000000002,0.029189189189189203,1.0
20,10,交通运输设备应用部门,201478346.71852142,201478346.7185215,41515967.186004736,201478346.7185215,1.0,0.0,0.04200000000000002,0.029189189189189203,1.0
20,11,电气机械和器材应用部门,113081313.82791553,113081313.8279155,19665274.304621205,113081313.8279155,1.0,0.0,0.04200000000000002,0.02945454545454547,1.0
20,12,通信设备、计算机和其他电子设备应用部门,198827192.89618054,198827192.89618075,30308419.415743466,198827192.89618075,1.0,0.0,0.04200000000000002,0.029724770642201852,1.0
20,13,仪器仪表应用部门,18564512.39377773,18564512.393777724,4767171.556530602,18564512.393777724,1.0,0.0,0.04200000000000002,0.029189189189189203,1.0
21,1,化学产品原材料部门,12205014.58788285,12205014.58788285,2986354.588072125,12205014.58788285,1.0,0.0,0.044000000000000025,0.030375000000000017,1.0
21,2,非金属矿物制品原材料部门,12277953.359281374,12277953.359281374,3862110.983681375,12277953.359281374,1.0,0.0,0.044000000000000025,0.03010619469026551,1.0
21,3,金属冶炼和压延加工品原材料部门,24606928.340485323,24606928.340485323,5618663.457374525,24606928.340485323,1.0,0.0,0.044000000000000025,0.029842105263157913,1.0
21,4,专用设备原材料部门,12746672.569310747,12746672.56931075,3223311.236015849,12746672.56931075,1.0,0.0,0.044000000000000025,0.030375000000000017,1.0
21,5,电气机械和器材原材料部门,1300022.9913140745,1300022.991314075,226078.98565283866,1300022.991314075,1.0,0.0,0.044000000000000025,0.03010619469026551,1.0
21,6,通信设备、计算机和其他电子设备原材料部门,26542676.993288476,26542676.9932885,4046059.168321371,26542676.9932885,1.0,0.0,0.044000000000000025,0.030648648648648667,1.0
21,7,仪器仪表原材料部门,3027315.042876223,3027315.042876225,777382.6674754896,3027315.042876225,1.0,0.0,0.044000000000000025,0.030375000000000017,1.0
21,8,通信设备、计算机和其他电子设备制造部门,44507473.276024416,44507473.2760245,6784540.623118437,44507473.2760245,1.0,0.0,0.044000000000000025,0.030927272727272744,1.0
21,9,通用设备应用部门,20786755.05682303,20786755.056823026,4840181.459710276,20786755.056823026,1.0,0.0,0.044000000000000025,0.030648648648648667,1.0
21,10,交通运输设备应用部门,201478346.71852142,201478346.7185215,41515967.186004736,201478346.7185215,1.0,0.0,0.044000000000000025,0.030648648648648667,1.0
21,11,电气机械和器材应用部门,113081313.82791553,113081313.8279155,19665274.304621205,113081313.8279155,1.0,0.0,0.044000000000000025,0.030927272727272744,1.0
21,12,通信设备、计算机和其他电子设备应用部门,198827192.89618054,198827192.89618075,30308419.415743466,198827192.89618075,1.0,0.0,0.044000000000000025,0.031211009174311945,1.0
21,13,仪器仪表应用部门,18564512.39377773,18564512.393777724,4767171.556530602,18564512.393777724,1.0,0.0,0.044000000000000025,0.030648648648648667,1.0
22,1,化学产品原材料部门,12205014.58788285,12205014.58788285,2986354.588072125,12205014.58788285,1.0,0.0,0.04600000000000003,0.03182142857142859,1.0
22,2,非金属矿物制品原材料部门,12277953.359281374,12277953.359281374,3862110.983681375,12277953.359281374,1.0,0.0,0.04600000000000003,0.03153982300884958,1.0
22,3,金属冶炼和压延加工品原材料部门,24606928.340485323,24606928.340485323,5618663.457374525,24606928.340485323,1.0,0.0,0.04600000000000003,0.03126315789473686,1.0
22,4,专用设备原材料部门,12746672.569310747,12746672.56931075,3223311.236015849,12746672.56931075,1.0,0.0,0.04600000000000003,0.03182142857142859,1.0
22,5,电气机械和器材原材料部门,1300022.9913140745,1300022.991314075,226078.98565283866,1300022.991314075,1.0,0.0,0.04600000000000003,0.03153982300884958,1.0
22,6,通信设备、计算机和其他电子设备原材料部门,26542676.993288476,26542676.9932885,4046059.168321371,26542676.9932885,1.0,0.0,0.04600000000000003,0.03210810810810813,1.0
22,7,仪器仪表原材料部门,3027315.042876223,3027315.042876225,777382.6674754896,3027315.042876225,1.0,0.0,0.04600000000000003,0.03182142857142859,1.0
22,8,通信设备、计算机和其他电子设备制造部门,44507473.276024416,44507473.2760245,6784540.623118437,44507473.2760245,1.0,0.0,0.04600000000000003,0.03240000000000002,1.0
22,9,通用设备应用部门,20786755.05682303,20786755.056823026,4840181.459710276,20786755.056823026,1.0,0.0,0.04600000000000003,0.03210810810810813,1.0
22,10,交通运输设备应用部门,201478346.71852142,201478346.7185215,41515967.186004736,201478346.7185215,1.0,0.0,0.04600000000000003,0.03210810810810813,1.0
22,11,电气机械和器材应用部门,113081313.82791553,113081313.8279155,19665274.304621205,113081313.8279155,1.0,0.0,0.04600000000000003,0.03240000000000002,1.0
22,12,通信设备、计算机和其他电子设备应用部门,198827192.89618054,198827192.89618075,30308419.415743466,198827192.89618075,1.0,0.0,0.04600000000000003,0.03269724770642204,1.0
22,13,仪器仪表应用部门,18564512.39377773,18564512.393777724,4767171.556530602,18564512.393777724,1.0,0.0,0.04600000000000003,0.03210810810810813,1.0
23,1,化学产品原材料部门,12205014.58788285,12205014.58788285,2986354.588072125,12205014.58788285,1.0,0.0,0.04800000000000003,0.03326785714285716,1.0
23,2,非金属矿物制品原材料部门,12277953.359281374,12277953.359281374,3862110.983681375,12277953.359281374,1.0,0.0,0.04800000000000003,0.03297345132743365,1.0
23,3,金属冶炼和压延加工品原材料部门,24606928.340485323,24606928.340485323,5618663.457374525,24606928.340485323,1.0,0.0,0.04800000000000003,0.03268421052631581,1.0
23,4,专用设备原材料部门,12746672.569310747,12746672.56931075,3223311.236015849,12746672.56931075,1.0,0.0,0.04800000000000003,0.03326785714285716,1.0
23,5,电气机械和器材原材料部门,1300022.9913140745,1300022.991314075,226078.98565283866,1300022.991314075,1.0,0.0,0.04800000000000003,0.03297345132743365,1.0
23,6,通信设备、计算机和其他电子设备原材料部门,26542676.993288476,26542676.9932885,4046059.168321371,26542676.9932885,1.0,0.0,0.04800000000000003,0.03356756756756758,1.0
23,7,仪器仪表原材料部门,3027315.042876223,3027315.042876225,777382.6674754896,3027315.042876225,1.0,0.0,0.04800000000000003,0.03326785714285716,1.0
23,8,通信设备、计算机和其他电子设备制造部门,44507473.276024416,44507473.2760245,6784540.623118437,44507473.2760245,1.0,0.0,0.04800000000000003,0.03387272727272729,1.0
23,9,通用设备应用部门,20786755.05682303,20786755.056823026,4840181.459710276,20786755.056823026,1.0,0.0,0.04800000000000003,0.03356756756756758,1.0
23,10,交通运输设备应用部门,201478346.71852142,201478346.7185215,41515967.186004736,201478346.7185215,1.0,0.0,0.04800000000000003,0.03356756756756758,1.0
23,11,电气机械和器材应用部门,113081313.82791553,113081313.8279155,19665274.304621205,113081313.8279155,1.0,0.0,0.04800000000000003,0.03387272727272729,1.0
23,12,通信设备、计算机和其他电子设备应用部门,198827192.89618054,198827192.89618075,30308419.415743466,198827192.89618075,1.0,0.0,0.04800000000000003,0.03418348623853213,1.0
23,13,仪器仪表应用部门,18564512.39377773,18564512.393777724,4767171.556530602,18564512.393777724,1.0,0.0,0.04800000000000003,0.03356756756756758,1.0
24,1,化学产品原材料部门,12205014.58788285,12205014.58788285,2986354.588072125,12205014.58788285,1.0,0.0,0.05000000000000003,0.03471428571428573,1.0
24,2,非金属矿物制品原材料部门,12277953.359281374,12277953.359281374,3862110.983681375,12277953.359281374,1.0,0.0,0.05000000000000003,0.034407079646017726,1.0
24,3,金属冶炼和压延加工品原材料部门,24606928.340485323,24606928.340485323,5618663.457374525,24606928.340485323,1.0,0.0,0.05000000000000003,0.03410526315789476,1.0
24,4,专用设备原材料部门,12746672.569310747,12746672.56931075,3223311.236015849,12746672.56931075,1.0,0.0,0.05000000000000003,0.03471428571428573,1.0
24,5,电气机械和器材原材料部门,1300022.9913140745,1300022.991314075,226078.98565283866,1300022.991314075,1.0,0.0,0.05000000000000003,0.034407079646017726,1.0
24,6,通信设备、计算机和其他电子设备原材料部门,26542676.993288476,26542676.9932885,4046059.168321371,26542676.9932885,1.0,0.0,0.05000000000000003,0.03502702702702705,1.0
24,7,仪器仪表原材料部门,3027315.042876223,3027315.042876225,777382.6674754896,3027315.042876225,1.0,0.0,0.05000000000000003,0.03471428571428573,1.0
24,8,通信设备、计算机和其他电子设备制造部门,44507473.276024416,44507473.2760245,6784540.623118437,44507473.2760245,1.0,0.0,0.05000000000000003,0.03534545454545457,1.0
24,9,通用设备应用部门,20786755.05682303,20786755.056823026,4840181.459710276,20786755.056823026,1.0,0.0,0.05000000000000003,0.03502702702702705,1.0
24,10,交通运输设备应用部门,201478346.71852142,201478346.7185215,41515967.186004736,201478346.7185215,1.0,0.0,0.05000000000000003,0.03502702702702705,1.0
24,11,电气机械和器材应用部门,113081313.82791553,113081313.8279155,19665274.304621205,113081313.8279155,1.0,0.0,0.05000000000000003,0.03534545454545457,1.0
24,12,通信设备、计算机和其他电子设备应用部门,198827192.89618054,198827192.89618075,30308419.415743466,198827192.89618075,1.0,0.0,0.05000000000000003,0.035669724770642224,1.0
24,13,仪器仪表应用部门,18564512.39377773,18564512.393777724,4767171.556530602,18564512.393777724,1.0,0.0,0.05000000000000003,0.03502702702702705,1.0
25,1,化学产品原材料部门,12205014.58788285,12205014.58788285,2986354.588072125,12205014.58788285,1.0,0.0,0.05200000000000003,0.0361607142857143,1.0
25,2,非金属矿物制品原材料部门,12277953.359281374,12277953.359281374,3862110.983681375,12277953.359281374,1.0,0.0,0.05200000000000003,0.035840707964601794,1.0
25,3,金属冶炼和压延加工品原材料部门,24606928.340485323,24606928.340485323,5618663.457374525,24606928.340485323,1.0,0.0,0.05200000000000003,0.0355263157894737,1.0
25,4,专用设备原材料部门,12746672.569310747,12746672.56931075,3223311.236015849,12746672.56931075,1.0,0.0,0.05200000000000003,0.0361607142857143,1.0
25,5,电气机械和器材原材料部门,1300022.9913140745,1300022.991314075,226078.98565283866,1300022.991314075,1.0,0.0,0.05200000000000003,0.035840707964601794,1.0
25,6,通信设备、计算机和其他电子设备原材料部门,26542676.993288476,26542676.9932885,4046059.168321371,26542676.9932885,1.0,0.0,0.05200000000000003,0.0364864864864865,1.0
25,7,仪器仪表原材料部门,3027315.042876223,3027315.042876225,777382.6674754896,3027315.042876225,1.0,0.0,0.05200000000000003,0.0361607142857143,1.0
25,8,通信设备、计算机和其他电子设备制造部门,44507473.276024416,44507473.2760245,6784540.623118437,44507473.2760245,1.0,0.0,0.05200000000000003,0.03681818181818183,1.0
25,9,通用设备应用部门,20786755.05682303,20786755.056823026,4840181.459710276,20786755.056823026,1.0,0.0,0.05200000000000003,0.0364864864864865,1.0
25,10,交通运输设备应用部门,201478346.71852142,201478346.7185215,41515967.186004736,201478346.7185215,1.0,0.0,0.05200000000000003,0.0364864864864865,1.0
25,11,电气机械和器材应用部门,113081313.82791553,113081313.8279155,19665274.304621205,113081313.8279155,1.0,0.0,0.05200000000000003,0.03681818181818183,1.0
25,12,通信设备、计算机和其他电子设备应用部门,198827192.89618054,198827192.89618075,30308419.415743466,198827192.89618075,1.0,0.0,0.05200000000000003,0.03715596330275231,1.0
25,13,仪器仪表应用部门,18564512.39377773,18564512.393777724,4767171.556530602,18564512.393777724,1.0,0.0,0.05200000000000003,0.0364864864864865,1.0
26,1,化学产品原材料部门,12205014.58788285,12205014.58788285,2986354.588072125,12205014.58788285,1.0,0.0,0.054000000000000034,0.037607142857142874,1.0
26,2,非金属矿物制品原材料部门,12277953.359281374,12277953.359281374,3862110.983681375,12277953.359281374,1.0,0.0,0.054000000000000034,0.03727433628318587,1.0
26,3,金属冶炼和压延加工品原材料部门,24606928.340485323,24606928.340485323,5618663.457374525,24606928.340485323,1.0,0.0,0.054000000000000034,0.03694736842105265,1.0
26,4,专用设备原材料部门,12746672.569310747,12746672.56931075,3223311.236015849,12746672.56931075,1.0,0.0,0.054000000000000034,0.037607142857142874,1.0
26,5,电气机械和器材原材料部门,1300022.9913140745,1300022.991314075,226078.98565283866,1300022.991314075,1.0,0.0,0.054000000000000034,0.03727433628318587,1.0
26,6,通信设备、计算机和其他电子设备原材料部门,26542676.993288476,26542676.9932885,4046059.168321371,26542676.9932885,1.0,0.0,0.054000000000000034,0.03794594594594596,1.0
26,7,仪器仪表原材料部门,3027315.042876223,3027315.042876225,777382.6674754896,3027315.042876225,1.0,0.0,0.054000000000000034,0.037607142857142874,1.0
26,8,通信设备、计算机和其他电子设备制造部门,44507473.276024416,44507473.2760245,6784540.623118437,44507473.2760245,1.0,0.0,0.054000000000000034,0.03829090909090911,1.0
26,9,通用设备应用部门,20786755.05682303,20786755.056823026,4840181.459710276,20786755.056823026,1.0,0.0,0.054000000000000034,0.03794594594594596,1.0
26,10,交通运输设备应用部门,201478346.71852142,201478346.7185215,41515967.186004736,201478346.7185215,1.0,0.0,0.054000000000000034,0.03794594594594596,1.0
26,11,电气机械和器材应用部门,113081313.82791553,113081313.8279155,19665274.304621205,113081313.8279155,1.0,0.0,0.054000000000000034,0.03829090909090911,1.0
26,12,通信设备、计算机和其他电子设备应用部门,198827192.89618054,198827192.89618075,30308419.415743466,198827192.89618075,1.0,0.0,0.054000000000000034,0.0386422018348624,1.0
26,13,仪器仪表应用部门,18564512.39377773,18564512.393777724,4767171.556530602,18564512.393777724,1.0,0.0,0.054000000000000034,0.03794594594594596,1.0
27,1,化学产品原材料部门,12205014.58788285,12205014.58788285,2986354.588072125,12205014.58788285,1.0,0.0,0.056000000000000036,0.03905357142857145,1.0
27,2,非金属矿物制品原材料部门,12277953.359281374,12277953.359281374,3862110.983681375,12277953.359281374,1.0,0.0,0.056000000000000036,0.038707964601769944,1.0
27,3,金属冶炼和压延加工品原材料部门,24606928.340485323,24606928.340485323,5618663.457374525,24606928.340485323,1.0,0.0,0.056000000000000036,0.0383684210526316,1.0
27,4,专用设备原材料部门,12746672.569310747,12746672.56931075,3223311.236015849,12746672.56931075,1.0,0.0,0.056000000000000036,0.03905357142857145,1.0
27,5,电气机械和器材原材料部门,1300022.9913140745,1300022.991314075,226078.98565283866,1300022.991314075,1.0,0.0,0.056000000000000036,0.038707964601769944,1.0
27,6,通信设备、计算机和其他电子设备原材料部门,26542676.993288476,26542676.9932885,4046059.168321371,26542676.9932885,1.0,0.0,0.056000000000000036,0.03940540540540543,1.0
27,7,仪器仪表原材料部门,3027315.042876223,3027315.042876225,777382.6674754896,3027315.042876225,1.0,0.0,0.056000000000000036,0.03905357142857145,1.0
27,8,通信设备、计算机和其他电子设备制造部门,44507473.276024416,44507473.2760245,6784540.623118437,44507473.2760245,1.0,0.0,0.056000000000000036,0.03976363636363639,1.0
27,9,通用设备应用部门,20786755.05682303,20786755.056823026,4840181.459710276,20786755.056823026,1.0,0.0,0.056000000000000036,0.03940540540540543,1.0
27,10,交通运输设备应用部门,201478346.71852142,201478346.7185215,41515967.186004736,201478346.7185215,1.0,0.0,0.056000000000000036,0.03940540540540543,1.0
27,11,电气机械和器材应用部门,113081313.82791553,113081313.8279155,19665274.304621205,113081313.8279155,1.0,0.0,0.056000000000000036,0.03976363636363639,1.0
27,12,通信设备、计算机和其他电子设备应用部门,198827192.89618054,198827192.89618075,30308419.415743466,198827192.89618075,1.0,0.0,0.056000000000000036,0.0401284403669725,1.0
27,13,仪器仪表应用部门,18564512.39377773,18564512.393777724,4767171.556530602,18564512.393777724,1.0,0.0,0.056000000000000036,0.03940540540540543,1.0
28,1,化学产品原材料部门,12205014.58788285,12205014.58788285,2986354.588072125,12205014.58788285,1.0,0.0,0.05800000000000004,0.04050000000000002,1.0
28,2,非金属矿物制品原材料部门,12277953.359281374,12277953.359281374,3862110.983681375,12277953.359281374,1.0,0.0,0.05800000000000004,0.04014159292035401,1.0
28,3,金属冶炼和压延加工品原材料部门,24606928.340485323,24606928.340485323,5618663.457374525,24606928.340485323,1.0,0.0,0.05800000000000004,0.03978947368421055,1.0
28,4,专用设备原材料部门,12746672.569310747,12746672.56931075,3223311.236015849,12746672.56931075,1.0,0.0,0.05800000000000004,0.04050000000000002,1.0
28,5,电气机械和器材原材料部门,1300022.9913140745,1300022.991314075,226078.98565283866,1300022.991314075,1.0,0.0,0.05800000000000004,0.04014159292035401,1.0
28,6,通信设备、计算机和其他电子设备原材料部门,26542676.993288476,26542676.9932885,4046059.168321371,26542676.9932885,1.0,0.0,0.05800000000000004,0.04086486486486489,1.0
28,7,仪器仪表原材料部门,3027315.042876223,3027315.042876225,777382.6674754896,3027315.042876225,1.0,0.0,0.05800000000000004,0.04050000000000002,1.0
28,8,通信设备、计算机和其他电子设备制造部门,44507473.276024416,44507473.2760245,6784540.623118437,44507473.2760245,1.0,0.0,0.05800000000000004,0.04123636363636366,1.0
28,9,通用设备应用部门,20786755.05682303,20786755.056823026,4840181.459710276,20786755.056823026,1.0,0.0,0.05800000000000004,0.04086486486486489,1.0
28,10,交通运输设备应用部门,201478346.71852142,201478346.7185215,41515967.186004736,201478346.7185215,1.0,0.0,0.05800000000000004,0.04086486486486489,1.0
28,11,电气机械和器材应用部门,113081313.82791553,113081313.8279155,19665274.304621205,113081313.8279155,1.0,0.0,0.05800000000000004,0.04123636363636366,1.0
28,12,通信设备、计算机和其他电子设备应用部门,198827192.89618054,198827192.89618075,30308419.415743466,198827192.89618075,1.0,0.0,0.05800000000000004,0.041614678899082595,1.0
28,13,仪器仪表应用部门,18564512.39377773,18564512.393777724,4767171.556530602,18564512.393777724,1.0,0.0,0.05800000000000004,0.04086486486486489,1.0
29,1,化学产品原材料部门,12205014.58788285,12205014.58788285,2986354.588072125,12205014.58788285,1.0,0.0,0.06000000000000004,0.0419464285714286,1.0
29,2,非金属矿物制品原材料部门,12277953.359281374,12277953.359281374,3862110.983681375,12277953.359281374,1.0,0.0,0.06000000000000004,0.04157522123893809,1.0
29,3,金属冶炼和压延加工品原材料部门,24606928.340485323,24606928.340485323,5618663.457374525,24606928.340485323,1.0,0.0,0.06000000000000004,0.0412105263157895,1.0
29,4,专用设备原材料部门,12746672.569310747,12746672.56931075,3223311.236015849,12746672.56931075,1.0,0.0,0.06000000000000004,0.0419464285714286,1.0
29,5,电气机械和器材原材料部门,1300022.9913140745,1300022.991314075,226078.98565283866,1300022.991314075,1.0,0.0,0.06000000000000004,0.04157522123893809,1.0
29,6,通信设备、计算机和其他电子设备原材料部门,26542676.993288476,26542676.9932885,4046059.168321371,26542676.9932885,1.0,0.0,0.06000000000000004,0.042324324324324356,1.0
29,7,仪器仪表原材料部门,3027315.042876223,3027315.042876225,777382.6674754896,3027315.042876225,1.0,0.0,0.06000000000000004,0.0419464285714286,1.0
29,8,通信设备、计算机和其他电子设备制造部门,44507473.276024416,44507473.2760245,6784540.623118437,44507473.2760245,1.0,0.0,0.06000000000000004,0.04270909090909094,1.0
29,9,通用设备应用部门,20786755.05682303,20786755.056823026,4840181.459710276,20786755.056823026,1.0,0.0,0.06000000000000004,0.042324324324324356,1.0
29,10,交通运输设备应用部门,201478346.71852142,201478346.7185215,41515967.186004736,201478346.7185215,1.0,0.0,0.06000000000000004,0.042324324324324356,1.0
29,11,电气机械和器材应用部门,113081313.82791553,113081313.8279155,19665274.304621205,113081313.8279155,1.0,0.0,0.06000000000000004,0.04270909090909094,1.0
29,12,通信设备、计算机和其他电子设备应用部门,198827192.89618054,198827192.89618075,30308419.415743466,198827192.89618075,1.0,0.0,0.06000000000000004,0.04310091743119269,1.0
29,13,仪器仪表应用部门,18564512.39377773,18564512.393777724,4767171.556530602,18564512.393777724,1.0,0.0,0.06000000000000004,0.042324324324324356,1.0
