H,metric,n,mean,std,year
1,task_exposure,132,0.12792191191355456,0.06239804658052214,2024
1,hiring_proxy,26,0.32919660425644237,0.14312450344800848,2024
1,text_adoption_proxy,127,1.7582752216135213,1.2964065181584392,2023
1,patent_intensity_proxy,14,0.20965346976887483,0.25386473746830374,unspecified
2,task_exposure,282,0.12255558140687917,0.07038247849708151,2024
2,hiring_proxy,27,0.36011294784727854,0.08978404780471433,2024
2,text_adoption_proxy,278,1.0015835574004945,1.046451447463919,2023
2,patent_intensity_proxy,8,0.05513201348429652,0.09215516386503068,unspecified
3,task_exposure,819,0.1509581991957862,0.08160834170427249,2024
3,hiring_proxy,165,0.37478234131371985,0.11239421697740737,2024
3,text_adoption_proxy,817,1.9373950740362673,1.4702518502000188,2023
3,patent_intensity_proxy,91,0.12255381812727165,0.2063820961517789,unspecified
4,task_exposure,39,0.10243064003836322,0.06470276871507478,2024
4,hiring_proxy,6,0.3942659234339627,0.03447756869220389,2024
4,text_adoption_proxy,40,1.6664954721455008,1.0343325284249922,2023
4,patent_intensity_proxy,2,0.022007505994616594,0.01419246252238942,unspecified
5,task_exposure,25,0.1336615741241358,0.07780595215395504,2024
5,hiring_proxy,6,0.3480433987808918,0.07050873346628517,2024
5,text_adoption_proxy,25,2.563372298130789,0.9583405264205822,2023
5,patent_intensity_proxy,0,,,unspecified
6,task_exposure,129,0.13689139500230996,0.08344997662361167,2024
6,hiring_proxy,31,0.3883353876540674,0.07158123045339364,2024
6,text_adoption_proxy,129,1.7138937107645815,1.291039492403228,2023
6,patent_intensity_proxy,11,0.15684246117628875,0.26400765650457153,unspecified
