key_path,value,source,evidence
government.role,"""GovernmentAgent""",ic_extension\data\sector_roles.yaml,role configuration; H label is a mechanism locator
government.observation[1],"""output""",ic_extension\data\sector_roles.yaml,role configuration; H label is a mechanism locator
government.observation[2],"""value_added""",ic_extension\data\sector_roles.yaml,role configuration; H label is a mechanism locator
government.observation[3],"""price""",ic_extension\data\sector_roles.yaml,role configuration; H label is a mechanism locator
government.observation[4],"""shortage""",ic_extension\data\sector_roles.yaml,role configuration; H label is a mechanism locator
government.observation[5],"""backlog""",ic_extension\data\sector_roles.yaml,role configuration; H label is a mechanism locator
government.observation[6],"""technology""",ic_extension\data\sector_roles.yaml,role configuration; H label is a mechanism locator
government.observation[7],"""edge_health""",ic_extension\data\sector_roles.yaml,role configuration; H label is a mechanism locator
government.observation[8],"""fiscal_cost""",ic_extension\data\sector_roles.yaml,role configuration; H label is a mechanism locator
government.observation[9],"""budget_remaining""",ic_extension\data\sector_roles.yaml,role configuration; H label is a mechanism locator
government.action[1],"""ai""",ic_extension\data\sector_roles.yaml,role configuration; H label is a mechanism locator
government.action[2],"""capacity""",ic_extension\data\sector_roles.yaml,role configuration; H label is a mechanism locator
government.action[3],"""rd""",ic_extension\data\sector_roles.yaml,role configuration; H label is a mechanism locator
government.action[4],"""qualification""",ic_extension\data\sector_roles.yaml,role configuration; H label is a mechanism locator
government.action[5],"""inventory""",ic_extension\data\sector_roles.yaml,role configuration; H label is a mechanism locator
government.action[6],"""edge_repair""",ic_extension\data\sector_roles.yaml,role configuration; H label is a mechanism locator
government.objective,"""weighted_value_added_and_resilience_less_shortage_and_fiscal_cost""",ic_extension\data\sector_roles.yaml,role configuration; H label is a mechanism locator
sectors[1].sector_id,1,ic_extension\data\sector_roles.yaml,role configuration; H label is a mechanism locator
sectors[1].type,"""materials""",ic_extension\data\sector_roles.yaml,role configuration; H label is a mechanism locator
sectors[1].absorption,0.55,ic_extension\data\sector_roles.yaml,role configuration; H label is a mechanism locator
sectors[1].friction,0.12,ic_extension\data\sector_roles.yaml,role configuration; H label is a mechanism locator
sectors[1].allowed_actions[1],"""price_change""",ic_extension\data\sector_roles.yaml,role configuration; H label is a mechanism locator
sectors[1].allowed_actions[2],"""capex_share""",ic_extension\data\sector_roles.yaml,role configuration; H label is a mechanism locator
sectors[1].allowed_actions[3],"""rd_share""",ic_extension\data\sector_roles.yaml,role configuration; H label is a mechanism locator
sectors[1].allowed_actions[4],"""ai_share""",ic_extension\data\sector_roles.yaml,role configuration; H label is a mechanism locator
sectors[1].allowed_actions[5],"""coordination""",ic_extension\data\sector_roles.yaml,role configuration; H label is a mechanism locator
sectors[1].allowed_actions[6],"""diversification""",ic_extension\data\sector_roles.yaml,role configuration; H label is a mechanism locator
sectors[1].plugins[1],"""qualification""",ic_extension\data\sector_roles.yaml,role configuration; H label is a mechanism locator
sectors[1].plugins[2],"""material_substitution""",ic_extension\data\sector_roles.yaml,role configuration; H label is a mechanism locator
sectors[2].sector_id,2,ic_extension\data\sector_roles.yaml,role configuration; H label is a mechanism locator
sectors[2].type,"""materials""",ic_extension\data\sector_roles.yaml,role configuration; H label is a mechanism locator
sectors[2].absorption,0.5,ic_extension\data\sector_roles.yaml,role configuration; H label is a mechanism locator
sectors[2].friction,0.13,ic_extension\data\sector_roles.yaml,role configuration; H label is a mechanism locator
sectors[2].allowed_actions[1],"""price_change""",ic_extension\data\sector_roles.yaml,role configuration; H label is a mechanism locator
sectors[2].allowed_actions[2],"""capex_share""",ic_extension\data\sector_roles.yaml,role configuration; H label is a mechanism locator
sectors[2].allowed_actions[3],"""rd_share""",ic_extension\data\sector_roles.yaml,role configuration; H label is a mechanism locator
sectors[2].allowed_actions[4],"""ai_share""",ic_extension\data\sector_roles.yaml,role configuration; H label is a mechanism locator
sectors[2].allowed_actions[5],"""coordination""",ic_extension\data\sector_roles.yaml,role configuration; H label is a mechanism locator
sectors[2].allowed_actions[6],"""diversification""",ic_extension\data\sector_roles.yaml,role configuration; H label is a mechanism locator
sectors[2].plugins[1],"""qualification""",ic_extension\data\sector_roles.yaml,role configuration; H label is a mechanism locator
sectors[2].plugins[2],"""material_substitution""",ic_extension\data\sector_roles.yaml,role configuration; H label is a mechanism locator
sectors[3].sector_id,3,ic_extension\data\sector_roles.yaml,role configuration; H label is a mechanism locator
sectors[3].type,"""materials""",ic_extension\data\sector_roles.yaml,role configuration; H label is a mechanism locator
sectors[3].absorption,0.5,ic_extension\data\sector_roles.yaml,role configuration; H label is a mechanism locator
sectors[3].friction,0.14,ic_extension\data\sector_roles.yaml,role configuration; H label is a mechanism locator
sectors[3].allowed_actions[1],"""price_change""",ic_extension\data\sector_roles.yaml,role configuration; H label is a mechanism locator
sectors[3].allowed_actions[2],"""capex_share""",ic_extension\data\sector_roles.yaml,role configuration; H label is a mechanism locator
sectors[3].allowed_actions[3],"""rd_share""",ic_extension\data\sector_roles.yaml,role configuration; H label is a mechanism locator
sectors[3].allowed_actions[4],"""ai_share""",ic_extension\data\sector_roles.yaml,role configuration; H label is a mechanism locator
sectors[3].allowed_actions[5],"""coordination""",ic_extension\data\sector_roles.yaml,role configuration; H label is a mechanism locator
sectors[3].allowed_actions[6],"""diversification""",ic_extension\data\sector_roles.yaml,role configuration; H label is a mechanism locator
sectors[3].plugins[1],"""qualification""",ic_extension\data\sector_roles.yaml,role configuration; H label is a mechanism locator
sectors[3].plugins[2],"""material_substitution""",ic_extension\data\sector_roles.yaml,role configuration; H label is a mechanism locator
sectors[4].sector_id,4,ic_extension\data\sector_roles.yaml,role configuration; H label is a mechanism locator
sectors[4].type,"""equipment""",ic_extension\data\sector_roles.yaml,role configuration; H label is a mechanism locator
sectors[4].absorption,0.6,ic_extension\data\sector_roles.yaml,role configuration; H label is a mechanism locator
sectors[4].friction,0.12,ic_extension\data\sector_roles.yaml,role configuration; H label is a mechanism locator
sectors[4].allowed_actions[1],"""price_change""",ic_extension\data\sector_roles.yaml,role configuration; H label is a mechanism locator
sectors[4].allowed_actions[2],"""capex_share""",ic_extension\data\sector_roles.yaml,role configuration; H label is a mechanism locator
sectors[4].allowed_actions[3],"""rd_share""",ic_extension\data\sector_roles.yaml,role configuration; H label is a mechanism locator
sectors[4].allowed_actions[4],"""ai_share""",ic_extension\data\sector_roles.yaml,role configuration; H label is a mechanism locator
sectors[4].allowed_actions[5],"""coordination""",ic_extension\data\sector_roles.yaml,role configuration; H label is a mechanism locator
sectors[4].allowed_actions[6],"""diversification""",ic_extension\data\sector_roles.yaml,role configuration; H label is a mechanism locator
sectors[4].plugins[1],"""equipment""",ic_extension\data\sector_roles.yaml,role configuration; H label is a mechanism locator
sectors[4].plugins[2],"""installation_lag""",ic_extension\data\sector_roles.yaml,role configuration; H label is a mechanism locator
sectors[4].plugins[3],"""maintenance""",ic_extension\data\sector_roles.yaml,role configuration; H label is a mechanism locator
sectors[5].sector_id,5,ic_extension\data\sector_roles.yaml,role configuration; H label is a mechanism locator
sectors[5].type,"""equipment""",ic_extension\data\sector_roles.yaml,role configuration; H label is a mechanism locator
sectors[5].absorption,0.55,ic_extension\data\sector_roles.yaml,role configuration; H label is a mechanism locator
sectors[5].friction,0.13,ic_extension\data\sector_roles.yaml,role configuration; H label is a mechanism locator
sectors[5].allowed_actions[1],"""price_change""",ic_extension\data\sector_roles.yaml,role configuration; H label is a mechanism locator
sectors[5].allowed_actions[2],"""capex_share""",ic_extension\data\sector_roles.yaml,role configuration; H label is a mechanism locator
sectors[5].allowed_actions[3],"""rd_share""",ic_extension\data\sector_roles.yaml,role configuration; H label is a mechanism locator
sectors[5].allowed_actions[4],"""ai_share""",ic_extension\data\sector_roles.yaml,role configuration; H label is a mechanism locator
sectors[5].allowed_actions[5],"""coordination""",ic_extension\data\sector_roles.yaml,role configuration; H label is a mechanism locator
sectors[5].allowed_actions[6],"""diversification""",ic_extension\data\sector_roles.yaml,role configuration; H label is a mechanism locator
sectors[5].plugins[1],"""equipment""",ic_extension\data\sector_roles.yaml,role configuration; H label is a mechanism locator
sectors[5].plugins[2],"""installation_lag""",ic_extension\data\sector_roles.yaml,role configuration; H label is a mechanism locator
sectors[6].sector_id,6,ic_extension\data\sector_roles.yaml,role configuration; H label is a mechanism locator
sectors[6].type,"""electronic_input""",ic_extension\data\sector_roles.yaml,role configuration; H label is a mechanism locator
sectors[6].absorption,0.6,ic_extension\data\sector_roles.yaml,role configuration; H label is a mechanism locator
sectors[6].friction,0.11,ic_extension\data\sector_roles.yaml,role configuration; H label is a mechanism locator
sectors[6].allowed_actions[1],"""price_change""",ic_extension\data\sector_roles.yaml,role configuration; H label is a mechanism locator
sectors[6].allowed_actions[2],"""capex_share""",ic_extension\data\sector_roles.yaml,role configuration; H label is a mechanism locator
sectors[6].allowed_actions[3],"""rd_share""",ic_extension\data\sector_roles.yaml,role configuration; H label is a mechanism locator
sectors[6].allowed_actions[4],"""ai_share""",ic_extension\data\sector_roles.yaml,role configuration; H label is a mechanism locator
sectors[6].allowed_actions[5],"""coordination""",ic_extension\data\sector_roles.yaml,role configuration; H label is a mechanism locator
sectors[6].allowed_actions[6],"""diversification""",ic_extension\data\sector_roles.yaml,role configuration; H label is a mechanism locator
sectors[6].plugins[1],"""design_fit""",ic_extension\data\sector_roles.yaml,role configuration; H label is a mechanism locator
sectors[6].plugins[2],"""qualification""",ic_extension\data\sector_roles.yaml,role configuration; H label is a mechanism locator
sectors[7].sector_id,7,ic_extension\data\sector_roles.yaml,role configuration; H label is a mechanism locator
sectors[7].type,"""equipment""",ic_extension\data\sector_roles.yaml,role configuration; H label is a mechanism locator
sectors[7].absorption,0.6,ic_extension\data\sector_roles.yaml,role configuration; H label is a mechanism locator
sectors[7].friction,0.12,ic_extension\data\sector_roles.yaml,role configuration; H label is a mechanism locator
sectors[7].allowed_actions[1],"""price_change""",ic_extension\data\sector_roles.yaml,role configuration; H label is a mechanism locator
sectors[7].allowed_actions[2],"""capex_share""",ic_extension\data\sector_roles.yaml,role configuration; H label is a mechanism locator
sectors[7].allowed_actions[3],"""rd_share""",ic_extension\data\sector_roles.yaml,role configuration; H label is a mechanism locator
sectors[7].allowed_actions[4],"""ai_share""",ic_extension\data\sector_roles.yaml,role configuration; H label is a mechanism locator
sectors[7].allowed_actions[5],"""coordination""",ic_extension\data\sector_roles.yaml,role configuration; H label is a mechanism locator
sectors[7].allowed_actions[6],"""diversification""",ic_extension\data\sector_roles.yaml,role configuration; H label is a mechanism locator
sectors[7].plugins[1],"""equipment""",ic_extension\data\sector_roles.yaml,role configuration; H label is a mechanism locator
sectors[7].plugins[2],"""measurement""",ic_extension\data\sector_roles.yaml,role configuration; H label is a mechanism locator
sectors[8].sector_id,8,ic_extension\data\sector_roles.yaml,role configuration; H label is a mechanism locator
sectors[8].type,"""manufacturing""",ic_extension\data\sector_roles.yaml,role configuration; H label is a mechanism locator
sectors[8].absorption,0.65,ic_extension\data\sector_roles.yaml,role configuration; H label is a mechanism locator
sectors[8].friction,0.1,ic_extension\data\sector_roles.yaml,role configuration; H label is a mechanism locator
sectors[8].allowed_actions[1],"""price_change""",ic_extension\data\sector_roles.yaml,role configuration; H label is a mechanism locator
sectors[8].allowed_actions[2],"""capex_share""",ic_extension\data\sector_roles.yaml,role configuration; H label is a mechanism locator
sectors[8].allowed_actions[3],"""rd_share""",ic_extension\data\sector_roles.yaml,role configuration; H label is a mechanism locator
sectors[8].allowed_actions[4],"""ai_share""",ic_extension\data\sector_roles.yaml,role configuration; H label is a mechanism locator
sectors[8].allowed_actions[5],"""coordination""",ic_extension\data\sector_roles.yaml,role configuration; H label is a mechanism locator
sectors[8].allowed_actions[6],"""diversification""",ic_extension\data\sector_roles.yaml,role configuration; H label is a mechanism locator
sectors[8].plugins[1],"""manufacturing""",ic_extension\data\sector_roles.yaml,role configuration; H label is a mechanism locator
sectors[8].plugins[2],"""packaging""",ic_extension\data\sector_roles.yaml,role configuration; H label is a mechanism locator
sectors[8].plugins[3],"""yield""",ic_extension\data\sector_roles.yaml,role configuration; H label is a mechanism locator
sectors[8].plugins[4],"""wip""",ic_extension\data\sector_roles.yaml,role configuration; H label is a mechanism locator
sectors[8].plugins[5],"""design_fit""",ic_extension\data\sector_roles.yaml,role configuration; H label is a mechanism locator
sectors[9].sector_id,9,ic_extension\data\sector_roles.yaml,role configuration; H label is a mechanism locator
sectors[9].type,"""application""",ic_extension\data\sector_roles.yaml,role configuration; H label is a mechanism locator
sectors[9].absorption,0.55,ic_extension\data\sector_roles.yaml,role configuration; H label is a mechanism locator
sectors[9].friction,0.11,ic_extension\data\sector_roles.yaml,role configuration; H label is a mechanism locator
sectors[9].allowed_actions[1],"""price_change""",ic_extension\data\sector_roles.yaml,role configuration; H label is a mechanism locator
sectors[9].allowed_actions[2],"""capex_share""",ic_extension\data\sector_roles.yaml,role configuration; H label is a mechanism locator
sectors[9].allowed_actions[3],"""rd_share""",ic_extension\data\sector_roles.yaml,role configuration; H label is a mechanism locator
sectors[9].allowed_actions[4],"""ai_share""",ic_extension\data\sector_roles.yaml,role configuration; H label is a mechanism locator
sectors[9].allowed_actions[5],"""coordination""",ic_extension\data\sector_roles.yaml,role configuration; H label is a mechanism locator
sectors[9].allowed_actions[6],"""diversification""",ic_extension\data\sector_roles.yaml,role configuration; H label is a mechanism locator
sectors[9].plugins[1],"""final_demand""",ic_extension\data\sector_roles.yaml,role configuration; H label is a mechanism locator
sectors[9].plugins[2],"""order_feedback""",ic_extension\data\sector_roles.yaml,role configuration; H label is a mechanism locator
sectors[10].sector_id,10,ic_extension\data\sector_roles.yaml,role configuration; H label is a mechanism locator
sectors[10].type,"""application""",ic_extension\data\sector_roles.yaml,role configuration; H label is a mechanism locator
sectors[10].absorption,0.55,ic_extension\data\sector_roles.yaml,role configuration; H label is a mechanism locator
sectors[10].friction,0.11,ic_extension\data\sector_roles.yaml,role configuration; H label is a mechanism locator
sectors[10].allowed_actions[1],"""price_change""",ic_extension\data\sector_roles.yaml,role configuration; H label is a mechanism locator
sectors[10].allowed_actions[2],"""capex_share""",ic_extension\data\sector_roles.yaml,role configuration; H label is a mechanism locator
sectors[10].allowed_actions[3],"""rd_share""",ic_extension\data\sector_roles.yaml,role configuration; H label is a mechanism locator
sectors[10].allowed_actions[4],"""ai_share""",ic_extension\data\sector_roles.yaml,role configuration; H label is a mechanism locator
sectors[10].allowed_actions[5],"""coordination""",ic_extension\data\sector_roles.yaml,role configuration; H label is a mechanism locator
sectors[10].allowed_actions[6],"""diversification""",ic_extension\data\sector_roles.yaml,role configuration; H label is a mechanism locator
sectors[10].plugins[1],"""final_demand""",ic_extension\data\sector_roles.yaml,role configuration; H label is a mechanism locator
sectors[10].plugins[2],"""order_feedback""",ic_extension\data\sector_roles.yaml,role configuration; H label is a mechanism locator
sectors[11].sector_id,11,ic_extension\data\sector_roles.yaml,role configuration; H label is a mechanism locator
sectors[11].type,"""application""",ic_extension\data\sector_roles.yaml,role configuration; H label is a mechanism locator
sectors[11].absorption,0.6,ic_extension\data\sector_roles.yaml,role configuration; H label is a mechanism locator
sectors[11].friction,0.1,ic_extension\data\sector_roles.yaml,role configuration; H label is a mechanism locator
sectors[11].allowed_actions[1],"""price_change""",ic_extension\data\sector_roles.yaml,role configuration; H label is a mechanism locator
sectors[11].allowed_actions[2],"""capex_share""",ic_extension\data\sector_roles.yaml,role configuration; H label is a mechanism locator
sectors[11].allowed_actions[3],"""rd_share""",ic_extension\data\sector_roles.yaml,role configuration; H label is a mechanism locator
sectors[11].allowed_actions[4],"""ai_share""",ic_extension\data\sector_roles.yaml,role configuration; H label is a mechanism locator
sectors[11].allowed_actions[5],"""coordination""",ic_extension\data\sector_roles.yaml,role configuration; H label is a mechanism locator
sectors[11].allowed_actions[6],"""diversification""",ic_extension\data\sector_roles.yaml,role configuration; H label is a mechanism locator
sectors[11].plugins[1],"""final_demand""",ic_extension\data\sector_roles.yaml,role configuration; H label is a mechanism locator
sectors[11].plugins[2],"""order_feedback""",ic_extension\data\sector_roles.yaml,role configuration; H label is a mechanism locator
sectors[12].sector_id,12,ic_extension\data\sector_roles.yaml,role configuration; H label is a mechanism locator
sectors[12].type,"""application""",ic_extension\data\sector_roles.yaml,role configuration; H label is a mechanism locator
sectors[12].absorption,0.65,ic_extension\data\sector_roles.yaml,role configuration; H label is a mechanism locator
sectors[12].friction,0.09,ic_extension\data\sector_roles.yaml,role configuration; H label is a mechanism locator
sectors[12].allowed_actions[1],"""price_change""",ic_extension\data\sector_roles.yaml,role configuration; H label is a mechanism locator
sectors[12].allowed_actions[2],"""capex_share""",ic_extension\data\sector_roles.yaml,role configuration; H label is a mechanism locator
sectors[12].allowed_actions[3],"""rd_share""",ic_extension\data\sector_roles.yaml,role configuration; H label is a mechanism locator
sectors[12].allowed_actions[4],"""ai_share""",ic_extension\data\sector_roles.yaml,role configuration; H label is a mechanism locator
sectors[12].allowed_actions[5],"""coordination""",ic_extension\data\sector_roles.yaml,role configuration; H label is a mechanism locator
sectors[12].allowed_actions[6],"""diversification""",ic_extension\data\sector_roles.yaml,role configuration; H label is a mechanism locator
sectors[12].plugins[1],"""final_demand""",ic_extension\data\sector_roles.yaml,role configuration; H label is a mechanism locator
sectors[12].plugins[2],"""ai_demand""",ic_extension\data\sector_roles.yaml,role configuration; H label is a mechanism locator
sectors[12].plugins[3],"""order_feedback""",ic_extension\data\sector_roles.yaml,role configuration; H label is a mechanism locator
sectors[13].sector_id,13,ic_extension\data\sector_roles.yaml,role configuration; H label is a mechanism locator
sectors[13].type,"""application""",ic_extension\data\sector_roles.yaml,role configuration; H label is a mechanism locator
sectors[13].absorption,0.55,ic_extension\data\sector_roles.yaml,role configuration; H label is a mechanism locator
sectors[13].friction,0.11,ic_extension\data\sector_roles.yaml,role configuration; H label is a mechanism locator
sectors[13].allowed_actions[1],"""price_change""",ic_extension\data\sector_roles.yaml,role configuration; H label is a mechanism locator
sectors[13].allowed_actions[2],"""capex_share""",ic_extension\data\sector_roles.yaml,role configuration; H label is a mechanism locator
sectors[13].allowed_actions[3],"""rd_share""",ic_extension\data\sector_roles.yaml,role configuration; H label is a mechanism locator
sectors[13].allowed_actions[4],"""ai_share""",ic_extension\data\sector_roles.yaml,role configuration; H label is a mechanism locator
sectors[13].allowed_actions[5],"""coordination""",ic_extension\data\sector_roles.yaml,role configuration; H label is a mechanism locator
sectors[13].allowed_actions[6],"""diversification""",ic_extension\data\sector_roles.yaml,role configuration; H label is a mechanism locator
sectors[13].plugins[1],"""final_demand""",ic_extension\data\sector_roles.yaml,role configuration; H label is a mechanism locator
sectors[13].plugins[2],"""order_feedback""",ic_extension\data\sector_roles.yaml,role configuration; H label is a mechanism locator
