task_id,variant,n_seeds,final_output_mean,final_output_sd,final_value_added_mean,final_value_added_sd,final_shortage_mean,final_shortage_sd,final_service_rate_mean,final_service_rate_sd,final_price_index_mean,final_price_index_sd,final_supplier_hhi_mean,final_supplier_hhi_sd,fiscal_cost_mean,fiscal_cost_sd,cumulative_output_loss_mean,cumulative_output_loss_sd,peak_shortage_mean,peak_shortage_sd
ic_e1,baseline_low_ai,3,689952178.0536817,0.0,128621515.6323223,0.0,0.0,0.0,1.0,0.0,1.0,0.0,0.3333333333333333,0.0,0.0,0.0,7.152557373046875e-06,0.0,0.0,0.0
ic_e1,high_ai_low_absorption,3,689952178.0536817,0.0,128621515.63232231,0.0,0.0,0.0,1.0,0.0,1.0,0.0,0.3333333333333333,0.0,0.0,0.0,7.152557373046875e-06,0.0,0.0,0.0
ic_e1,high_ai_high_absorption,3,689952178.0536817,0.0,128621515.63232231,0.0,0.0,0.0,1.0,0.0,1.0,0.0,0.3333333333333333,0.0,0.0,0.0,7.152557373046875e-06,0.0,0.0,0.0
ic_e2,conventional_forecast,3,678987410.9086312,2582163.046018993,126625772.45864125,484186.9975940241,11227935.183403611,2220011.930951102,0.9837325989947964,0.0032199058197693686,1.0,0.0,0.3333333333333333,0.0,0.0,0.0,254088935.7153741,32960841.270673946,20513174.029704962,2283011.679709575
ic_e2,ai_independent_forecast,3,682539622.2647628,2407261.4503589957,127275597.31601886,390164.29744570435,8919860.160205025,3062325.757151317,0.9871032823215113,0.004417991019158892,1.0,0.0,0.3333333333333333,0.0,0.0,0.0,243238000.4826533,25088372.55222097,19131680.005564105,2630873.203751908
ic_e2,ai_shared_model_forecast,3,666855101.8933897,9854943.312968312,124369013.87316604,1827967.6040499073,19277968.63913146,7578726.850880104,0.9718816388172457,0.011136314148216513,1.0,0.0,0.3333333333333333,0.0,0.0,0.0,239211196.5822389,66803946.867766604,31695375.347318273,5546787.66979387
ic_e3,rd_without_ai_complement,3,689952178.0536817,0.0,128621515.63232231,0.0,0.0,0.0,1.0,0.0,1.0,0.0,0.3333333333333333,0.0,0.0,0.0,7.152557373046875e-06,0.0,0.0,0.0
ic_e3,moderate_ai_rd_complement,3,689952178.0536817,0.0,128621515.63232231,0.0,0.0,0.0,1.0,0.0,1.0,0.0,0.3333333333333333,0.0,0.0,0.0,7.152557373046875e-06,0.0,0.0,0.0
ic_e3,strong_ai_rd_complement,3,689952178.0536817,0.0,128621515.63232231,0.0,0.0,0.0,1.0,0.0,1.0,0.0,0.3333333333333333,0.0,0.0,0.0,7.152557373046875e-06,0.0,0.0,0.0
ic_e4,proportional_allocation,3,689952178.0536816,0.0,128621515.63232227,1.8250120749944284e-08,0.0,0.0,1.0,0.0,1.0,0.0,0.3334747428956905,0.0,0.0,0.0,1.0609626770019531e-05,0.0,0.0,0.0
ic_e4,moderate_ai_allocation,3,689952178.0536817,0.0,128621515.6323223,0.0,0.0,0.0,1.0,0.0,1.0,0.0,0.3563128151924581,6.798699777552591e-17,0.0,0.0,7.152557373046875e-06,0.0,0.0,0.0
ic_e4,strong_ai_allocation,3,580427093.7727767,0.0,108192869.56901716,0.0,150807621.73354104,0.0,0.7937630438230142,1.3597399555105182e-16,1.0,0.0,0.4629037282479536,0.0,0.0,0.0,3186989455.514871,0.0,152982495.20118287,0.0
ic_e5,no_ai_demand_shock,3,689952178.0536817,0.0,128621515.6323223,0.0,0.0,0.0,1.0,0.0,0.9999999999999994,1.3597399555105182e-16,0.3333333333333333,0.0,0.0,0.0,7.152557373046875e-06,0.0,0.0,0.0
ic_e5,moderate_ai_demand,3,691950064.7111261,0.0,128927256.61827476,0.0,110426752.63912368,0.0,0.8623754447395497,0.0,1.1287009769822336,0.0,0.3333333333333333,0.0,0.0,0.0,3.5762786865234375e-07,0.0,110426752.63912368,0.0
ic_e5,high_ai_demand,3,694665048.8372257,0.0,129342707.0919413,0.0,300596075.6595254,0.0,0.6979726543508665,1.3597399555105182e-16,1.3694855754519304,0.0,0.3333333333333333,0.0,0.0,0.0,3.5762786865234375e-07,0.0,300596075.6595254,0.0
ic_r1,short_capacity_lag,3,689952178.0536817,0.0,128621515.63232231,0.0,0.0,0.0,1.0,0.0,1.0267167103591963,0.0,0.3333333333333333,0.0,0.0,0.0,1.3113021850585938e-06,0.0,44500385.08637521,0.0
ic_r1,benchmark_lag,3,689952178.0536817,0.0,128621515.63232231,0.0,0.0,0.0,1.0,0.0,1.0269607533896166,0.0,0.3333333333333333,0.0,0.0,0.0,1.3113021850585938e-06,0.0,44821026.01577846,9.125060374972142e-09
ic_r1,long_capacity_lag,3,689952178.053682,0.0,128621515.63232233,0.0,0.0,0.0,1.0,0.0,1.0270708789811982,0.0,0.3333333333333333,0.0,0.0,0.0,1.0728836059570312e-06,0.0,44842570.38477556,9.125060374972142e-09
ic_r2,balanced_ai_absorption,3,689952178.0536817,0.0,128621515.63232231,0.0,0.0,0.0,1.0,0.0,1.0,0.0,0.3333333333333333,0.0,0.0,0.0,7.152557373046875e-06,0.0,0.0,0.0
ic_r2,front_end_ai_low_absorption,3,689952178.0536817,0.0,128621515.63232231,0.0,0.0,0.0,1.0,0.0,1.0,0.0,0.3333333333333333,0.0,0.0,0.0,7.152557373046875e-06,0.0,0.0,0.0
ic_r2,mismatch_with_coordination,3,689952178.0536817,0.0,128621515.63232231,0.0,0.0,0.0,1.0,0.0,1.0,0.0,0.3333333333333333,0.0,0.0,0.0,7.152557373046875e-06,0.0,0.0,0.0
ic_r3,diversified_models,3,676345642.266344,4678151.495322007,126132317.21819617,744654.6116854564,16651936.345608065,5823942.873081274,0.9759813720824634,0.00837095457014652,1.0,0.0,0.3333333333333333,0.0,0.0,0.0,428141825.9429552,43412203.01924293,32012229.733032912,4354695.552915224
ic_r3,moderate_common_model,3,663934627.823049,7620785.166344016,123883864.0854872,1462438.8343215196,23302022.266067754,4665064.03666318,0.9660733155167732,0.006926788582847754,1.0,0.0,0.3333333333333333,0.0,0.0,0.0,420372669.14729995,83996985.59073286,40260085.81198289,4583882.985014541
ic_r3,highly_homogeneous_models,3,650340157.5084579,18410381.207752723,121302632.95463157,3399521.734506333,33228998.969830897,13870717.552982107,0.9513071801379015,0.020609974016664943,1.0,0.0,0.3333333333333333,0.0,0.0,0.0,404256324.6709342,115497855.92466858,54789318.533323735,9136396.687032979
ic_r4,heterogeneous_procurement,3,689952178.0536816,0.0,128621515.63232227,1.8250120749944284e-08,0.0,0.0,1.0,0.0,1.0,0.0,0.3334747428956905,0.0,0.0,0.0,1.0609626770019531e-05,0.0,0.0,0.0
ic_r4,moderate_ai_herding,3,661311410.4471942,0.0,123279034.16461675,0.0,39435938.36805284,0.0,0.9437230287761516,0.0,1.0675251396803112,0.0,0.3908814832968292,0.0,0.0,0.0,834188553.7416182,0.0,40281404.81333448,0.0
ic_r4,strong_ai_herding,3,519346684.01081294,0.0,96801926.32929884,0.0,234911535.19842696,0.0,0.6885528989396198,1.3597399555105182e-16,1.5793401270798009,0.0,0.5750495354421402,0.0,0.0,0.0,4958477071.95908,0.0,236346843.30585933,0.0
ic_r5,balanced_ai,3,689952178.0536817,0.0,128621515.63232231,0.0,0.0,0.0,1.0,0.0,0.9999999999999994,1.3597399555105182e-16,0.3368110793534162,0.0,0.0,0.0,7.152557373046875e-06,0.0,0.0,0.0
ic_r5,core_sector_ai_advantage,3,540295414.9311057,0.0,100708530.66120972,0.0,206066368.5466459,0.0,0.7239055193225631,0.0,1.8440426790541402,0.0,0.5182620613879666,0.0,0.0,0.0,4352136588.699984,0.0,208149312.77941188,0.0
ic_r5,core_advantage_high_markup,3,540295414.9311057,0.0,100708530.66120972,0.0,206066368.5466459,0.0,0.7239055193225631,0.0,2.855727283284121,0.0,0.5182620613879666,0.0,0.0,0.0,4352136588.699984,0.0,208149312.77941188,0.0
ic_g1,uniform,3,689952178.0536817,0.0,128621515.63232231,0.0,0.0,0.0,1.0,0.0,1.0,0.0,0.3333333333333333,0.0,3449760.89026841,0.0,7.152557373046875e-06,0.0,0.0,0.0
ic_g1,output_scale,3,689952178.0536817,0.0,128621515.63232231,0.0,0.0,0.0,1.0,0.0,1.0,0.0,0.3333333333333333,0.0,3449760.89026841,0.0,7.152557373046875e-06,0.0,0.0,0.0
ic_g1,ai_gap,3,689952178.0536817,0.0,128621515.63232231,0.0,0.0,0.0,1.0,0.0,1.0,0.0,0.3333333333333333,0.0,3449760.89026841,0.0,7.152557373046875e-06,0.0,0.0,0.0
ic_g1,backward_linkage,3,689952178.0536817,0.0,128621515.63232231,0.0,0.0,0.0,1.0,0.0,1.0,0.0,0.3333333333333333,0.0,3449760.89026841,0.0,7.152557373046875e-06,0.0,0.0,0.0
ic_g1,linkage_stress_proxy,3,689952178.0536817,0.0,128621515.63232231,0.0,0.0,0.0,1.0,0.0,1.0,0.0,0.3333333333333333,0.0,3449760.89026841,0.0,7.152557373046875e-06,0.0,0.0,0.0
ic_g2,ai_only,3,689952178.0536817,0.0,128621515.63232231,0.0,0.0,0.0,1.0,0.0,1.0,0.0,0.3333333333333333,0.0,6899521.78053682,0.0,1.3113021850585938e-06,0.0,29709716.61016926,0.0
ic_g2,physical_only,3,689952178.0536817,0.0,128621515.63232231,0.0,0.0,0.0,1.0,0.0,1.0,0.0,0.3333333333333333,0.0,6899521.78053682,0.0,1.430511474609375e-06,0.0,29574987.14508156,0.0
ic_g2,coordinated_mix,3,689952178.0536817,0.0,128621515.63232231,0.0,0.0,0.0,1.0,0.0,1.0,0.0,0.3333333333333333,0.0,6899521.78053682,0.0,1.430511474609375e-06,0.0,29611859.485858604,0.0
ic_g3,low_verifiability,3,689952178.053682,0.0,128621515.63232236,1.8250120749944284e-08,0.0,0.0,1.0,0.0,1.0,0.0,0.3333333333333333,0.0,3449760.89026841,0.0,35605978.62082088,0.0,12222641.618053129,0.0
ic_g3,medium_verifiability,3,689952178.053682,0.0,128621515.63232236,1.8250120749944284e-08,0.0,0.0,1.0,0.0,1.0,0.0,0.3333333333333333,0.0,3449760.89026841,0.0,35605978.62082088,0.0,12222641.618053129,0.0
ic_g3,high_verifiability,3,689952178.053682,0.0,128621515.63232236,1.8250120749944284e-08,0.0,0.0,1.0,0.0,1.0,0.0,0.3333333333333333,0.0,3449760.89026841,0.0,35605978.62082088,0.0,12222641.618053129,0.0
ic_g4,inventory_buffer_bias,3,689952178.0536817,0.0,128621515.6323223,0.0,0.0,0.0,1.0,0.0,1.0,0.0,0.3333333333333333,0.0,3449760.89026841,0.0,15296007.083174944,0.0,5137436.164686542,0.0
ic_g4,joint_verification_bias,3,689952178.0536817,0.0,128621515.6323223,0.0,0.0,0.0,1.0,0.0,1.0,0.0,0.3333333333333333,0.0,3449760.89026841,0.0,15296007.083174944,0.0,5137436.164686542,0.0
ic_g4,recovery_bias,3,689952178.0536817,0.0,128621515.6323223,0.0,0.0,0.0,1.0,0.0,1.0,0.0,0.3333333333333333,0.0,3449760.89026841,0.0,15296007.083174944,0.0,5137436.164686542,0.0
ic_g4,balanced_adaptive,3,689952178.0536817,0.0,128621515.6323223,0.0,0.0,0.0,1.0,0.0,1.0,0.0,0.3333333333333333,0.0,3449760.89026841,0.0,15296007.083174944,0.0,5137436.164686542,0.0
ic_g5,ai_department_only,3,689952178.0536817,0.0,128621515.63232231,0.0,0.0,0.0,1.0,0.0,1.0,0.0,0.3333333333333333,0.0,6899521.78053682,0.0,44448230.05080044,0.0,12284315.578703089,0.0
ic_g5,industry_department_only,3,689952178.0536817,0.0,128621515.63232231,0.0,0.0,0.0,1.0,0.0,1.0,0.0,0.3333333333333333,0.0,6899521.78053682,1.1406325468715177e-09,44398641.700163126,0.0,12226563.977585383,0.0
ic_g5,science_department_only,3,689952178.0536817,0.0,128621515.63232231,0.0,0.0,0.0,1.0,0.0,1.0,0.0,0.3333333333333333,0.0,6899521.78053682,0.0,44464948.582226634,0.0,12292870.85964883,2.2812650937430355e-09
ic_g5,fixed_uncoordinated_mix,3,689952178.0536817,0.0,128621515.63232231,0.0,0.0,0.0,1.0,0.0,1.0,0.0,0.3333333333333333,0.0,6899521.78053682,1.1406325468715177e-09,44424485.03157854,0.0,12255101.181659112,2.2812650937430355e-09
ic_g5,structured_adaptive_mix,3,689952178.0536817,0.0,128621515.63232231,0.0,0.0,0.0,1.0,0.0,1.0,0.0,0.3333333333333333,0.0,6899521.78053682,0.0,44445292.04119706,0.0,12278717.537154714,2.2812650937430355e-09
