case,policy,reference,metric,n_seeds,mean_paired_difference,min_paired_difference,max_paired_difference
base,demand_tracking,rule,cumulative_value_added,10,555578.1742305278,510893.2015275955,594663.8745479584
base,demand_tracking,rule,cumulative_shortage,10,225612244.1539672,207466324.39126432,241484380.5552166
base,demand_tracking,rule,cumulative_welfare,10,-44566870.65656285,-47702212.236495495,-40982371.67672491
base,demand_tracking,rule,cumulative_final_shortage,10,154771524.9971468,142987423.453839,165024863.303167
base,demand_tracking,rule,cumulative_final_delivered,10,-154771524.99714643,-165024863.30316544,-142987423.45383835
base,demand_tracking,rule,final_fill_rate,10,-0.016446234830286212,-0.017506363742893938,-0.015224499932681601
base,demand_tracking,rule,mean_service_rate,10,-0.009702295522634486,-0.010306421831959067,-0.009003402011453665
base,demand_tracking,rule,terminal_output,10,17.775727581977844,16.346031546592712,19.026274800300598
base,demand_tracking,rule,fiscal_spend,10,0.0,0.0,0.0
base,demand_tracking,rule,private_spend,10,4583704.330885185,4215038.475376769,4906174.33084298
base,demand_tracking,rule,terminal_ai_effective_mean,10,0.0,0.0,0.0
base,demand_tracking,rule,terminal_technology_mean,10,0.0,0.0,0.0
base,demand_tracking,rule,terminal_edge_health_mean,10,-5.402460301340284e-08,-5.744430897625108e-08,-5.0077030078199414e-08
base,buffered_smoothing,rule,cumulative_value_added,10,75125.30937571525,69083.00506210327,80410.47978878021
base,buffered_smoothing,rule,cumulative_shortage,10,45515298.268557236,41854517.56290966,48717363.055294454
base,buffered_smoothing,rule,cumulative_welfare,10,-9027934.344335746,-9663062.131270409,-8301820.507519722
base,buffered_smoothing,rule,cumulative_final_shortage,10,31759985.351312034,29312972.85926032,33891708.13985258
base,buffered_smoothing,rule,cumulative_final_delivered,10,-31759985.351311874,-33891708.13985062,-29312972.85926056
base,buffered_smoothing,rule,final_fill_rate,10,-0.0033748580342222055,-0.0035953404759029306,-0.003121081159047412
base,buffered_smoothing,rule,mean_service_rate,10,-0.0019832715550586965,-0.0021084310581467314,-0.0018386532551821766
base,buffered_smoothing,rule,terminal_output,10,0.00011938810348510742,0.00010979175567626953,0.0001277923583984375
base,buffered_smoothing,rule,fiscal_spend,10,0.0,0.0,0.0
base,buffered_smoothing,rule,private_spend,10,920000.4486310687,846005.1103677945,984723.7647996722
base,buffered_smoothing,rule,terminal_ai_effective_mean,10,0.0,0.0,0.0
base,buffered_smoothing,rule,terminal_technology_mean,10,0.0,0.0,0.0
base,buffered_smoothing,rule,terminal_edge_health_mean,10,-6.737029345504908e-09,-7.182946126782497e-09,-6.224249116115743e-09
import_intermediate_first,demand_tracking,rule,cumulative_value_added,10,457330.54197649955,420547.59453105927,489504.3841805458
import_intermediate_first,demand_tracking,rule,cumulative_shortage,10,206551393.56130907,189938531.84144545,221082572.50847596
import_intermediate_first,demand_tracking,rule,cumulative_welfare,10,-40852948.17028532,-43727010.11751461,-37567158.773757935
import_intermediate_first,demand_tracking,rule,cumulative_final_shortage,10,147104410.68884128,135922662.4828561,156832957.49260634
import_intermediate_first,demand_tracking,rule,cumulative_final_delivered,10,-147104410.68884125,-156832957.49260712,-135922662.48285484
import_intermediate_first,demand_tracking,rule,final_fill_rate,10,-0.014401026521526816,-0.015327085650057026,-0.013333654992605304
import_intermediate_first,demand_tracking,rule,mean_service_rate,10,-0.008807936735652533,-0.009351419868752542,-0.008178664788882628
import_intermediate_first,demand_tracking,rule,terminal_output,10,2.9505756735801696,2.7132619619369507,3.1581528186798096
import_intermediate_first,demand_tracking,rule,fiscal_spend,10,0.0,0.0,0.0
import_intermediate_first,demand_tracking,rule,private_spend,10,4189831.9889235497,3852845.1583757885,4484592.519655775
import_intermediate_first,demand_tracking,rule,terminal_ai_effective_mean,10,0.0,0.0,0.0
import_intermediate_first,demand_tracking,rule,terminal_technology_mean,10,0.0,0.0,0.0
import_intermediate_first,demand_tracking,rule,terminal_edge_health_mean,10,-4.8716045741858946e-08,-5.1790265409579206e-08,-4.516657048370121e-08
import_intermediate_first,buffered_smoothing,rule,cumulative_value_added,10,64388.47447018624,59209.73031234741,68918.29355573654
import_intermediate_first,buffered_smoothing,rule,cumulative_shortage,10,43804632.36329214,40281439.9626323,46886349.414970875
import_intermediate_first,buffered_smoothing,rule,cumulative_welfare,10,-8696537.998188257,-9308351.589438915,-7997078.262214184
import_intermediate_first,buffered_smoothing,rule,cumulative_final_shortage,10,31671063.552011997,29239525.375222147,33788759.24456054
import_intermediate_first,buffered_smoothing,rule,cumulative_final_delivered,10,-31671063.55201168,-33788759.24456024,-29239525.375221252
import_intermediate_first,buffered_smoothing,rule,final_fill_rate,10,-0.003100489200795797,-0.0033021325060133,-0.0028683203843943295
import_intermediate_first,buffered_smoothing,rule,mean_service_rate,10,-0.001891426890918224,-0.002009637021606725,-0.0017547137299623872
import_intermediate_first,buffered_smoothing,rule,terminal_output,10,2.5320053100585938e-05,2.3245811462402344e-05,2.7179718017578125e-05
import_intermediate_first,buffered_smoothing,rule,fiscal_spend,10,0.0,0.0,0.0
import_intermediate_first,buffered_smoothing,rule,private_spend,10,884386.3560119614,813255.4476891318,946604.1710364278
import_intermediate_first,buffered_smoothing,rule,terminal_ai_effective_mean,10,0.0,0.0,0.0
import_intermediate_first,buffered_smoothing,rule,terminal_technology_mean,10,0.0,0.0,0.0
import_intermediate_first,buffered_smoothing,rule,terminal_edge_health_mean,10,-6.613093239682399e-09,-7.04776503823723e-09,-6.1129322714847945e-09
import_final_first,demand_tracking,rule,cumulative_value_added,10,756340.2386419773,695508.0380883217,809549.830517292
import_final_first,demand_tracking,rule,cumulative_shortage,10,257471079.444665,236762763.8727895,275584529.39347976
import_final_first,demand_tracking,rule,cumulative_welfare,10,-50737875.65029111,-54307356.04817915,-46657044.73646927
import_final_first,demand_tracking,rule,cumulative_final_shortage,10,159825385.52946654,147595598.15438053,170469747.63985857
import_final_first,demand_tracking,rule,cumulative_final_delivered,10,-159825385.52946663,-170469747.63985825,-147595598.1543808
import_final_first,demand_tracking,rule,final_fill_rate,10,-0.020062603888301844,-0.02136519758031219,-0.018562175093293276
import_final_first,demand_tracking,rule,mean_service_rate,10,-0.011268107024966246,-0.011982984354414139,-0.010442545657036284
import_final_first,demand_tracking,rule,terminal_output,10,386.48177990913393,355.3971754312515,413.6713126897812
import_final_first,demand_tracking,rule,fiscal_spend,10,0.0,0.0,0.0
import_final_first,demand_tracking,rule,private_spend,10,5246708.707909018,4824717.624982605,5615821.991551215
import_final_first,demand_tracking,rule,terminal_ai_effective_mean,10,0.0,0.0,0.0
import_final_first,demand_tracking,rule,terminal_technology_mean,10,0.0,0.0,0.0
import_final_first,demand_tracking,rule,terminal_edge_health_mean,10,-6.459887771370632e-08,-6.871201485569856e-08,-5.985282758302901e-08
import_final_first,buffered_smoothing,rule,cumulative_value_added,10,91621.22658734322,84252.16099214554,98066.90780973434
import_final_first,buffered_smoothing,rule,cumulative_shortage,10,46418863.123346955,42685408.98892844,49684494.95927632
import_final_first,buffered_smoothing,rule,cumulative_welfare,10,-9192151.398082161,-9838832.084045887,-8452829.636793137
import_final_first,buffered_smoothing,rule,cumulative_final_shortage,10,29462938.073921442,27171725.73054704,31460393.069684923
import_final_first,buffered_smoothing,rule,cumulative_final_delivered,10,-29462938.07392168,-31460393.069684982,-27171725.73054695
import_final_first,buffered_smoothing,rule,final_fill_rate,10,-0.0036984293009523993,-0.003942972422931734,-0.003417217971973696
import_final_first,buffered_smoothing,rule,mean_service_rate,10,-0.0020598418521445396,-0.0021923748909034035,-0.0019069846649734101
import_final_first,buffered_smoothing,rule,terminal_output,10,0.001515638828277588,0.0013937950134277344,0.0016220808029174805
import_final_first,buffered_smoothing,rule,fiscal_spend,10,0.0,0.0,0.0
import_final_first,buffered_smoothing,rule,private_spend,10,940217.9333195625,864596.5093075456,1006363.5777659025
import_final_first,buffered_smoothing,rule,terminal_ai_effective_mean,10,0.0,0.0,0.0
import_final_first,buffered_smoothing,rule,terminal_technology_mean,10,0.0,0.0,0.0
import_final_first,buffered_smoothing,rule,terminal_edge_health_mean,10,-6.699278554123111e-09,-7.1482799679500886e-09,-6.183538792114973e-09
backlog_retention_minus20,demand_tracking,rule,cumulative_value_added,10,417648.76381282805,384057.4089393616,447030.93751478195
backlog_retention_minus20,demand_tracking,rule,cumulative_shortage,10,187332736.62930733,172265625.2650717,200511856.2260723
backlog_retention_minus20,demand_tracking,rule,cumulative_welfare,10,-37048898.56204877,-39655340.30769968,-34069067.64407492
backlog_retention_minus20,demand_tracking,rule,cumulative_final_shortage,10,131588118.58503422,121380000.61269307,140485565.0003702
backlog_retention_minus20,demand_tracking,rule,cumulative_final_delivered,10,-131588118.58503418,-140485565.00037003,-121380000.61269379
backlog_retention_minus20,demand_tracking,rule,final_fill_rate,10,-0.013982723563795329,-0.014903156726173594,-0.012923862578399725
backlog_retention_minus20,demand_tracking,rule,mean_service_rate,10,-0.008105512920064761,-0.00861336293831827,-0.007518324601639592
backlog_retention_minus20,demand_tracking,rule,terminal_output,10,5.95755900144577,5.478394508361816,6.376681566238403
backlog_retention_minus20,demand_tracking,rule,fiscal_spend,10,0.0,0.0,0.0
backlog_retention_minus20,demand_tracking,rule,private_spend,10,3800416.638125164,3494750.3581816116,4067781.255183517
backlog_retention_minus20,demand_tracking,rule,terminal_ai_effective_mean,10,0.0,0.0,0.0
backlog_retention_minus20,demand_tracking,rule,terminal_technology_mean,10,0.0,0.0,0.0
backlog_retention_minus20,demand_tracking,rule,terminal_edge_health_mean,10,-4.1409916862189534e-08,-4.4049331515694234e-08,-3.8364839971549713e-08
backlog_retention_minus20,buffered_smoothing,rule,cumulative_value_added,10,65458.66817317009,60193.848682403564,70063.77687978745
backlog_retention_minus20,buffered_smoothing,rule,cumulative_shortage,10,38922251.29989596,35791747.22765374,41660486.02643925
backlog_retention_minus20,buffered_smoothing,rule,cumulative_welfare,10,-7718991.591806221,-8262033.428408146,-7098155.596848965
backlog_retention_minus20,buffered_smoothing,rule,cumulative_final_shortage,10,27710687.611230098,25542075.42153284,29602550.16568166
backlog_retention_minus20,buffered_smoothing,rule,cumulative_final_delivered,10,-27710687.611229897,-29602550.16567993,-25542075.421533585
backlog_retention_minus20,buffered_smoothing,rule,final_fill_rate,10,-0.0029445724111808345,-0.003140332920413491,-0.002719577121838457
backlog_retention_minus20,buffered_smoothing,rule,mean_service_rate,10,-0.0017042232733632812,-0.001812312416210049,-0.0015793866263905665
backlog_retention_minus20,buffered_smoothing,rule,terminal_output,10,3.499984741210938e-05,3.218650817871094e-05,3.743171691894531e-05
backlog_retention_minus20,buffered_smoothing,rule,fiscal_spend,10,0.0,0.0,0.0
backlog_retention_minus20,buffered_smoothing,rule,private_spend,10,786903.1485767805,723612.7830709685,842262.8838412445
backlog_retention_minus20,buffered_smoothing,rule,terminal_ai_effective_mean,10,0.0,0.0,0.0
backlog_retention_minus20,buffered_smoothing,rule,terminal_technology_mean,10,0.0,0.0,0.0
backlog_retention_minus20,buffered_smoothing,rule,terminal_edge_health_mean,10,-5.4331731225154554e-09,-5.792969326456898e-09,-5.0194385314839e-09
backlog_retention_plus20,demand_tracking,rule,cumulative_value_added,10,768158.6847746372,706375.9304246902,822199.7208375931
backlog_retention_plus20,demand_tracking,rule,cumulative_shortage,10,276921353.53102434,254648658.71077472,296403157.4204595
backlog_retention_plus20,demand_tracking,rule,cumulative_welfare,10,-54616112.02143016,-58458431.76325464,-50223355.811730385
backlog_retention_plus20,demand_tracking,rule,cumulative_final_shortage,10,185071745.12054724,171271068.91299087,197056866.9995367
backlog_retention_plus20,demand_tracking,rule,cumulative_final_delivered,10,-185071745.12054712,-197056866.9995365,-171271068.91299057
backlog_retention_plus20,demand_tracking,rule,final_fill_rate,10,-0.019665994178916846,-0.02090442084106725,-0.018235984075745892
backlog_retention_plus20,demand_tracking,rule,mean_service_rate,10,-0.011829423269809246,-0.01256104695608995,-0.01098252985012027
backlog_retention_plus20,demand_tracking,rule,terminal_output,10,64.31496427059173,59.14213252067566,68.83961176872253
backlog_retention_plus20,demand_tracking,rule,fiscal_spend,10,0.0,0.0,0.0
backlog_retention_plus20,demand_tracking,rule,private_spend,10,5637170.0659401845,5183774.302386443,6033752.851325623
backlog_retention_plus20,demand_tracking,rule,terminal_ai_effective_mean,10,0.0,0.0,0.0
backlog_retention_plus20,demand_tracking,rule,terminal_technology_mean,10,0.0,0.0,0.0
backlog_retention_plus20,demand_tracking,rule,terminal_edge_health_mean,10,-7.160559217789242e-08,-7.609822660903376e-08,-6.641568550680432e-08
backlog_retention_plus20,buffered_smoothing,rule,cumulative_value_added,10,107006.21443595886,98399.7392487526,114534.25103569031
backlog_retention_plus20,buffered_smoothing,rule,cumulative_shortage,10,53736218.795551516,49414232.11317265,57516636.82032943
backlog_retention_plus20,buffered_smoothing,rule,cumulative_welfare,10,-10640237.544674397,-11388793.113030434,-9784446.683385849
backlog_retention_plus20,buffered_smoothing,rule,cumulative_final_shortage,10,36673679.686727375,33896280.74043661,39089509.82335907
backlog_retention_plus20,buffered_smoothing,rule,cumulative_final_delivered,10,-36673679.68672772,-39089509.82336044,-33896280.740436554
backlog_retention_plus20,buffered_smoothing,rule,final_fill_rate,10,-0.003896996401532393,-0.0041467398536305655,-0.003609086109713222
backlog_retention_plus20,buffered_smoothing,rule,mean_service_rate,10,-0.0023285114400127373,-0.0024746156496039395,-0.0021596033435340445
backlog_retention_plus20,buffered_smoothing,rule,terminal_output,10,0.00041222572326660156,0.0003790855407714844,0.0004413127899169922
backlog_retention_plus20,buffered_smoothing,rule,fiscal_spend,10,0.0,0.0,0.0
backlog_retention_plus20,buffered_smoothing,rule,private_spend,10,1088536.6527137437,1000986.0021141907,1165116.7261686185
backlog_retention_plus20,buffered_smoothing,rule,terminal_ai_effective_mean,10,0.0,0.0,0.0
backlog_retention_plus20,buffered_smoothing,rule,terminal_technology_mean,10,0.0,0.0,0.0
backlog_retention_plus20,buffered_smoothing,rule,terminal_edge_health_mean,10,-8.531401629596758e-09,-9.095475594911306e-09,-7.882695496341796e-09
external_supply_elasticity_minus20,demand_tracking,rule,cumulative_value_added,10,0.0,0.0,0.0
external_supply_elasticity_minus20,demand_tracking,rule,cumulative_shortage,10,231729761.7661446,213091812.04224128,248032274.07337213
external_supply_elasticity_minus20,demand_tracking,rule,cumulative_welfare,10,-46345952.35322909,-49606454.81467438,-42618362.40844822
external_supply_elasticity_minus20,demand_tracking,rule,cumulative_final_shortage,10,159261218.77236173,147121205.80116427,169825384.18088257
external_supply_elasticity_minus20,demand_tracking,rule,cumulative_final_delivered,10,-159261218.77236214,-169825384.1808834,-147121205.80116463
external_supply_elasticity_minus20,demand_tracking,rule,final_fill_rate,10,-0.0169233150645981,-0.01801561830586418,-0.01566464192243433
external_supply_elasticity_minus20,demand_tracking,rule,mean_service_rate,10,-0.009994686380536345,-0.010619158605141177,-0.009272506993024954
external_supply_elasticity_minus20,demand_tracking,rule,terminal_output,10,0.0,0.0,0.0
external_supply_elasticity_minus20,demand_tracking,rule,fiscal_spend,10,0.0,0.0,0.0
external_supply_elasticity_minus20,demand_tracking,rule,private_spend,10,4634466.5865714615,4261717.939270825,4960507.782096715
external_supply_elasticity_minus20,demand_tracking,rule,terminal_ai_effective_mean,10,0.0,0.0,0.0
external_supply_elasticity_minus20,demand_tracking,rule,terminal_technology_mean,10,0.0,0.0,0.0
external_supply_elasticity_minus20,demand_tracking,rule,terminal_edge_health_mean,10,-5.410269640071519e-08,-5.752963982974535e-08,-5.014702098016244e-08
external_supply_elasticity_minus20,buffered_smoothing,rule,cumulative_value_added,10,0.0,0.0,0.0
external_supply_elasticity_minus20,buffered_smoothing,rule,cumulative_shortage,10,46273295.69395861,42551549.346358955,49528686.69982737
external_supply_elasticity_minus20,buffered_smoothing,rule,cumulative_welfare,10,-9254659.138791705,-9905737.339965343,-8510309.869271755
external_supply_elasticity_minus20,buffered_smoothing,rule,cumulative_final_shortage,10,32320855.155208398,29829326.532667518,34491460.41342473
external_supply_elasticity_minus20,buffered_smoothing,rule,cumulative_final_delivered,10,-32320855.155208588,-34491460.413425446,-29829326.53266716
external_supply_elasticity_minus20,buffered_smoothing,rule,final_fill_rate,10,-0.0034344567278011494,-0.0036589641096188563,-0.0031760596059354773
external_supply_elasticity_minus20,buffered_smoothing,rule,mean_service_rate,10,-0.0020195679280740953,-0.0021472578420309585,-0.0018720541020422754
external_supply_elasticity_minus20,buffered_smoothing,rule,terminal_output,10,0.0,0.0,0.0
external_supply_elasticity_minus20,buffered_smoothing,rule,fiscal_spend,10,0.0,0.0,0.0
external_supply_elasticity_minus20,buffered_smoothing,rule,private_spend,10,925465.7186259774,851030.8104662206,990573.5241699452
external_supply_elasticity_minus20,buffered_smoothing,rule,terminal_ai_effective_mean,10,0.0,0.0,0.0
external_supply_elasticity_minus20,buffered_smoothing,rule,terminal_technology_mean,10,0.0,0.0,0.0
external_supply_elasticity_minus20,buffered_smoothing,rule,terminal_edge_health_mean,10,-6.5014109207339745e-09,-6.931604734639052e-09,-6.006697694793672e-09
external_supply_elasticity_plus20,demand_tracking,rule,cumulative_value_added,10,555578.1742305278,510893.2015275955,594663.8745479584
external_supply_elasticity_plus20,demand_tracking,rule,cumulative_shortage,10,225612244.1539672,207466324.39126432,241484380.5552166
external_supply_elasticity_plus20,demand_tracking,rule,cumulative_welfare,10,-44566870.65656285,-47702212.236495495,-40982371.67672491
external_supply_elasticity_plus20,demand_tracking,rule,cumulative_final_shortage,10,154771524.9971468,142987423.453839,165024863.303167
external_supply_elasticity_plus20,demand_tracking,rule,cumulative_final_delivered,10,-154771524.99714643,-165024863.30316544,-142987423.45383835
external_supply_elasticity_plus20,demand_tracking,rule,final_fill_rate,10,-0.016446234830286212,-0.017506363742893938,-0.015224499932681601
external_supply_elasticity_plus20,demand_tracking,rule,mean_service_rate,10,-0.009702295522634486,-0.010306421831959067,-0.009003402011453665
external_supply_elasticity_plus20,demand_tracking,rule,terminal_output,10,17.775727581977844,16.346031546592712,19.026274800300598
external_supply_elasticity_plus20,demand_tracking,rule,fiscal_spend,10,0.0,0.0,0.0
external_supply_elasticity_plus20,demand_tracking,rule,private_spend,10,4583704.330885185,4215038.475376769,4906174.33084298
external_supply_elasticity_plus20,demand_tracking,rule,terminal_ai_effective_mean,10,0.0,0.0,0.0
external_supply_elasticity_plus20,demand_tracking,rule,terminal_technology_mean,10,0.0,0.0,0.0
external_supply_elasticity_plus20,demand_tracking,rule,terminal_edge_health_mean,10,-5.402460301340284e-08,-5.744430897625108e-08,-5.0077030078199414e-08
external_supply_elasticity_plus20,buffered_smoothing,rule,cumulative_value_added,10,75125.30937571525,69083.00506210327,80410.47978878021
external_supply_elasticity_plus20,buffered_smoothing,rule,cumulative_shortage,10,45515298.268557236,41854517.56290966,48717363.055294454
external_supply_elasticity_plus20,buffered_smoothing,rule,cumulative_welfare,10,-9027934.344335746,-9663062.131270409,-8301820.507519722
external_supply_elasticity_plus20,buffered_smoothing,rule,cumulative_final_shortage,10,31759985.351312034,29312972.85926032,33891708.13985258
external_supply_elasticity_plus20,buffered_smoothing,rule,cumulative_final_delivered,10,-31759985.351311874,-33891708.13985062,-29312972.85926056
external_supply_elasticity_plus20,buffered_smoothing,rule,final_fill_rate,10,-0.0033748580342222055,-0.0035953404759029306,-0.003121081159047412
external_supply_elasticity_plus20,buffered_smoothing,rule,mean_service_rate,10,-0.0019832715550586965,-0.0021084310581467314,-0.0018386532551821766
external_supply_elasticity_plus20,buffered_smoothing,rule,terminal_output,10,0.00011938810348510742,0.00010979175567626953,0.0001277923583984375
external_supply_elasticity_plus20,buffered_smoothing,rule,fiscal_spend,10,0.0,0.0,0.0
external_supply_elasticity_plus20,buffered_smoothing,rule,private_spend,10,920000.4486310687,846005.1103677945,984723.7647996722
external_supply_elasticity_plus20,buffered_smoothing,rule,terminal_ai_effective_mean,10,0.0,0.0,0.0
external_supply_elasticity_plus20,buffered_smoothing,rule,terminal_technology_mean,10,0.0,0.0,0.0
external_supply_elasticity_plus20,buffered_smoothing,rule,terminal_edge_health_mean,10,-6.737029345504908e-09,-7.182946126782497e-09,-6.224249116115743e-09
capital_efficiency_minus20,demand_tracking,rule,cumulative_value_added,10,482505.6053964615,443697.835750103,516450.54846429825
capital_efficiency_minus20,demand_tracking,rule,cumulative_shortage,10,226425513.81941444,208214183.04078966,242354864.8772055
capital_efficiency_minus20,demand_tracking,rule,cumulative_welfare,10,-44802597.15848627,-47954522.42697668,-41199138.77240801
capital_efficiency_minus20,demand_tracking,rule,cumulative_final_shortage,10,155362843.96267605,143532138.2371631,165656857.4819914
capital_efficiency_minus20,demand_tracking,rule,cumulative_final_delivered,10,-155362843.96267605,-165656857.48199272,-143532138.23716354
capital_efficiency_minus20,demand_tracking,rule,final_fill_rate,10,-0.016509069106745534,-0.017573407700734456,-0.015282498111694465
capital_efficiency_minus20,demand_tracking,rule,mean_service_rate,10,-0.009740990613043721,-0.01034779698926025,-0.009039028348851952
capital_efficiency_minus20,demand_tracking,rule,terminal_output,10,21.149919152259827,19.448837995529175,22.637845516204834
capital_efficiency_minus20,demand_tracking,rule,fiscal_spend,10,0.0,0.0,0.0
capital_efficiency_minus20,demand_tracking,rule,private_spend,10,4590586.600607665,4221367.206373383,4913540.777850217
capital_efficiency_minus20,demand_tracking,rule,terminal_ai_effective_mean,10,0.0,0.0,0.0
capital_efficiency_minus20,demand_tracking,rule,terminal_technology_mean,10,0.0,0.0,0.0
capital_efficiency_minus20,demand_tracking,rule,terminal_edge_health_mean,10,-5.4006027139230636e-08,-5.742516429041444e-08,-5.0059183687167774e-08
capital_efficiency_minus20,buffered_smoothing,rule,cumulative_value_added,10,72367.47846536637,66546.98559904099,77458.63162279129
capital_efficiency_minus20,buffered_smoothing,rule,cumulative_shortage,10,45549634.45209682,41886092.09832221,48754114.83728981
capital_efficiency_minus20,buffered_smoothing,rule,cumulative_welfare,10,-9037559.411953926,-9673364.33583498,-8310671.434065342
capital_efficiency_minus20,buffered_smoothing,rule,cumulative_final_shortage,10,31783114.56781308,29334346.766962975,33916362.979166746
capital_efficiency_minus20,buffered_smoothing,rule,cumulative_final_delivered,10,-31783114.56781311,-33916362.97916794,-29334346.76696396
capital_efficiency_minus20,buffered_smoothing,rule,final_fill_rate,10,-0.0033773157768961504,-0.003597955939878994,-0.0031233569330177957
capital_efficiency_minus20,buffered_smoothing,rule,mean_service_rate,10,-0.0019848712721919903,-0.002110139118756016,-0.0018401286340425926
capital_efficiency_minus20,buffered_smoothing,rule,terminal_output,10,0.00013501644134521483,0.00012409687042236328,0.00014448165893554688
capital_efficiency_minus20,buffered_smoothing,rule,fiscal_spend,10,0.0,0.0,0.0
capital_efficiency_minus20,buffered_smoothing,rule,private_spend,10,920345.3389133647,846322.2612363286,985092.9185948959
capital_efficiency_minus20,buffered_smoothing,rule,terminal_ai_effective_mean,10,0.0,0.0,0.0
capital_efficiency_minus20,buffered_smoothing,rule,terminal_technology_mean,10,0.0,0.0,0.0
capital_efficiency_minus20,buffered_smoothing,rule,terminal_edge_health_mean,10,-6.732591462110804e-09,-7.178194039170194e-09,-6.220169823656363e-09
capital_efficiency_plus20,demand_tracking,rule,cumulative_value_added,10,622137.732993269,572099.396525383,665905.9912075996
capital_efficiency_plus20,demand_tracking,rule,cumulative_shortage,10,224872304.55321997,206785897.89307457,240692385.17037088
capital_efficiency_plus20,demand_tracking,rule,cumulative_welfare,10,-44352323.17765059,-47472571.04286623,-40785080.182089806
capital_efficiency_plus20,demand_tracking,rule,cumulative_final_shortage,10,154232062.8206002,142490424.36373323,164448345.2139253
capital_efficiency_plus20,demand_tracking,rule,cumulative_final_delivered,10,-154232062.82060012,-164448345.21392632,-142490424.3637333
capital_efficiency_plus20,demand_tracking,rule,final_fill_rate,10,-0.016388910916574972,-0.01744520486554324,-0.01517158225341253
capital_efficiency_plus20,demand_tracking,rule,mean_service_rate,10,-0.009667126516808811,-0.010268819609011715,-0.00897101940571865
capital_efficiency_plus20,demand_tracking,rule,terminal_output,10,15.360179042816162,14.124764800071716,16.440789103507996
capital_efficiency_plus20,demand_tracking,rule,fiscal_spend,10,0.0,0.0,0.0
capital_efficiency_plus20,demand_tracking,rule,private_spend,10,4577471.598584445,4209307.039717339,4899503.11712205
capital_efficiency_plus20,demand_tracking,rule,terminal_ai_effective_mean,10,0.0,0.0,0.0
capital_efficiency_plus20,demand_tracking,rule,terminal_technology_mean,10,0.0,0.0,0.0
capital_efficiency_plus20,demand_tracking,rule,terminal_edge_health_mean,10,-5.405405588687628e-08,-5.747582232373816e-08,-5.010412629236072e-08
capital_efficiency_plus20,buffered_smoothing,rule,cumulative_value_added,10,82763.3311203003,76106.70319032669,88585.84702825546
capital_efficiency_plus20,buffered_smoothing,rule,cumulative_shortage,10,45436715.79585295,41782255.45304638,48633252.19590986
capital_efficiency_plus20,buffered_smoothing,rule,cumulative_welfare,10,-9004579.828050327,-9638064.592154026,-8280344.387419224
capital_efficiency_plus20,buffered_smoothing,rule,cumulative_final_shortage,10,31703134.412079662,29260584.079666853,33830964.444241405
capital_efficiency_plus20,buffered_smoothing,rule,cumulative_final_delivered,10,-31703134.41207943,-33830964.44424057,-29260584.079666138
capital_efficiency_plus20,buffered_smoothing,rule,final_fill_rate,10,-0.0033688169828405947,-0.0035888965909686155,-0.0031155030952420004
capital_efficiency_plus20,buffered_smoothing,rule,mean_service_rate,10,-0.001979535955306555,-0.0021044369824442244,-0.0018352136487067572
capital_efficiency_plus20,buffered_smoothing,rule,terminal_output,10,0.00010371208190917969,9.548664093017578e-05,0.00011110305786132812
capital_efficiency_plus20,buffered_smoothing,rule,fiscal_spend,10,0.0,0.0,0.0
capital_efficiency_plus20,buffered_smoothing,rule,private_spend,10,919407.0911559428,845459.4764423128,984088.6637976561
capital_efficiency_plus20,buffered_smoothing,rule,terminal_ai_effective_mean,10,0.0,0.0,0.0
capital_efficiency_plus20,buffered_smoothing,rule,terminal_technology_mean,10,0.0,0.0,0.0
capital_efficiency_plus20,buffered_smoothing,rule,terminal_edge_health_mean,10,-6.740543867511662e-09,-7.186763295585763e-09,-6.227423687832356e-09
capacity_lag_minus20,demand_tracking,rule,cumulative_value_added,10,641391.3149899006,589804.419154644,686514.0895814896
capacity_lag_minus20,demand_tracking,rule,cumulative_shortage,10,224613358.6092306,206547778.8875342,240415222.0176524
capacity_lag_minus20,demand_tracking,rule,cumulative_welfare,10,-44281280.40685644,-47396530.31394911,-40719751.358352184
capacity_lag_minus20,demand_tracking,rule,cumulative_final_shortage,10,154064234.03382573,142334641.64139307,164270103.82731652
capacity_lag_minus20,demand_tracking,rule,cumulative_final_delivered,10,-154064234.0338257,-164270103.82731628,-142334641.64139366
capacity_lag_minus20,demand_tracking,rule,final_fill_rate,10,-0.01637107715763526,-0.017426296450862022,-0.015154995381724934
capacity_lag_minus20,demand_tracking,rule,mean_service_rate,10,-0.009655722480175665,-0.010256687311305024,-0.008960455880310247
capacity_lag_minus20,demand_tracking,rule,terminal_output,10,15.460810196399688,14.217302203178406,16.548499822616577
capacity_lag_minus20,demand_tracking,rule,fiscal_spend,10,0.0,0.0,0.0
capacity_lag_minus20,demand_tracking,rule,private_spend,10,4574740.660740143,4206795.750319791,4896580.053987153
capacity_lag_minus20,demand_tracking,rule,terminal_ai_effective_mean,10,0.0,0.0,0.0
capacity_lag_minus20,demand_tracking,rule,terminal_technology_mean,10,0.0,0.0,0.0
capacity_lag_minus20,demand_tracking,rule,terminal_edge_health_mean,10,-5.397976498011658e-08,-5.73970249106992e-08,-5.003505676448583e-08
capacity_lag_minus20,buffered_smoothing,rule,cumulative_value_added,10,89151.77276682854,81981.32454299927,95423.7244644165
capacity_lag_minus20,buffered_smoothing,rule,cumulative_shortage,10,45365873.329607144,41717110.82342756,48557425.86324561
capacity_lag_minus20,buffered_smoothing,rule,cumulative_welfare,10,-8984022.893154765,-9616061.44818449,-8261440.84014225
capacity_lag_minus20,buffered_smoothing,rule,cumulative_final_shortage,10,31654200.05443131,29215346.735506237,33778816.80423224
capacity_lag_minus20,buffered_smoothing,rule,cumulative_final_delivered,10,-31654200.05443115,-33778816.80423164,-29215346.735506058
capacity_lag_minus20,buffered_smoothing,rule,final_fill_rate,10,-0.0033636171491263746,-0.0035833646030241084,-0.003110686476224145
capacity_lag_minus20,buffered_smoothing,rule,mean_service_rate,10,-0.0019762861850938116,-0.002100970316613715,-0.001832213117347492
capacity_lag_minus20,buffered_smoothing,rule,terminal_output,10,0.00010018348693847656,9.21487808227539e-05,0.00010716915130615234
capacity_lag_minus20,buffered_smoothing,rule,fiscal_spend,10,0.0,0.0,0.0
capacity_lag_minus20,buffered_smoothing,rule,private_spend,10,918808.2260416036,844908.7778552528,983447.6676863208
capacity_lag_minus20,buffered_smoothing,rule,terminal_ai_effective_mean,10,0.0,0.0,0.0
capacity_lag_minus20,buffered_smoothing,rule,terminal_technology_mean,10,0.0,0.0,0.0
capacity_lag_minus20,buffered_smoothing,rule,terminal_edge_health_mean,10,-6.72473161600351e-09,-7.169927651595742e-09,-6.212790948367797e-09
capacity_lag_plus20,demand_tracking,rule,cumulative_value_added,10,477975.4953028679,439532.08094501495,511601.7388000488
capacity_lag_plus20,demand_tracking,rule,cumulative_shortage,10,226512397.8823749,208294079.0466919,242447861.35531306
capacity_lag_plus20,demand_tracking,rule,cumulative_welfare,10,-44824504.08117223,-47977970.532262325,-41219283.72839403
capacity_lag_plus20,demand_tracking,rule,cumulative_final_shortage,10,155412493.23755592,143578652.43285075,165709173.719679
capacity_lag_plus20,demand_tracking,rule,cumulative_final_delivered,10,-155412493.23755607,-165709173.7196808,-143578652.43284988
capacity_lag_plus20,demand_tracking,rule,final_fill_rate,10,-0.016514344943500535,-0.017578957574058474,-0.015287450682710868
capacity_lag_plus20,demand_tracking,rule,mean_service_rate,10,-0.00974459457792919,-0.010351613977980567,-0.00904238435868332
capacity_lag_plus20,demand_tracking,rule,terminal_output,10,20.629969084262846,18.970707416534424,22.081316113471985
capacity_lag_plus20,demand_tracking,rule,fiscal_spend,10,0.0,0.0,0.0
capacity_lag_plus20,demand_tracking,rule,private_spend,10,4591764.312177787,4222450.194983169,4914801.343073762
capacity_lag_plus20,demand_tracking,rule,terminal_ai_effective_mean,10,0.0,0.0,0.0
capacity_lag_plus20,demand_tracking,rule,terminal_technology_mean,10,0.0,0.0,0.0
capacity_lag_plus20,demand_tracking,rule,terminal_edge_health_mean,10,-5.4008138838934625e-08,-5.742742459347028e-08,-5.0061125911327053e-08
capacity_lag_plus20,buffered_smoothing,rule,cumulative_value_added,10,69932.93597216606,64308.25257062912,74852.8156657219
capacity_lag_plus20,buffered_smoothing,rule,cumulative_shortage,10,45580042.4842006,41914054.42224747,48786662.11691153
capacity_lag_plus20,buffered_smoothing,rule,cumulative_welfare,10,-9046075.560868073,-9682479.60771656,-8318502.63187933
capacity_lag_plus20,buffered_smoothing,rule,cumulative_final_shortage,10,31803229.45180438,29352983.585097462,33937758.338006794
capacity_lag_plus20,buffered_smoothing,rule,cumulative_final_delivered,10,-31803229.45180454,-33937758.33800697,-29352983.58509636
capacity_lag_plus20,buffered_smoothing,rule,final_fill_rate,10,-0.003379453215148065,-0.003600225627771736,-0.00312534127702202
capacity_lag_plus20,buffered_smoothing,rule,mean_service_rate,10,-0.0019862514386445596,-0.0021116102158222905,-0.0018414041621265254
capacity_lag_plus20,buffered_smoothing,rule,terminal_output,10,0.00013816356658935547,0.0001270771026611328,0.00014781951904296875
capacity_lag_plus20,buffered_smoothing,rule,fiscal_spend,10,0.0,0.0,0.0
capacity_lag_plus20,buffered_smoothing,rule,private_spend,10,920646.3643872561,846599.0753288046,985415.1216312042
capacity_lag_plus20,buffered_smoothing,rule,terminal_ai_effective_mean,10,0.0,0.0,0.0
capacity_lag_plus20,buffered_smoothing,rule,terminal_technology_mean,10,0.0,0.0,0.0
capacity_lag_plus20,buffered_smoothing,rule,terminal_edge_health_mean,10,-6.731799695458563e-09,-7.177346494913195e-09,-6.219442183486024e-09
demand_shock_increase_minus20,demand_tracking,rule,cumulative_value_added,10,444462.5393843174,408714.5612220764,475731.09963846207
demand_shock_increase_minus20,demand_tracking,rule,cumulative_shortage,10,180489795.32317317,165973059.5130114,193187504.44417274
demand_shock_increase_minus20,demand_tracking,rule,cumulative_welfare,10,-35653496.52525029,-38161769.789196014,-32785897.34138012
demand_shock_increase_minus20,demand_tracking,rule,cumulative_final_shortage,10,125261184.56763947,115641809.72196609,133636949.79270336
demand_shock_increase_minus20,demand_tracking,rule,cumulative_final_delivered,10,-125261184.56763992,-133636949.79270363,-115641809.72196579
demand_shock_increase_minus20,demand_tracking,rule,final_fill_rate,10,-0.013375817682461367,-0.014250973110896181,-0.012368527306402255
demand_shock_increase_minus20,demand_tracking,rule,mean_service_rate,10,-0.007937243131943938,-0.008443237308932705,-0.0073531578182083335
demand_shock_increase_minus20,demand_tracking,rule,terminal_output,10,14.220582056045533,13.076825261116028,15.221019864082336
demand_shock_increase_minus20,demand_tracking,rule,fiscal_spend,10,0.0,0.0,0.0
demand_shock_increase_minus20,demand_tracking,rule,private_spend,10,3666963.4647081294,3372030.7803013986,3924939.464674364
demand_shock_increase_minus20,demand_tracking,rule,terminal_ai_effective_mean,10,0.0,0.0,0.0
demand_shock_increase_minus20,demand_tracking,rule,terminal_technology_mean,10,0.0,0.0,0.0
demand_shock_increase_minus20,demand_tracking,rule,terminal_edge_health_mean,10,-4.4081614136715075e-08,-4.6923196217463214e-08,-4.080638715819873e-08
demand_shock_increase_minus20,buffered_smoothing,rule,cumulative_value_added,10,60100.24750056267,55266.40404987335,64328.38383102417
demand_shock_increase_minus20,buffered_smoothing,rule,cumulative_shortage,10,36412238.61484571,33483614.0503273,38973890.44423473
demand_shock_increase_minus20,buffered_smoothing,rule,cumulative_welfare,10,-7222347.475468541,-7730449.705015659,-6641456.406015396
demand_shock_increase_minus20,buffered_smoothing,rule,cumulative_final_shortage,10,25641852.91904018,23653394.341283143,27374990.85586661
demand_shock_increase_minus20,buffered_smoothing,rule,cumulative_final_delivered,10,-25641852.91904049,-27374990.855867386,-23653394.3412838
demand_shock_increase_minus20,buffered_smoothing,rule,final_fill_rate,10,-0.0027381238665352913,-0.002919254436764329,-0.0025298605625652115
demand_shock_increase_minus20,buffered_smoothing,rule,mean_service_rate,10,-0.0016186273050197819,-0.0017229607279453107,-0.0014983145241949103
demand_shock_increase_minus20,buffered_smoothing,rule,terminal_output,10,9.554624557495117e-05,8.785724639892578e-05,0.00010216236114501953
demand_shock_increase_minus20,buffered_smoothing,rule,fiscal_spend,10,0.0,0.0,0.0
demand_shock_increase_minus20,buffered_smoothing,rule,private_spend,10,736000.3589048504,676804.0882942257,787779.0118397158
demand_shock_increase_minus20,buffered_smoothing,rule,terminal_ai_effective_mean,10,0.0,0.0,0.0
demand_shock_increase_minus20,buffered_smoothing,rule,terminal_technology_mean,10,0.0,0.0,0.0
demand_shock_increase_minus20,buffered_smoothing,rule,terminal_edge_health_mean,10,-5.452114038018152e-09,-5.8170528394185794e-09,-5.032880223687641e-09
demand_shock_increase_plus20,demand_tracking,rule,cumulative_value_added,10,666693.8090766907,613071.8418331146,713596.6494574547
demand_shock_increase_plus20,demand_tracking,rule,cumulative_shortage,10,270734692.9847617,248959589.2695186,289781256.6662607
demand_shock_increase_plus20,demand_tracking,rule,cumulative_welfare,10,-53480244.7878757,-57242654.6837945,-49178846.01207113
demand_shock_increase_plus20,demand_tracking,rule,cumulative_final_shortage,10,183702460.4200702,169823998.06321824,195770678.44512856
demand_shock_increase_plus20,demand_tracking,rule,cumulative_final_delivered,10,-183702460.42007026,-195770678.4451294,-169823998.06321716
demand_shock_increase_plus20,demand_tracking,rule,final_fill_rate,10,-0.019425510984722394,-0.02066020516729583,-0.018000937652003834
demand_shock_increase_plus20,demand_tracking,rule,mean_service_rate,10,-0.011390385266634962,-0.01208341003048985,-0.010586951188182203
demand_shock_increase_plus20,demand_tracking,rule,terminal_output,10,21.330873095989226,19.615237832069397,22.83152985572815
demand_shock_increase_plus20,demand_tracking,rule,fiscal_spend,10,0.0,0.0,0.0
demand_shock_increase_plus20,demand_tracking,rule,private_spend,10,5500445.197062246,5058046.170452137,5887409.197011605
demand_shock_increase_plus20,demand_tracking,rule,terminal_ai_effective_mean,10,0.0,0.0,0.0
demand_shock_increase_plus20,demand_tracking,rule,terminal_technology_mean,10,0.0,0.0,0.0
demand_shock_increase_plus20,demand_tracking,rule,terminal_edge_health_mean,10,-6.361224980100388e-08,-6.757064829887582e-08,-5.903654254346691e-08
demand_shock_increase_plus20,buffered_smoothing,rule,cumulative_value_added,10,90150.37125082016,82899.60607433319,96492.57574605942
demand_shock_increase_plus20,buffered_smoothing,rule,cumulative_shortage,10,54618357.92226894,50225421.075492024,58460835.66635305
demand_shock_increase_plus20,buffered_smoothing,rule,cumulative_welfare,10,-10833521.213203002,-11595674.557524204,-9962184.609024048
demand_shock_increase_plus20,buffered_smoothing,rule,cumulative_final_shortage,10,37785405.155437015,34890907.97981614,40305874.98073143
demand_shock_increase_plus20,buffered_smoothing,rule,cumulative_final_delivered,10,-37785405.155436896,-40305874.980731964,-34890907.97981453
demand_shock_increase_plus20,buffered_smoothing,rule,final_fill_rate,10,-0.003995593249991247,-0.0042535871723135,-0.0036983528024857604
demand_shock_increase_plus20,buffered_smoothing,rule,mean_service_rate,10,-0.0023336020774220923,-0.002477823784183375,-0.002166632677840452
demand_shock_increase_plus20,buffered_smoothing,rule,terminal_output,10,0.00014324188232421874,0.00013172626495361328,0.0001533031463623047
demand_shock_increase_plus20,buffered_smoothing,rule,fiscal_spend,10,0.0,0.0,0.0
demand_shock_increase_plus20,buffered_smoothing,rule,private_spend,10,1104000.5383572849,1015206.1324413549,1181668.5177596044
demand_shock_increase_plus20,buffered_smoothing,rule,terminal_ai_effective_mean,10,0.0,0.0,0.0
demand_shock_increase_plus20,buffered_smoothing,rule,terminal_technology_mean,10,0.0,0.0,0.0
demand_shock_increase_plus20,buffered_smoothing,rule,terminal_edge_health_mean,10,-7.99401436157865e-09,-8.517461735912946e-09,-7.391504852627406e-09
