task,intervention,import_case,policy,seed,fill_rate_difference_vs_full,shortage_difference_vs_full,private_spend_difference_vs_full
ic_g5,edge_off,final_first,linkage,42,0.0,0.0,0.0
ic_g5,edge_off,final_first,linkage,43,0.0,0.0,0.0
ic_g5,edge_off,final_first,linkage,44,0.0,0.0,0.0
ic_g5,edge_off,final_first,linkage,45,0.0,0.0,0.0
ic_g5,edge_off,final_first,linkage,46,0.0,0.0,0.0
ic_g5,edge_off,final_first,linkage,47,0.0,0.0,0.0
ic_g5,edge_off,final_first,linkage,48,0.0,0.0,0.0
ic_g5,edge_off,final_first,linkage,49,0.0,0.0,0.0
ic_g5,edge_off,final_first,linkage,50,0.0,0.0,0.0
ic_g5,edge_off,final_first,linkage,51,0.0,0.0,0.0
ic_g5,edge_off,final_first,stress,42,0.0,0.0,0.0
ic_g5,edge_off,final_first,stress,43,0.0,0.0,0.0
ic_g5,edge_off,final_first,stress,44,0.0,0.0,0.0
ic_g5,edge_off,final_first,stress,45,0.0,0.0,0.0
ic_g5,edge_off,final_first,stress,46,0.0,0.0,0.0
ic_g5,edge_off,final_first,stress,47,0.0,0.0,0.0
ic_g5,edge_off,final_first,stress,48,0.0,0.0,0.0
ic_g5,edge_off,final_first,stress,49,0.0,0.0,0.0
ic_g5,edge_off,final_first,stress,50,0.0,0.0,0.0
ic_g5,edge_off,final_first,stress,51,0.0,0.0,0.0
ic_g5,edge_off,final_first,uniform,42,0.0,0.0,0.0
ic_g5,edge_off,final_first,uniform,43,0.0,0.0,0.0
ic_g5,edge_off,final_first,uniform,44,0.0,0.0,0.0
ic_g5,edge_off,final_first,uniform,45,0.0,0.0,0.0
ic_g5,edge_off,final_first,uniform,46,0.0,0.0,0.0
ic_g5,edge_off,final_first,uniform,47,0.0,0.0,0.0
ic_g5,edge_off,final_first,uniform,48,0.0,0.0,0.0
ic_g5,edge_off,final_first,uniform,49,0.0,0.0,0.0
ic_g5,edge_off,final_first,uniform,50,0.0,0.0,0.0
ic_g5,edge_off,final_first,uniform,51,0.0,0.0,0.0
ic_g5,edge_off,intermediate_first,linkage,42,0.0,0.0,0.0
ic_g5,edge_off,intermediate_first,linkage,43,0.0,0.0,0.0
ic_g5,edge_off,intermediate_first,linkage,44,0.0,0.0,0.0
ic_g5,edge_off,intermediate_first,linkage,45,0.0,0.0,0.0
ic_g5,edge_off,intermediate_first,linkage,46,0.0,0.0,0.0
ic_g5,edge_off,intermediate_first,linkage,47,0.0,0.0,0.0
ic_g5,edge_off,intermediate_first,linkage,48,0.0,0.0,0.0
ic_g5,edge_off,intermediate_first,linkage,49,0.0,0.0,0.0
ic_g5,edge_off,intermediate_first,linkage,50,0.0,0.0,0.0
ic_g5,edge_off,intermediate_first,linkage,51,0.0,0.0,0.0
ic_g5,edge_off,intermediate_first,stress,42,0.0,0.0,0.0
ic_g5,edge_off,intermediate_first,stress,43,0.0,0.0,0.0
ic_g5,edge_off,intermediate_first,stress,44,0.0,0.0,0.0
ic_g5,edge_off,intermediate_first,stress,45,0.0,0.0,0.0
ic_g5,edge_off,intermediate_first,stress,46,0.0,0.0,0.0
ic_g5,edge_off,intermediate_first,stress,47,0.0,0.0,0.0
ic_g5,edge_off,intermediate_first,stress,48,0.0,0.0,0.0
ic_g5,edge_off,intermediate_first,stress,49,0.0,0.0,0.0
ic_g5,edge_off,intermediate_first,stress,50,0.0,0.0,0.0
ic_g5,edge_off,intermediate_first,stress,51,0.0,0.0,0.0
ic_g5,edge_off,intermediate_first,uniform,42,0.0,0.0,0.0
ic_g5,edge_off,intermediate_first,uniform,43,0.0,0.0,0.0
ic_g5,edge_off,intermediate_first,uniform,44,0.0,0.0,0.0
ic_g5,edge_off,intermediate_first,uniform,45,0.0,0.0,0.0
ic_g5,edge_off,intermediate_first,uniform,46,0.0,0.0,0.0
ic_g5,edge_off,intermediate_first,uniform,47,0.0,0.0,0.0
ic_g5,edge_off,intermediate_first,uniform,48,0.0,0.0,0.0
ic_g5,edge_off,intermediate_first,uniform,49,0.0,0.0,0.0
ic_g5,edge_off,intermediate_first,uniform,50,0.0,0.0,0.0
ic_g5,edge_off,intermediate_first,uniform,51,0.0,0.0,0.0
ic_g5,edge_off,proportional,linkage,42,0.0,0.0,0.0
ic_g5,edge_off,proportional,linkage,43,0.0,0.0,0.0
ic_g5,edge_off,proportional,linkage,44,0.0,0.0,0.0
ic_g5,edge_off,proportional,linkage,45,0.0,0.0,0.0
ic_g5,edge_off,proportional,linkage,46,0.0,0.0,0.0
ic_g5,edge_off,proportional,linkage,47,0.0,0.0,0.0
ic_g5,edge_off,proportional,linkage,48,0.0,0.0,0.0
ic_g5,edge_off,proportional,linkage,49,0.0,0.0,0.0
ic_g5,edge_off,proportional,linkage,50,0.0,0.0,0.0
ic_g5,edge_off,proportional,linkage,51,0.0,0.0,0.0
ic_g5,edge_off,proportional,stress,42,0.0,0.0,0.0
ic_g5,edge_off,proportional,stress,43,0.0,0.0,0.0
ic_g5,edge_off,proportional,stress,44,0.0,0.0,0.0
ic_g5,edge_off,proportional,stress,45,0.0,0.0,0.0
ic_g5,edge_off,proportional,stress,46,0.0,0.0,0.0
ic_g5,edge_off,proportional,stress,47,0.0,0.0,0.0
ic_g5,edge_off,proportional,stress,48,0.0,0.0,0.0
ic_g5,edge_off,proportional,stress,49,0.0,0.0,0.0
ic_g5,edge_off,proportional,stress,50,0.0,0.0,0.0
ic_g5,edge_off,proportional,stress,51,0.0,0.0,0.0
ic_g5,edge_off,proportional,uniform,42,0.0,0.0,0.0
ic_g5,edge_off,proportional,uniform,43,0.0,0.0,0.0
ic_g5,edge_off,proportional,uniform,44,0.0,0.0,0.0
ic_g5,edge_off,proportional,uniform,45,0.0,0.0,0.0
ic_g5,edge_off,proportional,uniform,46,0.0,0.0,0.0
ic_g5,edge_off,proportional,uniform,47,0.0,0.0,0.0
ic_g5,edge_off,proportional,uniform,48,0.0,0.0,0.0
ic_g5,edge_off,proportional,uniform,49,0.0,0.0,0.0
ic_g5,edge_off,proportional,uniform,50,0.0,0.0,0.0
ic_g5,edge_off,proportional,uniform,51,0.0,0.0,0.0
ic_g5,private_investment_off,final_first,linkage,42,-3.2250410135770124e-06,25104.044060997665,-358584.6812648773
ic_g5,private_investment_off,final_first,linkage,43,-3.260015326356225e-06,25376.287634022534,-362525.51868104935
ic_g5,private_investment_off,final_first,linkage,44,-3.1126124617752993e-06,24228.888889551163,-345921.0839371085
ic_g5,private_investment_off,final_first,linkage,45,-3.203120510497648e-06,24933.412658005953,-356115.07033228874
ic_g5,private_investment_off,final_first,linkage,46,-3.1358694648764285e-06,24409.92374499142,-348540.09960094094
ic_g5,private_investment_off,final_first,linkage,47,-3.272555319289161e-06,25473.900201246142,-363938.6671901345
ic_g5,private_investment_off,final_first,linkage,48,-3.4342768907569265e-06,26732.75720217079,-382171.16525387764
ic_g5,private_investment_off,final_first,linkage,49,-3.133239226627005e-06,24389.449704945087,-348243.8882577419
ic_g5,private_investment_off,final_first,linkage,50,-2.9538936694439855e-06,22993.4058258757,-328056.3210427761
ic_g5,private_investment_off,final_first,linkage,51,-3.3718040493013746e-06,26246.462313495576,-375126.24154764414
ic_g5,private_investment_off,final_first,stress,42,-3.2256140926056887e-06,25108.504965685308,-358355.0730525851
ic_g5,private_investment_off,final_first,stress,43,-3.2606028924631048e-06,25380.861307151616,-362293.8152985573
ic_g5,private_investment_off,final_first,stress,44,-3.113145550348584e-06,24233.03850491345,-345698.25990638137
ic_g5,private_investment_off,final_first,stress,45,-3.203684563857223e-06,24937.80330452323,-355886.77896404266
ic_g5,private_investment_off,final_first,stress,46,-3.1364102585085263e-06,24414.133337058127,-348315.8660200238
ic_g5,private_investment_off,final_first,stress,47,-3.273148105442658e-06,25478.514507383108,-363706.21433728933
ic_g5,private_investment_off,final_first,stress,48,-3.4349361248686705e-06,26737.88874668628,-381929.1270187497
ic_g5,private_investment_off,final_first,stress,49,-3.1337791465135822e-06,24393.65249557048,-348019.813926965
ic_g5,private_investment_off,final_first,stress,50,-2.954382446684889e-06,22997.210516154766,-327843.2031994462
ic_g5,private_investment_off,final_first,stress,51,-3.3724386253597416e-06,26251.40191580355,-374887.88777559996
ic_g5,private_investment_off,final_first,uniform,42,-3.2250219657026236e-06,25103.895789325237,-358611.7236786783
ic_g5,private_investment_off,final_first,uniform,43,-3.2599960514412274e-06,25376.13759638369,-362552.5593972504
ic_g5,private_investment_off,final_first,uniform,44,-3.1125941432064153e-06,24228.74629675597,-345948.1357808411
ic_g5,private_investment_off,final_first,uniform,45,-3.203101604731806e-06,24933.265493504703,-356142.1145851016
ic_g5,private_investment_off,final_first,uniform,46,-3.1358509955392577e-06,24409.779977343976,-348567.14949443936
ic_g5,private_investment_off,final_first,uniform,47,-3.2725359628837936e-06,25473.749530300498,-363965.70691385865
ic_g5,private_investment_off,final_first,uniform,48,-3.434256485967957e-06,26732.598368398845,-382198.19032776356
ic_g5,private_investment_off,final_first,uniform,49,-3.1332207742762463e-06,24389.30607019365,-348270.93837177753
ic_g5,private_investment_off,final_first,uniform,50,-2.9538798981265657e-06,22993.29862845689,-328083.38618949056
ic_g5,private_investment_off,final_first,uniform,51,-3.3717840495217644e-06,26246.306632496417,-375153.27186754346
ic_g5,private_investment_off,intermediate_first,linkage,42,-2.8994840733931326e-06,28877.257676951587,-342019.77823621035
ic_g5,private_investment_off,intermediate_first,linkage,43,-2.930973994952346e-06,29190.87988050282,-345778.1012123227
ic_g5,private_investment_off,intermediate_first,linkage,44,-2.7951526371250424e-06,27838.17427623272,-329945.2438444197
ic_g5,private_investment_off,intermediate_first,linkage,45,-2.8797479453279706e-06,28680.696756474674,-339664.54392179847
ic_g5,private_investment_off,intermediate_first,linkage,46,-2.8160670072496785e-06,28046.469835281372,-332441.369446367
ic_g5,private_investment_off,intermediate_first,linkage,47,-2.9422649019394953e-06,29303.33106711507,-347125.80170071125
ic_g5,private_investment_off,intermediate_first,linkage,48,-3.08788891045797e-06,30753.665647163987,-364513.88504847884
ic_g5,private_investment_off,intermediate_first,linkage,49,-2.8137016865326103e-06,28022.912548318505,-332159.0511460304
ic_g5,private_investment_off,intermediate_first,linkage,50,-2.652439055617073e-06,26416.82593908906,-312919.0804961622
ic_g5,private_investment_off,intermediate_first,linkage,51,-3.0316320680512376e-06,30193.378612436354,-357795.237534374
ic_g5,private_investment_off,intermediate_first,stress,42,-2.899901703878882e-06,28881.417046368122,-341809.1002654135
ic_g5,private_investment_off,intermediate_first,stress,43,-2.931400364891701e-06,29195.12628748268,-345565.4764004946
ic_g5,private_investment_off,intermediate_first,stress,44,-2.7986531391244185e-06,27873.037339776754,-329738.3320260048
ic_g5,private_investment_off,intermediate_first,stress,45,-2.88016013816339e-06,28684.801969319582,-339455.0893370509
ic_g5,private_investment_off,intermediate_first,stress,46,-2.8195965522392896e-06,28081.622151590884,-332234.71158987284
ic_g5,private_investment_off,intermediate_first,stress,47,-2.9426944240240616e-06,29307.60886950791,-346912.48036813736
ic_g5,private_investment_off,intermediate_first,stress,48,-3.08835997142598e-06,30758.357154607773,-364291.65214782953
ic_g5,private_investment_off,intermediate_first,stress,49,-2.8172279448179793e-06,28058.032130979,-331952.36673527956
ic_g5,private_investment_off,intermediate_first,stress,50,-2.6527915706342498e-06,26420.336792491376,-312714.09640643
ic_g5,private_investment_off,intermediate_first,stress,51,-3.0320868888988883e-06,30197.908375687897,-357576.43159636855
ic_g5,private_investment_off,intermediate_first,uniform,42,-2.8962768170437414e-06,28845.315177865326,-341991.4785293937
ic_g5,private_investment_off,intermediate_first,uniform,43,-2.930990581240245e-06,29191.04506777227,-345748.22358837724
ic_g5,private_investment_off,intermediate_first,uniform,44,-2.7951683525540005e-06,27838.330793619156,-329922.13319036365
ic_g5,private_investment_off,intermediate_first,uniform,45,-2.8765626363114194e-06,28648.972841478884,-339637.7248327136
ic_g5,private_investment_off,intermediate_first,uniform,46,-2.8160828559053996e-06,28046.627679929137,-332418.24076873064
ic_g5,private_investment_off,intermediate_first,uniform,47,-2.942281559503712e-06,29303.496966339648,-347095.92523115873
ic_g5,private_investment_off,intermediate_first,uniform,48,-3.0879064897293418e-06,30753.840726822615,-364484.0234731436
ic_g5,private_investment_off,intermediate_first,uniform,49,-2.8137175197562314e-06,28023.070240326226,-332135.9303615093
ic_g5,private_investment_off,intermediate_first,uniform,50,-2.6524538497829653e-06,26416.97328288853,-312896.87354651093
ic_g5,private_investment_off,intermediate_first,uniform,51,-3.0316492912740856e-06,30193.55014616251,-357765.37020400167
ic_g5,private_investment_off,proportional,linkage,42,-3.02264142204578e-06,27749.960548467934,-347541.9168986976
ic_g5,private_investment_off,proportional,linkage,43,-3.055454241063238e-06,28051.20515523851,-351361.0770287216
ic_g5,private_investment_off,proportional,linkage,44,-2.917166007976313e-06,26781.62253778428,-335269.32077002525
ic_g5,private_investment_off,proportional,linkage,45,-3.002076017666333e-06,27561.155764371157,-345148.557667017
ic_g5,private_investment_off,proportional,linkage,46,-2.938984083211693e-06,26981.92771472037,-337807.4717128277
ic_g5,private_investment_off,proportional,linkage,47,-3.0672194051284407e-06,28159.217584334314,-352730.59316802025
ic_g5,private_investment_off,proportional,linkage,48,-3.2189565600804215e-06,29552.27070567757,-370400.1428798437
ic_g5,private_investment_off,proportional,linkage,49,-2.9365165639116952e-06,26959.274163864553,-337520.40619030595
ic_g5,private_investment_off,proportional,linkage,50,-2.768282202247896e-06,25414.76515814662,-317956.1502496898
ic_g5,private_investment_off,proportional,linkage,51,-3.1603388980228075e-06,29014.119603596628,-363572.73850914836
ic_g5,private_investment_off,proportional,stress,42,-3.0231111510792275e-06,27754.27298936993,-347324.9350512028
ic_g5,private_investment_off,proportional,stress,43,-3.0559337602653613e-06,28055.607477381825,-351142.0984378159
ic_g5,private_investment_off,proportional,stress,44,-2.917604852603617e-06,26785.651437610388,-335058.8022764027
ic_g5,private_investment_off,proportional,stress,45,-3.0025396544619554e-06,27565.41227530688,-344932.8306427002
ic_g5,private_investment_off,proportional,stress,46,-2.9394292425655166e-06,26986.01458942145,-337595.6105939746
ic_g5,private_investment_off,proportional,stress,47,-3.067702455727961e-06,28163.652325816453,-352510.9002401829
ic_g5,private_investment_off,proportional,stress,48,-3.21948613368761e-06,29557.132559657097,-370171.31217449903
ic_g5,private_investment_off,proportional,stress,49,-2.936961007171668e-06,26963.354464046657,-337308.6967674792
ic_g5,private_investment_off,proportional,stress,50,-2.7686789942915624e-06,25418.40798546374,-317754.87330678105
ic_g5,private_investment_off,proportional,stress,51,-3.160850284844585e-06,29018.814490154386,-363347.42137408257
ic_g5,private_investment_off,proportional,uniform,42,-3.0226483822559658e-06,27750.0244461298,-347530.2936793268
ic_g5,private_investment_off,proportional,uniform,43,-3.05546128498424e-06,28051.26982484758,-351349.45506465435
ic_g5,private_investment_off,proportional,uniform,44,-2.91717269773617e-06,26781.68395370245,-335257.6935168505
ic_g5,private_investment_off,proportional,uniform,45,-3.0020829251409253e-06,27561.219178199768,-345136.93366101384
ic_g5,private_investment_off,proportional,uniform,46,-2.938990828593724e-06,26981.989644050598,-337795.8452939093
ic_g5,private_investment_off,proportional,uniform,47,-3.067226479247509e-06,28159.282530739903,-352718.9716540873
ic_g5,private_investment_off,proportional,uniform,48,-3.2189640231106154e-06,29552.33922022581,-370388.52717357874
ic_g5,private_investment_off,proportional,uniform,49,-2.936523303076477e-06,26959.336035043,-337508.7796770334
ic_g5,private_investment_off,proportional,uniform,50,-2.768288510202055e-06,25414.82306906581,-317944.517306
ic_g5,private_investment_off,proportional,uniform,51,-3.1603462109508484e-06,29014.18673992157,-363561.1205588281
ic_r1,edge_off,final_first,buffered_smoothing,42,0.0,0.0,0.0
ic_r1,edge_off,final_first,buffered_smoothing,43,0.0,0.0,0.0
ic_r1,edge_off,final_first,buffered_smoothing,44,0.0,0.0,0.0
ic_r1,edge_off,final_first,buffered_smoothing,45,0.0,0.0,0.0
ic_r1,edge_off,final_first,buffered_smoothing,46,0.0,0.0,0.0
ic_r1,edge_off,final_first,buffered_smoothing,47,0.0,0.0,0.0
ic_r1,edge_off,final_first,buffered_smoothing,48,0.0,0.0,0.0
ic_r1,edge_off,final_first,buffered_smoothing,49,0.0,0.0,0.0
ic_r1,edge_off,final_first,buffered_smoothing,50,0.0,0.0,0.0
ic_r1,edge_off,final_first,buffered_smoothing,51,0.0,0.0,0.0
ic_r1,edge_off,final_first,demand_tracking,42,0.0,0.0,0.0
ic_r1,edge_off,final_first,demand_tracking,43,0.0,0.0,0.0
ic_r1,edge_off,final_first,demand_tracking,44,0.0,0.0,0.0
ic_r1,edge_off,final_first,demand_tracking,45,0.0,0.0,0.0
ic_r1,edge_off,final_first,demand_tracking,46,0.0,0.0,0.0
ic_r1,edge_off,final_first,demand_tracking,47,0.0,0.0,0.0
ic_r1,edge_off,final_first,demand_tracking,48,0.0,0.0,0.0
ic_r1,edge_off,final_first,demand_tracking,49,0.0,0.0,0.0
ic_r1,edge_off,final_first,demand_tracking,50,0.0,0.0,0.0
ic_r1,edge_off,final_first,demand_tracking,51,0.0,0.0,0.0
ic_r1,edge_off,final_first,rule,42,0.0,0.0,0.0
ic_r1,edge_off,final_first,rule,43,0.0,0.0,0.0
ic_r1,edge_off,final_first,rule,44,0.0,0.0,0.0
ic_r1,edge_off,final_first,rule,45,0.0,0.0,0.0
ic_r1,edge_off,final_first,rule,46,0.0,0.0,0.0
ic_r1,edge_off,final_first,rule,47,0.0,0.0,0.0
ic_r1,edge_off,final_first,rule,48,0.0,0.0,0.0
ic_r1,edge_off,final_first,rule,49,0.0,0.0,0.0
ic_r1,edge_off,final_first,rule,50,0.0,0.0,0.0
ic_r1,edge_off,final_first,rule,51,0.0,0.0,0.0
ic_r1,edge_off,intermediate_first,buffered_smoothing,42,0.0,0.0,0.0
ic_r1,edge_off,intermediate_first,buffered_smoothing,43,0.0,0.0,0.0
ic_r1,edge_off,intermediate_first,buffered_smoothing,44,0.0,0.0,0.0
ic_r1,edge_off,intermediate_first,buffered_smoothing,45,0.0,0.0,0.0
ic_r1,edge_off,intermediate_first,buffered_smoothing,46,0.0,0.0,0.0
ic_r1,edge_off,intermediate_first,buffered_smoothing,47,0.0,0.0,0.0
ic_r1,edge_off,intermediate_first,buffered_smoothing,48,0.0,0.0,0.0
ic_r1,edge_off,intermediate_first,buffered_smoothing,49,0.0,0.0,0.0
ic_r1,edge_off,intermediate_first,buffered_smoothing,50,0.0,0.0,0.0
ic_r1,edge_off,intermediate_first,buffered_smoothing,51,0.0,0.0,0.0
ic_r1,edge_off,intermediate_first,demand_tracking,42,0.0,0.0,0.0
ic_r1,edge_off,intermediate_first,demand_tracking,43,0.0,0.0,0.0
ic_r1,edge_off,intermediate_first,demand_tracking,44,0.0,0.0,0.0
ic_r1,edge_off,intermediate_first,demand_tracking,45,0.0,0.0,0.0
ic_r1,edge_off,intermediate_first,demand_tracking,46,0.0,0.0,0.0
ic_r1,edge_off,intermediate_first,demand_tracking,47,0.0,0.0,0.0
ic_r1,edge_off,intermediate_first,demand_tracking,48,0.0,0.0,0.0
ic_r1,edge_off,intermediate_first,demand_tracking,49,0.0,0.0,0.0
ic_r1,edge_off,intermediate_first,demand_tracking,50,0.0,0.0,0.0
ic_r1,edge_off,intermediate_first,demand_tracking,51,0.0,0.0,0.0
ic_r1,edge_off,intermediate_first,rule,42,0.0,0.0,0.0
ic_r1,edge_off,intermediate_first,rule,43,0.0,0.0,0.0
ic_r1,edge_off,intermediate_first,rule,44,0.0,0.0,0.0
ic_r1,edge_off,intermediate_first,rule,45,0.0,0.0,0.0
ic_r1,edge_off,intermediate_first,rule,46,0.0,0.0,0.0
ic_r1,edge_off,intermediate_first,rule,47,0.0,0.0,0.0
ic_r1,edge_off,intermediate_first,rule,48,0.0,0.0,0.0
ic_r1,edge_off,intermediate_first,rule,49,0.0,0.0,0.0
ic_r1,edge_off,intermediate_first,rule,50,0.0,0.0,0.0
ic_r1,edge_off,intermediate_first,rule,51,0.0,0.0,0.0
ic_r1,edge_off,proportional,buffered_smoothing,42,0.0,0.0,0.0
ic_r1,edge_off,proportional,buffered_smoothing,43,0.0,0.0,0.0
ic_r1,edge_off,proportional,buffered_smoothing,44,0.0,0.0,0.0
ic_r1,edge_off,proportional,buffered_smoothing,45,0.0,0.0,0.0
ic_r1,edge_off,proportional,buffered_smoothing,46,0.0,0.0,0.0
ic_r1,edge_off,proportional,buffered_smoothing,47,0.0,0.0,0.0
ic_r1,edge_off,proportional,buffered_smoothing,48,0.0,0.0,0.0
ic_r1,edge_off,proportional,buffered_smoothing,49,0.0,0.0,0.0
ic_r1,edge_off,proportional,buffered_smoothing,50,0.0,0.0,0.0
ic_r1,edge_off,proportional,buffered_smoothing,51,0.0,0.0,0.0
ic_r1,edge_off,proportional,demand_tracking,42,0.0,0.0,0.0
ic_r1,edge_off,proportional,demand_tracking,43,0.0,0.0,0.0
ic_r1,edge_off,proportional,demand_tracking,44,0.0,0.0,0.0
ic_r1,edge_off,proportional,demand_tracking,45,0.0,0.0,0.0
ic_r1,edge_off,proportional,demand_tracking,46,0.0,0.0,0.0
ic_r1,edge_off,proportional,demand_tracking,47,0.0,0.0,0.0
ic_r1,edge_off,proportional,demand_tracking,48,0.0,0.0,0.0
ic_r1,edge_off,proportional,demand_tracking,49,0.0,0.0,0.0
ic_r1,edge_off,proportional,demand_tracking,50,0.0,0.0,0.0
ic_r1,edge_off,proportional,demand_tracking,51,0.0,0.0,0.0
ic_r1,edge_off,proportional,rule,42,0.0,0.0,0.0
ic_r1,edge_off,proportional,rule,43,0.0,0.0,0.0
ic_r1,edge_off,proportional,rule,44,0.0,0.0,0.0
ic_r1,edge_off,proportional,rule,45,0.0,0.0,0.0
ic_r1,edge_off,proportional,rule,46,0.0,0.0,0.0
ic_r1,edge_off,proportional,rule,47,0.0,0.0,0.0
ic_r1,edge_off,proportional,rule,48,0.0,0.0,0.0
ic_r1,edge_off,proportional,rule,49,0.0,0.0,0.0
ic_r1,edge_off,proportional,rule,50,0.0,0.0,0.0
ic_r1,edge_off,proportional,rule,51,0.0,0.0,0.0
ic_r1,private_investment_off,final_first,buffered_smoothing,42,-0.00020426337034751274,1627344.6652905047,-6843576.988258364
ic_r1,private_investment_off,final_first,buffered_smoothing,43,-0.00020641436835100446,1644893.8331436515,-6918375.869277563
ic_r1,private_investment_off,final_first,buffered_smoothing,44,-0.0001973398113028768,1570918.462888062,-6603216.169028687
ic_r1,private_investment_off,final_first,buffered_smoothing,45,-0.00020291453745735488,1616344.6024136543,-6796702.6529830005
ic_r1,private_investment_off,final_first,buffered_smoothing,46,-0.0001987731424306638,1582592.382925272,-6652926.273846585
ic_r1,private_investment_off,final_first,buffered_smoothing,47,-0.00020718528437135841,1651185.6128917634,-6945198.068732163
ic_r1,private_investment_off,final_first,buffered_smoothing,48,-0.0002171122016549898,1732306.1060646474,-7291259.113976516
ic_r1,private_investment_off,final_first,buffered_smoothing,49,-0.00019861106998209088,1581272.1685874164,-6647304.048243903
ic_r1,private_investment_off,final_first,buffered_smoothing,50,-0.00018754273062193683,1491230.492468208,-6264134.869025744
ic_r1,private_investment_off,final_first,buffered_smoothing,51,-0.00021328078089810631,1700974.0176948905,-7157543.273371374
ic_r1,private_investment_off,final_first,demand_tracking,42,-0.0008564026910304889,6822869.652146101,-11170015.4038739
ic_r1,private_investment_off,final_first,demand_tracking,43,-0.0008654003771285668,6896282.2448375225,-11292101.36193512
ic_r1,private_investment_off,final_first,demand_tracking,44,-0.0008274383355195702,6586801.464878738,-10777700.966863913
ic_r1,private_investment_off,final_first,demand_tracking,45,-0.0008507602658558433,6776851.875151575,-11093507.599845357
ic_r1,private_investment_off,final_first,demand_tracking,46,-0.0008334349675749309,6635644.107742369,-10858837.284537653
ic_r1,private_investment_off,final_first,demand_tracking,47,-0.0008686250365268489,6922601.5142070055,-11335880.27778388
ic_r1,private_investment_off,final_first,demand_tracking,48,-0.0009101433525131597,7261899.0316281915,-11900717.527761828
ic_r1,private_investment_off,final_first,demand_tracking,49,-0.0008327569140942348,6630120.524369895,-10849660.746201962
ic_r1,private_investment_off,final_first,demand_tracking,50,-0.0007864451606623968,6253353.570914388,-10224255.984700803
ic_r1,private_investment_off,final_first,demand_tracking,51,-0.0008941199089597118,7130856.926914036,-11682467.91913404
ic_r1,private_investment_off,final_first,rule,42,-0.000125811051215452,1002323.3371783495,-5899003.970764269
ic_r1,private_investment_off,final_first,rule,43,-0.000127134992304323,1013125.038187027,-5963478.864069059
ic_r1,private_investment_off,final_first,rule,44,-0.00012154946139109057,967591.3430373967,-5691818.54280976
ic_r1,private_investment_off,final_first,rule,45,-0.00012498083340450883,995552.6006651819,-5858599.385502707
ic_r1,private_investment_off,final_first,rule,46,-0.00012243172221804155,974777.1184843481,-5734667.495369363
ic_r1,private_investment_off,final_first,rule,47,-0.0001276094869796518,1016997.6579584479,-5986598.975285558
ic_r1,private_investment_off,final_first,rule,48,-0.0001337192253831887,1066925.8975951374,-6284895.536210613
ic_r1,private_investment_off,final_first,rule,49,-0.00012233196191591134,973964.4760171473,-5729821.267846574
ic_r1,private_investment_off,final_first,rule,50,-0.00011551880912041845,918538.2448182702,-5399538.359718198
ic_r1,private_investment_off,final_first,rule,51,-0.0001313611433800821,1047641.943561703,-6169635.595972173
ic_r1,private_investment_off,intermediate_first,buffered_smoothing,42,-0.00018921881694611287,1932992.4520180821,-8767957.697499845
ic_r1,private_investment_off,intermediate_first,buffered_smoothing,43,-0.00019120008602158123,1953767.7946382165,-8863789.661649901
ic_r1,private_investment_off,intermediate_first,buffered_smoothing,44,-0.00018284004258506403,1866183.9105007052,-8460008.579844289
ic_r1,private_investment_off,intermediate_first,buffered_smoothing,45,-0.00018797630142641797,1919969.4910179973,-8707902.52613293
ic_r1,private_investment_off,intermediate_first,buffered_smoothing,46,-0.00018416078341376707,1880006.9644157887,-8523696.925416986
ic_r1,private_investment_off,intermediate_first,buffered_smoothing,47,-0.000191910116461802,1961215.9047161937,-8898154.133705249
ic_r1,private_investment_off,intermediate_first,buffered_smoothing,48,-0.00020105044285523288,2057229.6833262444,-9341525.869080039
ic_r1,private_investment_off,intermediate_first,buffered_smoothing,49,-0.00018401144703761307,1878443.7327111363,-8516493.757200317
ic_r1,private_investment_off,intermediate_first,buffered_smoothing,50,-0.00017380984048798176,1771809.4774403572,-8025579.260273538
ic_r1,private_investment_off,intermediate_first,buffered_smoothing,51,-0.00019752318373256195,2020148.5669826865,-9170209.781612467
ic_r1,private_investment_off,intermediate_first,demand_tracking,42,-0.0005101946878983687,5211968.326853991,-12088714.135976288
ic_r1,private_investment_off,intermediate_first,demand_tracking,43,-0.0005155405219748888,5268023.093631327,-12220841.281164203
ic_r1,private_investment_off,intermediate_first,demand_tracking,44,-0.0004929840211471692,5031714.253564954,-11664133.067020446
ic_r1,private_investment_off,intermediate_first,demand_tracking,45,-0.0005068421832025161,5176830.9149906635,-12005913.805033907
ic_r1,private_investment_off,intermediate_first,demand_tracking,46,-0.0004965474741168707,5069009.2222626805,-11751942.592337955
ic_r1,private_investment_off,intermediate_first,demand_tracking,47,-0.0005174563330507809,5288119.298166335,-12268220.875528518
ic_r1,private_investment_off,intermediate_first,demand_tracking,48,-0.0005421196132572303,5547187.782668352,-12879514.217699386
ic_r1,private_investment_off,intermediate_first,demand_tracking,49,-0.000496144552405875,5064791.565903485,-11742011.312506462
ic_r1,private_investment_off,intermediate_first,demand_tracking,50,-0.00046862070720754545,4777097.821531415,-11065168.970960194
ic_r1,private_investment_off,intermediate_first,demand_tracking,51,-0.0005326018672265898,5447132.222752154,-12643314.26330408
ic_r1,private_investment_off,intermediate_first,rule,42,-0.00014024266714440792,1432669.4427989125,-7879474.868865165
ic_r1,private_investment_off,intermediate_first,rule,43,-0.00014171051802336354,1448061.3060207963,-7965595.899463843
ic_r1,private_investment_off,intermediate_first,rule,44,-0.00013551678321754856,1383172.0714324117,-7602731.137066824
ic_r1,private_investment_off,intermediate_first,rule,45,-0.00013932212617695505,1423021.0385774374,-7825505.263871972
ic_r1,private_investment_off,intermediate_first,rule,46,-0.0001364952990807744,1393413.4516865015,-7659965.756084514
ic_r1,private_investment_off,intermediate_first,rule,47,-0.00014223655114575795,1453579.3708115816,-7996478.118936603
ic_r1,private_investment_off,intermediate_first,rule,48,-0.0001490081191589665,1524711.5173525214,-8394921.69804361
ic_r1,private_investment_off,intermediate_first,rule,49,-0.00013638465840215552,1392255.269647479,-7653492.505996221
ic_r1,private_investment_off,intermediate_first,rule,50,-0.0001288263095671205,1313249.4431525469,-7212323.812584406
ic_r1,private_investment_off,intermediate_first,rule,51,-0.00014639499511992504,1497240.1417217255,-8240965.571382789
ic_r1,private_investment_off,proportional,buffered_smoothing,42,-0.0001970252905315606,1854297.2544834614,-8138019.313824661
ic_r1,private_investment_off,proportional,buffered_smoothing,43,-0.00019909192332645542,1874249.4651764035,-8226966.1817317875
ic_r1,private_investment_off,proportional,buffered_smoothing,44,-0.0001903721696362437,1790138.6322804093,-7852194.957273445
ic_r1,private_investment_off,proportional,buffered_smoothing,45,-0.00019572927747235624,1841790.4933051467,-8082278.836812729
ic_r1,private_investment_off,proportional,buffered_smoothing,46,-0.00019174965624557672,1803413.060030222,-7911307.581241047
ic_r1,private_investment_off,proportional,buffered_smoothing,47,-0.00019983256319200393,1881402.582368791,-8258861.720800788
ic_r1,private_investment_off,proportional,buffered_smoothing,48,-0.00020936775185331769,1973618.5730574727,-8670379.188170968
ic_r1,private_investment_off,proportional,buffered_smoothing,49,-0.0001915939024369484,1801911.866063416,-7904621.928311319
ic_r1,private_investment_off,proportional,buffered_smoothing,50,-0.00018095487121427833,1699515.314838469,-7448977.433292171
ic_r1,private_investment_off,proportional,buffered_smoothing,51,-0.00020568793438835442,1938003.0953273773,-8511371.39220755
ic_r1,private_investment_off,proportional,demand_tracking,42,-0.0006163898845421567,5801133.791069508,-11818693.451837907
ic_r1,private_investment_off,proportional,demand_tracking,43,-0.0006228546316419115,5863547.554983139,-11947869.326796774
ic_r1,private_investment_off,proportional,demand_tracking,44,-0.0005955777583718236,5600433.907044172,-11403596.077295061
ic_r1,private_investment_off,proportional,demand_tracking,45,-0.0006123357440676047,5762010.500929892,-11737742.59816468
ic_r1,private_investment_off,proportional,demand_tracking,46,-0.0005998867861614077,5641958.822172403,-11489444.237008799
ic_r1,private_investment_off,proportional,demand_tracking,47,-0.0006251714623739524,5885923.619981825,-11994190.622458639
ic_r1,private_investment_off,proportional,demand_tracking,48,-0.0006549986811075215,6174387.177200258,-12591829.754214276
ic_r1,private_investment_off,proportional,demand_tracking,49,-0.0005993995591401236,5637262.795889199,-11479734.788130065
ic_r1,private_investment_off,proportional,demand_tracking,50,-0.0005661184140787201,5316943.988755941,-10818010.798301145
ic_r1,private_investment_off,proportional,demand_tracking,51,-0.0006434878261400989,6062977.8920840025,-12360905.702000286
ic_r1,private_investment_off,proportional,rule,42,-0.00013715751016041278,1290853.5439093113,-7213757.4282943355
ic_r1,private_investment_off,proportional,rule,43,-0.00013859530371962414,1304734.8658462167,-7292602.304958444
ic_r1,private_investment_off,proportional,rule,44,-0.00013252869602120576,1246215.4478080273,-6960395.093339429
ic_r1,private_investment_off,proportional,rule,45,-0.00013625584150556147,1282152.1480224133,-7164347.582409797
ic_r1,private_investment_off,proportional,rule,46,-0.00013348707579574626,1255451.1989696622,-7012794.1002486255
ic_r1,private_investment_off,proportional,rule,47,-0.000139110575844259,1309711.4526665807,-7320875.361707958
ic_r1,private_investment_off,proportional,rule,48,-0.000145744118137503,1373866.299485445,-7685655.423371295
ic_r1,private_investment_off,proportional,rule,49,-0.00013337871092045095,1254406.736492455,-7006867.7591298595
ic_r1,private_investment_off,proportional,rule,50,-0.00012597642432599088,1183161.6414313912,-6602972.322924376
ic_r1,private_investment_off,proportional,rule,51,-0.00014318414807712454,1349088.9633381963,-7544706.670971657
