task,condition,import_case,seed,absorption,shock_multiplier,periods,cumulative_value_added,cumulative_shortage,cumulative_final_demand,cumulative_final_delivered,cumulative_final_shortage,final_fill_rate,cumulative_welfare,mean_service_rate,terminal_output,terminal_backlog,fiscal_spend,private_spend,terminal_ai_effective_mean,terminal_technology_mean,terminal_edge_health_mean,cumulative_private_ai,peak_output,output_range,peak_mean_effective_ai,config_sha256
ic_e1,baseline_demand,proportional,42,0.2,1.0,30,3858645468.9696693,0.0,9180698823.625961,9180698823.62596,1.693028025329113e-06,0.9999999999999998,3858645468.9696693,1.0,689952178.0536817,0.0,0.0,413971306.8322093,0.009367806000933732,1.0,1.0,413971306.8322093,689952178.0536817,0.0,0.009367806000933732,b4cf388f36149ecdb5079e5794463ede933444e11f4f061d6f3b3ecb06c8105b
ic_e1,baseline_demand,proportional,42,0.9,1.0,30,3858645468.9696693,0.0,9180698823.625961,9180698823.62596,1.693028025329113e-06,0.9999999999999998,3858645468.9696693,1.0,689952178.0536817,0.0,0.0,413971306.8322093,0.042155127004201806,1.0,1.0,413971306.8322093,689952178.0536817,0.0,0.042155127004201806,3c7d681c3bb6e1db07ffe1596aa1ae8e49e133985cf7c7a459ecbf728f81b4c1
ic_e1,baseline_demand,intermediate_first,42,0.2,1.0,30,3858645468.9696693,0.0,9959446903.5495,9959446903.549498,1.7005950212478638e-06,0.9999999999999998,3858645468.9696693,1.0,689952178.0536817,0.0,0.0,413971306.8322093,0.009367806000933732,1.0,1.0,413971306.8322093,689952178.0536817,0.0,0.009367806000933732,4f1e706c1bbc88ec1127ec73abe9f01a64693960d05b77d17842978ec6d6c83e
ic_e1,baseline_demand,intermediate_first,42,0.9,1.0,30,3858645468.9696693,0.0,9959446903.5495,9959446903.549498,1.7005950212478638e-06,0.9999999999999998,3858645468.9696693,1.0,689952178.0536817,0.0,0.0,413971306.8322093,0.042155127004201806,1.0,1.0,413971306.8322093,689952178.0536817,0.0,0.042155127004201806,3375d5a7d861a38f4364a9eec13cd02c3005f1d9d51372c68783ee5cc24afdff
ic_e1,baseline_demand,final_first,42,0.2,1.0,30,3858645468.9696684,0.0,7784100715.347655,7784100715.347655,1.5477417036890984e-06,1.0,3858645468.9696684,1.0,689952178.0536817,0.0,0.0,413971306.8322093,0.009367806000933732,1.0,1.0,413971306.8322093,689952178.0536817,1.1920928955078125e-07,0.009367806000933732,bd889070b0ce18e6ef9f8b36f5900832556990bedfc64cea82222af5c19e21bd
ic_e1,baseline_demand,final_first,42,0.9,1.0,30,3858645468.9696684,0.0,7784100715.347655,7784100715.347655,1.5477417036890984e-06,1.0,3858645468.9696684,1.0,689952178.0536817,0.0,0.0,413971306.8322093,0.042155127004201806,1.0,1.0,413971306.8322093,689952178.0536817,1.1920928955078125e-07,0.042155127004201806,9eee9dfd27fafaa2f367818d318c34c3d0edc9fc35992a46f96f1df18d5d7b9a
ic_e1,sector8_demand_shock,proportional,42,0.2,1.0065049171299387,30,3859260589.1051044,95610120.35385033,9245270985.901236,9171907306.281994,73363679.6192412,0.9920647345295645,3840138565.034334,0.9954422478018967,689952178.1109746,0.0,0.0,413971306.8322093,0.009367806000933732,1.0,0.9999999755530401,413971306.8322093,690386290.0878016,434112.03411984444,0.009367806000933732,754b21a0f6134aa8f347d5150867cd69d37fd4c513c824aeb94cdda5baba20c2
ic_e1,sector8_demand_shock,proportional,42,0.9,1.0065049171299387,30,3859627764.2596064,92256644.447301,9245270985.901236,9174358983.489174,70912002.4120612,0.9923299162869104,3841176435.3701463,0.9956020661550155,689952178.0764441,0.0,0.0,413971306.8322093,0.042155127004201806,1.0,0.9999999763650016,413971306.8322093,690704105.6354042,751927.5817224979,0.042155127004201806,acd07132baa8d55aeb4fabc168527b5e8a05399a925d9723ef1403f9c8a60968
ic_e1,sector8_demand_shock,proportional,43,0.2,1.0175058076979606,30,3859266032.1778316,96666811.11489427,9245976746.279392,9171804522.059092,74172224.22030163,0.9919778919787844,3839932669.954853,0.9953925438720888,689952178.1121175,0.0,0.0,413971306.8322093,0.009367806000933732,1.0,0.9999999752935219,413971306.8322093,690390042.3685949,437864.31491315365,0.009367806000933732,c351fea433bf06234b556d29068a118700e4efd5f3857519c662d9e50eec1dae
ic_e1,sector8_demand_shock,proportional,43,0.9,1.0175058076979606,30,3859633423.3991213,93311360.4123046,9245976746.279392,9174256417.702295,71720328.57709746,0.9922430771193582,3840971151.3166604,0.9955524336299338,689952178.0769249,0.0,0.0,413971306.8322093,0.042155127004201806,1.0,0.9999999761082284,413971306.8322093,690707857.9162165,755679.8625347614,0.042155127004201806,1b3baaffe8190d59361b34f0781f1fef8c9140833435306db2848135ea1335fc
ic_e1,sector8_demand_shock,proportional,44,0.2,0.9711543472663869,30,3859243098.182552,92214520.66840398,9243003075.73517,9172237880.450197,70765195.28497288,0.9923439173713199,3840800194.048871,0.9956020654852239,689952178.107302,0.0,0.0,413971306.8322093,0.009367806000933732,1.0,0.9999999763885747,413971306.8322093,690374232.40358,422054.3498982191,0.009367806000933732,146bb0cbb25b93ec295892e678921d2f70967b4934d64ff49e35ea16e8eb7e4a
ic_e1,sector8_demand_shock,proportional,44,0.9,0.9711543472663869,30,3859609579.0219874,88867390.62676056,9243003075.73517,9174688892.066284,68314183.66888675,0.992609092184744,3841836100.896635,0.9957616544339555,689952178.074899,0.0,0.0,413971306.8322093,0.042155127004201806,1.0,0.9999999771916906,413971306.8322093,690692047.9511219,739869.8974401951,0.042155127004201806,37343af3d33cb0f2c154692cffaadce5e691052060cd284732c126e4529e62fa
ic_e1,sector8_demand_shock,proportional,45,0.2,0.9996109713143555,30,3859257178.0859337,94947922.25234982,9244828705.908018,9171971739.5575,72856966.35051844,0.9921191653552264,3840267593.6354637,0.9954734031953595,689952178.1102585,0.0,0.0,413971306.8322093,0.009367806000933732,1.0,0.9999999757157924,413971306.8322093,690383938.6399496,431760.58626782894,0.009367806000933732,4279a7f7f20e7b316f10595d2b5109a98fed90f2d72e5f00150edb37b2b91cc7
ic_e1,sector8_demand_shock,proportional,45,0.9,0.9996109713143555,30,3859624217.837514,91595683.8944171,9244828705.908018,9174423282.594675,70405423.31334315,0.9923843452861003,3841305081.0586305,0.9956331768048926,689952178.0761428,0.0,0.0,413971306.8322093,0.042155127004201806,1.0,0.9999999765260319,413971306.8322093,690701754.1875404,749576.1338586807,0.042155127004201806,1e08edecd5554162954c429ddbe146e9d95a3be20224be34a7d0032f16764e5a
ic_e1,sector8_demand_shock,proportional,46,0.2,0.9784653580164804,30,3859246715.559137,92916779.94996783,9243472112.462679,9172169477.105188,71302635.35749131,0.992286163198204,3840663359.5691433,0.9955690006419692,689952178.1080616,0.0,0.0,413971306.8322093,0.009367806000933732,1.0,0.9999999762155745,413971306.8322093,690376726.1076257,424548.05394399166,0.009367806000933732,a1a7056f7783502ea33a4ac78cb1c7e8aecae01b1c8107c6a02b595dd1ea712c
ic_e1,sector8_demand_shock,proportional,46,0.9,0.9784653580164804,30,3859613339.993002,89568337.49138959,9243472112.462679,9174620621.787388,68851490.67529123,0.9925513389516846,3841699672.4947243,0.9957286370286516,689952178.0752184,0.0,0.0,413971306.8322093,0.042155127004201806,1.0,0.9999999770205243,413971306.8322093,690694541.6551801,742363.6014983654,0.042155127004201806,9dccf704ab3cc6b987a2f390bff3791660d09d0ff25f65d95221ea6cfb576c1f
ic_e1,sector8_demand_shock,proportional,47,0.2,1.021450627152114,30,3859267984.0142736,97045730.82563357,9246229825.541704,9171767674.724752,74462150.81695181,0.9919467553563012,3839858837.849147,0.9953747240066609,689952178.1125275,0.0,0.0,413971306.8322093,0.009367806000933732,1.0,0.999999975200518,413971306.8322093,690391387.9024105,439209.848728776,0.009367806000933732,65f22a7304ee2f1f96a697f7483dc3d7f4be448528f82d2dc3dd30c952116ae3
ic_e1,sector8_demand_shock,proportional,47,0.9,1.021450627152114,30,3859635452.7151513,93689571.97911814,9246229825.541704,9174219649.989342,72010175.55236314,0.9922119418496994,3840897538.3193274,0.9955346393713741,689952178.0770975,0.0,0.0,413971306.8322093,0.042155127004201806,1.0,0.9999999760162082,413971306.8322093,690709203.4500388,757025.3963570595,0.042155127004201806,d2967cf61f38a18f4a0ec22468619f26f9d616758a92ed6c2b72fef0fe1774f8
ic_e1,sector8_demand_shock,proportional,48,0.2,1.0723468389231177,30,3859293166.682506,101934567.45767331,9249495063.88256,9171292744.840708,78202319.041853,0.9915452337125712,3838906253.1909714,0.9951449775564841,689952178.1178154,0.0,0.0,413971306.8322093,0.009367806000933732,1.0,0.9999999740032782,413971306.8322093,690408748.0312175,456569.97753572464,0.009367806000933732,9489f87f6022fbf120932538a1f53c4543a31004be3ddaea252a5a331c558ded
ic_e1,sector8_demand_shock,proportional,48,0.9,1.0723468389231177,30,3859661635.0279946,98569272.11108361,9249495063.88256,9173745807.634983,75749256.24757901,0.9918104441675564,3839947780.6057777,0.9953052233862361,689952178.0793221,0.0,0.0,413971306.8322093,0.042155127004201806,1.0,0.9999999748316202,413971306.8322093,690726563.5789332,774385.5252515078,0.042155127004201806,e9364a100a93abaf7c3818a696ddcda6269b8234b88ef0226969e40f95772c06
ic_e1,sector8_demand_shock,proportional,49,0.2,0.9776384808257907,30,3859246306.432918,92837354.24512784,9243419064.288517,9172177212.60012,71241851.68839523,0.9922926948142343,3840678835.583893,0.9955727399642912,689952178.1079756,0.0,0.0,413971306.8322093,0.009367806000933732,1.0,0.9999999762351355,413971306.8322093,690376444.0690588,424266.0153770447,0.009367806000933732,4196915f8717174815ba9a4313bbe38dfc8b4fbf5df2a0bc27cacee1cf79f736
ic_e1,sector8_demand_shock,proportional,49,0.9,0.9776384808257907,30,3859612914.6262164,89489060.22124153,9243419064.288517,9174628342.111706,68790722.17681049,0.99255787044833,3841715102.5819683,0.9957323709855667,689952178.0751823,0.0,0.0,413971306.8322093,0.042155127004201806,1.0,0.9999999770398782,413971306.8322093,690694259.6166116,742081.5629298687,0.042155127004201806,70729e80654ebdf143605a8c5825008be21b56ef4b993dae24f44d88f100b195
ic_e1,sector8_demand_shock,proportional,50,0.2,0.9212846670764326,30,3859218423.4252367,87424287.55892868,9239803694.364016,9172704976.624731,67098717.73928413,0.9927380797299609,3841733565.913451,0.9958277768378749,689952178.1021208,0.0,0.0,413971306.8322093,0.009367806000933732,1.0,0.9999999775714264,413971306.8322093,690357222.4130565,405044.3593747616,0.009367806000933732,5bad6f9249ae9fe5c67ac95741eb7dcf3d13e320d78e409372dccccaf5334f63
ic_e1,sector8_demand_shock,proportional,50,0.9,0.9212846670764326,30,3859583924.7820096,84086109.74222909,9239803694.364016,9175155145.68528,64648548.67873602,0.9930032551754135,3842766702.833564,0.9959870422905113,689952178.072719,0.0,0.0,413971306.8322093,0.042155127004201806,1.0,0.9999999783573691,413971306.8322093,690675037.9605123,722859.9068305492,0.042155127004201806,4a7804fdb54953320d6b284afb47a50232678b335b53c1b42a9890fe8a08d7dc
ic_e1,sector8_demand_shock,proportional,51,0.2,1.0526808585011613,30,3859283436.2558327,100045551.31715642,9248233396.04816,9171476150.668432,76757245.37972863,0.991700334313305,3839274325.992401,0.9952337136202506,689952178.1157722,0.0,0.0,413971306.8322093,0.009367806000933732,1.0,0.9999999744652918,413971306.8322093,690402040.1851743,449862.13149261475,0.009367806000933732,e83333a8d0716b86d5e4de3b13280e1bd29acf2146941c8ee3f86ad57e07507c
ic_e1,sector8_demand_shock,proportional,51,0.9,1.0526808585011613,30,3859651518.3448462,96683786.25750458,9248233396.04816,9173928780.097786,74304615.9503753,0.9919655340897727,3840314761.093345,0.9953938317418367,689952178.0784625,0.0,0.0,413971306.8322093,0.042155127004201806,1.0,0.9999999752887533,413971306.8322093,690719855.7328564,767677.6791746616,0.042155127004201806,2d6144860fcf5b3e4f9dbd74fbc28a930fd762be011d941b82c84c388d045f97
ic_e1,sector8_demand_shock,intermediate_first,42,0.2,1.0065049171299387,30,3859256909.92065,104991731.37720263,10031134625.430044,9947695430.16607,83439195.26397426,0.9916819783225274,3838258563.6452093,0.9950013779290019,689952178.0849905,0.0,0.0,413971306.8322093,0.009367806000933732,1.0,0.9999999733543413,413971306.8322093,690383478.4656899,431300.4120081663,0.009367806000933732,8b4b5b11d5e398140cd3dfd09cdcae54ebf382418abb97df6689e6a5ef654390
ic_e1,sector8_demand_shock,intermediate_first,42,0.9,1.0065049171299387,30,3859626308.524751,101633493.93015555,10031134625.430044,9950237812.196508,80896813.23353608,0.9919354274212956,3839299609.73872,0.9951612344768244,689952178.0650955,0.0,0.0,413971306.8322093,0.042155127004201806,1.0,0.9999999741709232,413971306.8322093,690701652.0474204,749473.9937386513,0.042155127004201806,3bf010c67f5575c799f115bbadd3d066741dc8b29e046b51134658553bed96ae
ic_e1,sector8_demand_shock,intermediate_first,43,0.2,1.0175058076979606,30,3859262309.6884794,106150935.34627514,10031918157.402971,9947566845.054161,84351312.34880996,0.9915917064886974,3838032122.6192245,0.9949469910725309,689952178.0856076,0.0,0.0,413971306.8322093,0.009367806000933732,1.0,0.9999999730731319,413971306.8322093,690387198.8979733,435020.8442915678,0.009367806000933732,d3ae10a804ba8ff3b98997bfc3d3c9a53abfd4d29a67abb96e945a862427aa42
ic_e1,sector8_demand_shock,intermediate_first,43,0.9,1.0175058076979606,30,3859631940.608011,102790584.50813197,10031918157.402971,9950109389.959572,81808767.44339944,0.9918451520277776,3839073823.706384,0.995106923698422,689952178.0653313,0.0,0.0,413971306.8322093,0.042155127004201806,1.0,0.9999999738935162,413971306.8322093,690705372.4797113,753194.426029563,0.042155127004201806,12417bdb522ad96ae2cb92be06d1dbbdd13dcf35e2921a12cf5d4d43aa0e9b3e
ic_e1,sector8_demand_shock,intermediate_first,44,0.2,0.9711543472663869,30,3859239558.1552763,101266712.877821,10028616801.843128,9948109692.859108,80507108.98401971,0.9919722619205847,3838986215.579712,0.9951762631328886,689952178.0830076,0.0,0.0,413971306.8322093,0.009367806000933732,1.0,0.9999999742599066,413971306.8322093,690371523.1243628,419345.0706810951,0.009367806000933732,e67874b65d75176a8dd697936ebde329bade9ced7a9fbb77da3155745a7cde20
ic_e1,sector8_demand_shock,intermediate_first,44,0.9,0.9711543472663869,30,3859608210.230468,97915266.66091533,10028616801.843128,9950651597.851479,77965203.99165033,0.9922257270835874,3840025156.8982844,0.9953358752687301,689952178.0643382,0.0,0.0,413971306.8322093,0.042155127004201806,1.0,0.9999999750642512,413971306.8322093,690689696.7060692,737518.6523874998,0.042155127004201806,c0cea39ede0bb1e697bda404a72e840de6590ebae0205eb6c5ddf3983e958baf
ic_e1,sector8_demand_shock,intermediate_first,45,0.2,0.9996109713143555,30,3859253526.03943,104265291.15846445,10030643608.186237,9947776090.398973,82867517.78726377,0.9917385642413181,3838400467.8077374,0.9950354694298288,689952178.0846039,0.0,0.0,413971306.8322093,0.009367806000933732,1.0,0.9999999735307115,413971306.8322093,690381146.976395,428968.9227132797,0.009367806000933732,058cd32dbea2c3c59718b909076f3f5c3a82b93bcaf1b5a28354caea68ffc10e
ic_e1,sector8_demand_shock,intermediate_first,45,0.9,0.9996109713143555,30,3859622779.0580463,100908378.11362131,10030643608.186237,9950318373.825357,80325234.36088069,0.9919920159165734,3839441103.4353223,0.9951952783061563,689952178.0649478,0.0,0.0,413971306.8322093,0.042155127004201806,1.0,0.9999999743449092,413971306.8322093,690699320.5581207,747142.5044389963,0.042155127004201806,d182117aca1052b64c123a18c4b63d5a9331c38e97804b76a7224a9dd2ef351a
ic_e1,sector8_demand_shock,intermediate_first,46,0.2,0.9784653580164804,30,3859243146.7521367,102037100.74966204,10029137524.292068,9948023883.119707,81113641.17236176,0.9919122017246357,3838835726.6022043,0.9951400796945485,689952178.0834178,0.0,0.0,413971306.8322093,0.009367806000933732,1.0,0.9999999740723821,413971306.8322093,690373995.6624129,421817.6087311506,0.009367806000933732,d1d4d8e4db5ee197fe444a1dff572873f0ec923475ef5dc7c4acf9ae97721aa0
ic_e1,sector8_demand_shock,intermediate_first,46,0.9,0.9784653580164804,30,3859611953.2203383,98684250.00782871,10029137524.292068,9950565880.915575,78571643.3764936,0.9921656629808714,3839875103.2187724,0.9952997423708948,689952178.0644948,0.0,0.0,413971306.8322093,0.042155127004201806,1.0,0.9999999748792597,413971306.8322093,690692169.2441243,739991.1904425621,0.042155127004201806,181862d48e95e6720450d357785f218c4b4388e75c618e0f65e50d5f5b0c6d3d
ic_e1,sector8_demand_shock,intermediate_first,47,0.2,1.021450627152114,30,3859264245.9961786,106566615.3624472,10032199124.85289,9947520773.461466,84678351.39142501,0.9915593430375949,3837950922.9236894,0.9949274926448592,689952178.0858289,0.0,0.0,413971306.8322093,0.009367806000933732,1.0,0.9999999729723613,413971306.8322093,690388533.0112025,436354.95752072334,0.009367806000933732,c8d2aad89d6933dcfadae4e18c9450d43da07892ea56f6db61b8c10765c46456
ic_e1,sector8_demand_shock,intermediate_first,47,0.9,1.021450627152114,30,3859633960.221914,103205506.68144912,10032199124.85289,9950063378.419474,82135746.43341652,0.9918127874645211,3838992858.885624,0.9950874525537905,689952178.0654159,0.0,0.0,413971306.8322093,0.042155127004201806,1.0,0.9999999737941092,413971306.8322093,690706706.5929432,754528.5392614603,0.042155127004201806,b5b440286faac09cd0529fcef50318f4186b026657376124ed8b4e3924ad3bcc
ic_e1,sector8_demand_shock,intermediate_first,48,0.2,1.0723468389231177,30,3859289228.311987,111929734.86378624,10035824177.65901,9946928123.437796,88896054.22121324,0.9911421271788412,3836903281.33923,0.9946761220695642,689952178.0886838,0.0,0.0,413971306.8322093,0.009367806000933732,1.0,0.9999999716754686,413971306.8322093,690405745.7911675,453567.7374857664,0.009367806000933732,b416fd7aa6109ebcad2ec26066a65b3e666b9f77cb10dbef5592b08d493442aa
ic_e1,sector8_demand_shock,intermediate_first,48,0.9,1.0723468389231177,30,3859660017.357552,108558848.46523456,10035824177.65901,9949471579.928898,86352597.73011014,0.9913955649081274,3837948247.664505,0.9948364340863077,689952178.0665063,0.0,0.0,413971306.8322093,0.042155127004201806,1.0,0.9999999725147722,413971306.8322093,690723919.372943,771741.3192613125,0.042155127004201806,afa9f76740606f0eb5f83f8e85e2a8074f668b1a3561b5329302c939c4a1c194
ic_e1,sector8_demand_shock,intermediate_first,49,0.2,0.9776384808257907,30,3859242740.8809123,101949969.68379062,10029078630.449558,9948033584.691225,81045045.7583336,0.9919189938832197,3838852746.9441543,0.9951441716676193,689952178.0833714,0.0,0.0,413971306.8322093,0.009367806000933732,1.0,0.9999999740935848,413971306.8322093,690373716.0177255,421537.96404373646,0.009367806000933732,8c046b38ba9f65d89c056ce9c1279459eb4dcb3455529a9fef0878ffbb0e3ab7
ic_e1,sector8_demand_shock,intermediate_first,49,0.9,0.9776384808257907,30,3859611529.8872247,98597277.7940872,10029078630.449558,9950575571.836763,78503058.61279422,0.9921724555659132,3839892074.3284073,0.9953038286276268,689952178.0644771,0.0,0.0,413971306.8322093,0.042155127004201806,1.0,0.9999999749001759,413971306.8322093,690691889.599436,739711.5457543135,0.042155127004201806,654da13e1ab825379662ba4e35281a3194d3fc90f4a3c9116106533c619f1866
ic_e1,sector8_demand_shock,intermediate_first,50,0.2,0.9212846670764326,30,3859215079.709496,96011762.76464635,10025064863.146273,9948696917.90496,76367945.24131165,0.9923822991388263,3840012727.1565666,0.9954232805966291,689952178.0802102,0.0,0.0,413971306.8322093,0.009367806000933732,1.0,0.999999975542329,413971306.8322093,690354657.51079,402479.4571082592,0.009367806000933732,843b8bb16b2fd085016e449bdc87db5f078ff8a7a5cb8b28c68938210bcea436
ic_e1,sector8_demand_shock,intermediate_first,50,0.9,0.9212846670764326,30,3859582678.6430235,92669897.05737548,10025064863.146273,9951238273.061132,73826590.08514038,0.9926357992598593,3841048699.2315483,0.995582548090523,689952178.0632697,0.0,0.0,413971306.8322093,0.042155127004201806,1.0,0.9999999763294412,413971306.8322093,690672831.0924624,720653.0387806892,0.042155127004201806,2337e5b41ee1bc142fdfd69153d66a04710444a9843474a1031e094f7ebf60a3
ic_e1,sector8_demand_shock,intermediate_first,51,0.2,1.0526808585011613,30,3859279575.3002443,109857458.76548076,10034423479.747847,9947156733.728977,87266746.0188695,0.9913032625945081,3837308083.547148,0.9947732063603847,689952178.0875807,0.0,0.0,413971306.8322093,0.009367806000933732,1.0,0.9999999721758662,413971306.8322093,690399094.8798025,446916.8261207342,0.009367806000933732,3bae40ed5c3f9a3f1676767cea1b9fee21dee3be3ab0834dd43768e541e16f18
ic_e1,sector8_demand_shock,intermediate_first,51,0.9,1.0526808585011613,30,3859649949.042096,106490350.41632232,10034423479.747847,9949699844.453651,84723635.29419696,0.9915567012429573,3838351878.958832,0.9949333823026499,689952178.0660849,0.0,0.0,413971306.8322093,0.042155127004201806,1.0,0.9999999730083929,413971306.8322093,690717268.4615643,765090.4078825712,0.042155127004201806,755dea6e04316eab936f02f289ea56d82f2e0742567676776ed2ea708b11b415
ic_e1,sector8_demand_shock,final_first,42,0.2,1.0065049171299387,30,3859241023.1532917,77317745.69539616,7835248630.90594,7780923578.602606,54325052.30333395,0.9930665822027587,3843777474.014212,0.9963050553850349,689952178.2010092,0.0,0.0,413971306.8322093,0.009367806000933732,1.0,0.9999999799670252,413971306.8322093,690372982.5593005,420804.50561892986,0.009367806000933732,f242fd7cd392ba423421031f1b1d3a37ff23a895c68f01a00f13a8e5a16f2a42
ic_e1,sector8_demand_shock,final_first,42,0.9,1.0065049171299387,30,3859602653.889667,73984380.00335155,7835248630.90594,7783158633.997861,52089996.90807926,0.9933518386764892,3844805777.8889966,0.9964642889776681,689952178.1204803,0.0,0.0,413971306.8322093,0.042155127004201806,1.0,0.9999999807140878,413971306.8322093,690680977.6119945,728799.5583128929,0.042155127004201806,a629681fa7f618abfcea56c384646b4c2621ad227aacfbaf85d60f935e003ee2
ic_e1,sector8_demand_shock,final_first,43,0.2,1.0175058076979606,30,3859246258.567486,78174555.80295561,7835807667.044027,7780872478.3752775,54935188.66875062,0.9929892117056679,3843611347.4068947,0.9962645510038352,689952178.2040977,0.0,0.0,413971306.8322093,0.009367806000933732,1.0,0.9999999797519198,413971306.8322093,690376591.6277066,424413.5740250349,0.009367806000933732,defe6a19275f2e141222589e9e6d2a1477397c29cded828343b5748dfcdf7f06
ic_e1,sector8_demand_shock,final_first,43,0.9,1.0175058076979606,30,3859608707.283725,74833643.95227222,7835807667.044027,7783111915.617161,52695751.42686713,0.993275007036161,3844641978.4932704,0.9964241288907282,689952178.1213187,0.0,0.0,413971306.8322093,0.042155127004201806,1.0,0.9999999805020756,413971306.8322093,690690449.8327594,738271.7790777683,0.042155127004201806,4ff13ad90051469a712fe92ba300a57975ff2fc6f544d3f71656cecbbce02eeb
ic_e1,sector8_demand_shock,final_first,44,0.2,0.9711543472663869,30,3859224199.526496,74564448.10002293,7833452208.522357,7781086843.655789,52365364.86656775,0.9933151612504131,3844311309.9064918,0.9964352781654345,689952178.1910838,0.0,0.0,413971306.8322093,0.009367806000933732,1.0,0.9999999806592945,413971306.8322093,690361385.0777769,409207.02409529686,0.009367806000933732,702d9618e0b938e929bee3e9349d88bb86cb90f986699bbe5cbe042cd8cd9458
ic_e1,sector8_demand_shock,final_first,44,0.9,0.9711543472663869,30,3859583201.7434683,71255331.44549768,7833452208.522357,7783307823.282006,50144385.24035072,0.9935986862617485,3845332135.4543686,0.9965934053616178,689952178.1177859,0.0,0.0,413971306.8322093,0.042155127004201806,1.0,0.999999981396394,413971306.8322093,690658891.2576466,706713.2039649487,0.042155127004201806,3e21178a2fde2d0cb5ea7df6e9c622186e35b33d3210d723e778a031bcb3a870
ic_e1,sector8_demand_shock,final_first,45,0.2,0.9996109713143555,30,3859237742.2678294,76780807.12503357,7834898298.828631,7780955531.210716,53942767.61791502,0.9931150647321128,3843881580.8428226,0.9963304432131643,689952178.1990734,0.0,0.0,413971306.8322093,0.009367806000933732,1.0,0.9999999801019044,413971306.8322093,690370720.8585862,418542.8049045801,0.009367806000933732,3b88014ef2d07f809d567226eed094fedf2673cf467a4043f7478cab34d4ee4a
ic_e1,sector8_demand_shock,final_first,45,0.9,0.9996109713143555,30,3859598860.399446,73452170.39638002,7834898298.828631,7783187840.995873,51710457.83275844,0.9933999835274838,3844908426.32017,0.9964894610439768,689952178.119955,0.0,0.0,413971306.8322093,0.042155127004201806,1.0,0.9999999808470266,413971306.8322093,690675041.6401455,722863.5864639282,0.042155127004201806,697925c1eef824993d0c6647a8a7bdc1fc898fb69702858bd3b49e8a5d72d9d2
ic_e1,sector8_demand_shock,final_first,46,0.2,0.9784653580164804,30,3859227678.8966355,75133869.9901925,7833823734.73562,7781053196.956219,52770537.77940108,0.9932637573212921,3844200904.8985972,0.9964083380860242,689952178.1931366,0.0,0.0,413971306.8322093,0.009367806000933732,1.0,0.9999999805159926,413971306.8322093,690363783.6052272,411605.55154561996,0.009367806000933732,b3be25b3f8b543775db7f43227c9e2d066b311d1864d18b14a2a8c49c841cd4d
ic_e1,sector8_demand_shock,final_first,46,0.9,0.9784653580164804,30,3859587224.7295575,71819738.28287864,7833823734.73562,7783277087.018669,50546647.7169508,0.9935476404079883,3845223277.072982,0.996566694105002,689952178.1183432,0.0,0.0,413971306.8322093,0.042155127004201806,1.0,0.9999999812551554,413971306.8322093,690661288.2966162,709110.2429345846,0.042155127004201806,d586296b06936dd9b76510d1661c6985d29d7980c0da160ac712370a49185dc4
ic_e1,sector8_demand_shock,final_first,47,0.2,1.021450627152114,30,3859248135.939464,78481800.1265496,7836008132.326312,7780854120.793304,55154011.5330083,0.9929614657614407,3843551775.914154,0.9962500288333224,689952178.2052054,0.0,0.0,413971306.8322093,0.009367806000933732,1.0,0.9999999796748225,413971306.8322093,690377885.8068608,425707.75317919254,0.009367806000933732,16aa0b0240595cc79cd7bee5b14963c4ab79509138d03118f4942159c79b513d
ic_e1,sector8_demand_shock,final_first,47,0.9,1.021450627152114,30,3859610877.975854,75138182.29190843,7836008132.326312,7783095129.4996195,52913002.82669394,0.9932474543245549,3844583241.5174723,0.996409730179871,689952178.1216193,0.0,0.0,413971306.8322093,0.042155127004201806,1.0,0.9999999804260866,413971306.8322093,690693846.4851036,741668.4314219952,0.042155127004201806,d0cb0d2b88432fd4a3daca804e3247130cc5645e0b2913ed4496cf4c2c4090bc
ic_e1,sector8_demand_shock,final_first,48,0.2,1.0723468389231177,30,3859272357.86435,82445878.16675468,7838594543.080592,7780615707.74885,57978835.33174289,0.9926034144242194,3842783182.2309985,0.9960627735893899,689952178.2194954,0.0,0.0,413971306.8322093,0.009367806000933732,1.0,0.999999978681878,413971306.8322093,690394583.3558605,442405.3021788597,0.009367806000933732,3a209d8bf5f9648f671cddb82824bfca41f8fc82c4f78bcb55145ae4f1681ce9
ic_e1,sector8_demand_shock,final_first,48,0.9,1.0723468389231177,30,3859636067.377583,79093335.01100665,7838594543.080592,7782859251.850297,55735291.230295666,0.9928896320732019,3843817400.3753815,0.9962228140263011,689952178.1284788,0.0,0.0,413971306.8322093,0.042155127004201806,1.0,0.9999999794487843,413971306.8322093,690711682.8361546,759504.7824729681,0.042155127004201806,cb746809b780c5558740ea04af21a951db4859edde3ddd20cdffa7375df5c7ce
ic_e1,sector8_demand_shock,final_first,49,0.2,0.9776384808257907,30,3859227285.378981,75069468.22838476,7833781715.025624,7781057005.536307,52724709.489317775,0.9932695712738348,3844213391.7333045,0.9964113848034983,689952178.1929044,0.0,0.0,413971306.8322093,0.009367806000933732,1.0,0.9999999805321966,413971306.8322093,690363512.3311577,411334.2774760723,0.009367806000933732,eb8ef561d6119dd7a8848509422014af227aaade564bc37eb19bc69a750333c5
ic_e1,sector8_demand_shock,final_first,49,0.9,0.9776384808257907,30,3859586769.7288,71755903.72482711,7833781715.025624,7783280566.410738,50501148.614886515,0.9935534138616573,3845235588.9838343,0.9965697149426626,689952178.1182802,0.0,0.0,413971306.8322093,0.042155127004201806,1.0,0.9999999812711261,413971306.8322093,690661017.1908942,708839.1372126341,0.042155127004201806,d1a7564fbe8191025627ea82bcd33d7f776e110b1dc2ef871fc4565bb4d71a81
ic_e1,sector8_demand_shock,final_first,50,0.2,0.9212846670764326,30,3859200466.13525,70680322.01890782,7830917963.385684,7781314667.479928,49603295.905756064,0.9936657112055468,3845064401.7314687,0.996619154193601,689952178.177082,0.0,0.0,413971306.8322093,0.009367806000933732,1.0,0.9999999816386064,413971306.8322093,690345024.3034216,392846.24974000454,0.009367806000933732,1166b9dd8f84c12f69f826ebb1fbfa2780ca8c3f4af4072cc12550a7d595082f
ic_e1,sector8_demand_shock,final_first,50,0.9,0.9212846670764326,30,3859555760.2529607,67405413.91464122,7830917963.385684,7783515803.808441,47402159.57724302,0.9939467940030943,3846074677.470032,0.9967757204946068,689952178.1139851,0.0,0.0,413971306.8322093,0.042155127004201806,1.0,0.9999999823614649,413971306.8322093,690642540.6364628,690362.5827811956,0.042155127004201806,a633859323689177bc224e9de610959b7db7fc09dc0c316c3863d9686b8cf8dc
ic_e1,sector8_demand_shock,final_first,51,0.2,1.0526808585011613,30,3859262998.66294,80914183.00810981,7837595170.013582,7780708170.231983,56886999.781599134,0.9927417787538648,3843080162.061318,0.9961351035804706,689952178.2139739,0.0,0.0,413971306.8322093,0.009367806000933732,1.0,0.9999999790651568,413971306.8322093,690388131.5265429,435953.47286129,0.009367806000933732,3b42fa03e9e5c866974d69b0b564ae322be15c866168c8bbc2171f841cf565f1
ic_e1,sector8_demand_shock,final_first,51,0.9,1.0526808585011613,30,3859626382.04656,77564648.51502885,7837595170.013582,7782951029.475351,54644140.538230754,0.9930279455173574,3844113452.343554,0.9962950342130228,689952178.125778,0.0,0.0,413971306.8322093,0.042155127004201806,1.0,0.9999999798260086,413971306.8322093,690705231.0068189,753052.9531372786,0.042155127004201806,a6d11435d88c4a831c2374da483220307f4b3a1b26776b82a0efdd4a2739dc43
