condition,import_case,absorption,n,final_fill_rate,cumulative_final_shortage,cumulative_private_ai,terminal_ai_effective_mean
baseline_demand,final_first,0.2,1,1.0,1.5477417036890984e-06,413971306.8322093,0.009367806000933732
baseline_demand,final_first,0.9,1,1.0,1.5477417036890984e-06,413971306.8322093,0.042155127004201806
baseline_demand,intermediate_first,0.2,1,0.9999999999999998,1.7005950212478638e-06,413971306.8322093,0.009367806000933732
baseline_demand,intermediate_first,0.9,1,0.9999999999999998,1.7005950212478638e-06,413971306.8322093,0.042155127004201806
baseline_demand,proportional,0.2,1,0.9999999999999998,1.693028025329113e-06,413971306.8322093,0.009367806000933732
baseline_demand,proportional,0.9,1,0.9999999999999998,1.693028025329113e-06,413971306.8322093,0.042155127004201806
sector8_demand_shock,final_first,0.2,10,0.9930991718631151,54068676.32773925,413971306.8322092,0.009367806000933732
sector8_demand_shock,final_first,0.9,10,0.9933838395689737,51838298.191235624,413971306.8322092,0.042155127004201806
sector8_demand_shock,intermediate_first,0.2,10,0.9917202738530755,83053291.81875825,413971306.8322092,0.009367806000933732
sector8_demand_shock,intermediate_first,0.9,10,0.9919737293871485,80510929.05616184,413971306.8322092,0.042155127004201806
sector8_demand_shock,proportional,0.2,10,0.9921014970359472,73022298.54987383,413971306.8322092,0.009367806000933732
sector8_demand_shock,proportional,0.9,10,0.9923666815559569,70570674.72525437,413971306.8322092,0.042155127004201806
