period,output,base_output,final_demand,final_delivered,final_shortage,final_fill_rate,outside_demand,outside_delivered,internal_orders,internal_delivered,value_added,shortage,backlog,price_index,edge_health_mean,ai_effective_mean,supplier_hhi,congestion_loss,congestion_cumulative,service_rate,technology_gain,technology_mean,coordination_rate,qualification_mean,government_inventory_spend,government_qualification_spend,government_edge_repair_spend,profit_total,private_investment,private_rd,private_ai,fiscal_cost_cumulative,welfare,shock_active
0,689952178.0536817,689952178.053682,306023294.12086535,306023294.1208653,8.050119504332542e-08,0.9999999999999998,186715128.25883138,186715128.25883126,197213755.67398515,197213755.67398515,128621515.63232228,0.0,0.0,1.0,1.0,0.0,0.3333333333333333,0.0,0.0,1.0,0.0,1.0,0.0,1.0,0.0,0.0,0.0,25724303.126464732,0.0,0.0,0.0,0.0,128621515.63232228,0
1,689952178.0536817,689952178.053682,306023294.12086535,306023294.1208653,7.747439667582512e-08,0.9999999999999998,186715128.25883138,186715128.25883126,197213755.67398512,197213755.67398512,128621515.6323223,0.0,0.0,1.0,1.0,0.0,0.3333333333333333,0.0,0.0,1.0,0.0,1.0,0.0,1.0,0.0,0.0,0.0,25724303.12646471,0.0,0.0,0.0,0.0,128621515.6323223,0
2,689952178.0536817,689952178.053682,306023294.12086535,306023294.1208653,6.816117092967033e-08,0.9999999999999998,186715128.25883138,186715128.25883126,197213755.67398512,197213755.67398512,128621515.6323223,0.0,0.0,1.0,1.0,0.0,0.3333333333333333,0.0,0.0,1.0,0.0,1.0,0.0,1.0,0.0,0.0,0.0,25724303.126464743,0.0,0.0,0.0,0.0,128621515.6323223,0
3,689952178.0536817,689952178.053682,306023294.12086535,306023294.1208653,7.747439667582512e-08,0.9999999999999998,186715128.25883138,186715128.25883126,197213755.67398512,197213755.67398512,128621515.6323223,0.0,0.0,1.0,1.0,0.0,0.3333333333333333,0.0,0.0,1.0,0.0,1.0,0.0,1.0,0.0,0.0,0.0,25724303.126464702,0.0,0.0,0.0,0.0,128621515.6323223,0
4,689952178.0536817,689952178.053682,306023294.12086535,306023294.1208653,6.816117092967033e-08,0.9999999999999998,186715128.25883138,186715128.25883126,197213755.67398512,197213755.67398512,128621515.6323223,0.0,0.0,1.0,1.0,0.0,0.3333333333333333,0.0,0.0,1.0,0.0,1.0,0.0,1.0,0.0,0.0,0.0,25724303.126464736,0.0,0.0,0.0,0.0,128621515.6323223,0
5,689952178.0536817,689952178.053682,306023294.12086535,306023294.1208653,7.747439667582512e-08,0.9999999999999998,186715128.25883138,186715128.25883126,197213755.67398512,197213755.67398512,128621515.6323223,0.0,0.0,1.0,1.0,0.0,0.3333333333333333,0.0,0.0,1.0,0.0,1.0,0.0,1.0,0.0,0.0,0.0,25724303.126464695,0.0,0.0,0.0,0.0,128621515.6323223,0
6,689952178.0536817,689952178.053682,306023294.12086535,306023294.1208653,6.816117092967033e-08,0.9999999999999998,186715128.25883138,186715128.25883126,197213755.67398512,197213755.67398512,128621515.6323223,0.0,0.0,1.0,1.0,0.0,0.3333333333333333,0.0,0.0,1.0,0.0,1.0,0.0,1.0,0.0,0.0,0.0,25724303.126464732,0.0,0.0,0.0,0.0,128621515.6323223,0
7,689952178.0536817,689952178.053682,306023294.12086535,306023294.1208653,7.747439667582512e-08,0.9999999999999998,186715128.25883138,186715128.25883126,197213755.67398512,197213755.67398512,128621515.6323223,0.0,0.0,1.0,1.0,0.0,0.3333333333333333,0.0,0.0,1.0,0.0,1.0,0.0,1.0,0.0,0.0,0.0,25724303.12646469,0.0,0.0,0.0,0.0,128621515.6323223,0
8,689952178.0536817,689952178.053682,306023294.12086535,306023294.1208653,6.816117092967033e-08,0.9999999999999998,186715128.25883138,186715128.25883126,197213755.67398512,197213755.67398512,128621515.6323223,0.0,0.0,1.0,1.0,0.0,0.3333333333333333,0.0,0.0,1.0,0.0,1.0,0.0,1.0,0.0,0.0,0.0,25724303.126464725,0.0,0.0,0.0,0.0,128621515.6323223,0
9,689952178.0536817,689952178.053682,306023294.12086535,306023294.1208653,7.747439667582512e-08,0.9999999999999998,186715128.25883138,186715128.25883126,197213755.67398512,197213755.67398512,128621515.6323223,0.0,0.0,1.0,1.0,0.0,0.3333333333333333,0.0,0.0,1.0,0.0,1.0,0.0,1.0,0.0,0.0,0.0,25724303.126464684,0.0,0.0,0.0,0.0,128621515.6323223,0
10,689952178.0536817,689952178.053682,306023294.12086535,306023294.1208653,6.816117092967033e-08,0.9999999999999998,186715128.25883138,186715128.25883126,197213755.67398512,197213755.67398512,128621515.6323223,0.0,0.0,1.0,1.0,0.0,0.3333333333333333,0.0,0.0,1.0,0.0,1.0,0.0,1.0,0.0,0.0,0.0,25724303.12646472,0.0,0.0,0.0,0.0,128621515.6323223,0
11,689952178.0536817,689952178.053682,306023294.12086535,306023294.1208653,7.747439667582512e-08,0.9999999999999998,186715128.25883138,186715128.25883126,197213755.67398512,197213755.67398512,128621515.6323223,0.0,0.0,1.0,1.0,0.0,0.3333333333333333,0.0,0.0,1.0,0.0,1.0,0.0,1.0,0.0,0.0,0.0,25724303.12646468,0.0,0.0,0.0,0.0,128621515.6323223,0
12,689952178.0536817,689952178.053682,306023294.12086535,306023294.1208653,6.816117092967033e-08,0.9999999999999998,186715128.25883138,186715128.25883126,197213755.67398512,197213755.67398512,128621515.6323223,0.0,0.0,1.0,1.0,0.0,0.3333333333333333,0.0,0.0,1.0,0.0,1.0,0.0,1.0,0.0,0.0,0.0,25724303.126464713,0.0,0.0,0.0,0.0,128621515.6323223,0
13,689952178.0536817,689952178.053682,306023294.12086535,306023294.1208653,7.747439667582512e-08,0.9999999999999998,186715128.25883138,186715128.25883126,197213755.67398512,197213755.67398512,128621515.6323223,0.0,0.0,1.0,1.0,0.0,0.3333333333333333,0.0,0.0,1.0,0.0,1.0,0.0,1.0,0.0,0.0,0.0,25724303.126464672,0.0,0.0,0.0,0.0,128621515.6323223,0
14,689952178.0536817,689952178.053682,306023294.12086535,306023294.1208653,6.816117092967033e-08,0.9999999999999998,186715128.25883138,186715128.25883126,197213755.67398512,197213755.67398512,128621515.6323223,0.0,0.0,1.0,1.0,0.0,0.3333333333333333,0.0,0.0,1.0,0.0,1.0,0.0,1.0,0.0,0.0,0.0,25724303.126464706,0.0,0.0,0.0,0.0,128621515.6323223,0
15,689952178.0536817,689952178.053682,306023294.12086535,306023294.1208653,7.747439667582512e-08,0.9999999999999998,186715128.25883138,186715128.25883126,197213755.67398512,197213755.67398512,128621515.6323223,0.0,0.0,1.0,1.0,0.0,0.3333333333333333,0.0,0.0,1.0,0.0,1.0,0.0,1.0,0.0,0.0,0.0,25724303.126464665,0.0,0.0,0.0,0.0,128621515.6323223,0
16,689952178.0536817,689952178.053682,306023294.12086535,306023294.1208653,6.816117092967033e-08,0.9999999999999998,186715128.25883138,186715128.25883126,197213755.67398512,197213755.67398512,128621515.6323223,0.0,0.0,1.0,1.0,0.0,0.3333333333333333,0.0,0.0,1.0,0.0,1.0,0.0,1.0,0.0,0.0,0.0,25724303.126464702,0.0,0.0,0.0,0.0,128621515.6323223,0
17,689952178.0536817,689952178.053682,306023294.12086535,306023294.1208653,7.747439667582512e-08,0.9999999999999998,186715128.25883138,186715128.25883126,197213755.67398512,197213755.67398512,128621515.6323223,0.0,0.0,1.0,1.0,0.0,0.3333333333333333,0.0,0.0,1.0,0.0,1.0,0.0,1.0,0.0,0.0,0.0,25724303.12646466,0.0,0.0,0.0,0.0,128621515.6323223,0
18,689952178.0536817,689952178.053682,306023294.12086535,306023294.1208653,6.816117092967033e-08,0.9999999999999998,186715128.25883138,186715128.25883126,197213755.67398512,197213755.67398512,128621515.6323223,0.0,0.0,1.0,1.0,0.0,0.3333333333333333,0.0,0.0,1.0,0.0,1.0,0.0,1.0,0.0,0.0,0.0,25724303.126464695,0.0,0.0,0.0,0.0,128621515.6323223,0
19,689952178.0536817,689952178.053682,306023294.12086535,306023294.1208653,7.747439667582512e-08,0.9999999999999998,186715128.25883138,186715128.25883126,197213755.67398512,197213755.67398512,128621515.6323223,0.0,0.0,1.0,1.0,0.0,0.3333333333333333,0.0,0.0,1.0,0.0,1.0,0.0,1.0,0.0,0.0,0.0,25724303.126464654,0.0,0.0,0.0,0.0,128621515.6323223,0
20,689952178.0536817,689952178.053682,306023294.12086535,306023294.1208653,6.816117092967033e-08,0.9999999999999998,186715128.25883138,186715128.25883126,197213755.67398512,197213755.67398512,128621515.6323223,0.0,0.0,1.0,1.0,0.0,0.3333333333333333,0.0,0.0,1.0,0.0,1.0,0.0,1.0,0.0,0.0,0.0,25724303.12646469,0.0,0.0,0.0,0.0,128621515.6323223,0
21,689952178.0536817,689952178.053682,306023294.12086535,306023294.1208653,7.747439667582512e-08,0.9999999999999998,186715128.25883138,186715128.25883126,197213755.67398512,197213755.67398512,128621515.6323223,0.0,0.0,1.0,1.0,0.0,0.3333333333333333,0.0,0.0,1.0,0.0,1.0,0.0,1.0,0.0,0.0,0.0,25724303.12646465,0.0,0.0,0.0,0.0,128621515.6323223,0
22,689952178.0536817,689952178.053682,306023294.12086535,306023294.1208653,6.816117092967033e-08,0.9999999999999998,186715128.25883138,186715128.25883126,197213755.67398512,197213755.67398512,128621515.6323223,0.0,0.0,1.0,1.0,0.0,0.3333333333333333,0.0,0.0,1.0,0.0,1.0,0.0,1.0,0.0,0.0,0.0,25724303.126464684,0.0,0.0,0.0,0.0,128621515.6323223,0
23,689952178.0536817,689952178.053682,306023294.12086535,306023294.1208653,7.747439667582512e-08,0.9999999999999998,186715128.25883138,186715128.25883126,197213755.67398512,197213755.67398512,128621515.6323223,0.0,0.0,1.0,1.0,0.0,0.3333333333333333,0.0,0.0,1.0,0.0,1.0,0.0,1.0,0.0,0.0,0.0,25724303.126464643,0.0,0.0,0.0,0.0,128621515.6323223,0
24,689952178.0536817,689952178.053682,306023294.12086535,306023294.1208653,6.816117092967033e-08,0.9999999999999998,186715128.25883138,186715128.25883126,197213755.67398512,197213755.67398512,128621515.6323223,0.0,0.0,1.0,1.0,0.0,0.3333333333333333,0.0,0.0,1.0,0.0,1.0,0.0,1.0,0.0,0.0,0.0,25724303.126464676,0.0,0.0,0.0,0.0,128621515.6323223,0
25,689952178.0536817,689952178.053682,306023294.12086535,306023294.1208653,7.747439667582512e-08,0.9999999999999998,186715128.25883138,186715128.25883126,197213755.67398512,197213755.67398512,128621515.6323223,0.0,0.0,1.0,1.0,0.0,0.3333333333333333,0.0,0.0,1.0,0.0,1.0,0.0,1.0,0.0,0.0,0.0,25724303.126464635,0.0,0.0,0.0,0.0,128621515.6323223,0
26,689952178.0536817,689952178.053682,306023294.12086535,306023294.1208653,6.816117092967033e-08,0.9999999999999998,186715128.25883138,186715128.25883126,197213755.67398512,197213755.67398512,128621515.6323223,0.0,0.0,1.0,1.0,0.0,0.3333333333333333,0.0,0.0,1.0,0.0,1.0,0.0,1.0,0.0,0.0,0.0,25724303.126464672,0.0,0.0,0.0,0.0,128621515.6323223,0
27,689952178.0536817,689952178.053682,306023294.12086535,306023294.1208653,7.747439667582512e-08,0.9999999999999998,186715128.25883138,186715128.25883126,197213755.67398512,197213755.67398512,128621515.6323223,0.0,0.0,1.0,1.0,0.0,0.3333333333333333,0.0,0.0,1.0,0.0,1.0,0.0,1.0,0.0,0.0,0.0,25724303.12646463,0.0,0.0,0.0,0.0,128621515.6323223,0
28,689952178.0536817,689952178.053682,306023294.12086535,306023294.1208653,6.816117092967033e-08,0.9999999999999998,186715128.25883138,186715128.25883126,197213755.67398512,197213755.67398512,128621515.6323223,0.0,0.0,1.0,1.0,0.0,0.3333333333333333,0.0,0.0,1.0,0.0,1.0,0.0,1.0,0.0,0.0,0.0,25724303.126464665,0.0,0.0,0.0,0.0,128621515.6323223,0
29,689952178.0536817,689952178.053682,306023294.12086535,306023294.1208653,7.747439667582512e-08,0.9999999999999998,186715128.25883138,186715128.25883126,197213755.67398512,197213755.67398512,128621515.6323223,0.0,0.0,1.0,1.0,0.0,0.3333333333333333,0.0,0.0,1.0,0.0,1.0,0.0,1.0,0.0,0.0,0.0,25724303.126464624,0.0,0.0,0.0,0.0,128621515.6323223,0
