import_case,case,edge_enabled,final_fill_rate,final_shortage,value_added,welfare,fiscal_spend,private_spend,max_price,terminal_pending_capacity,binding_capacity_fraction,binding_domestic_fraction,binding_import_fraction,actual_IO_edge_mismatch_max,actual_IO_edge_health_min
proportional,homogeneous_ai1,False,0.9999999999999998,1.693028025329113e-06,3858645468.9696693,3858645468.9696693,0.0,1034928267.0805233,1.0,0.0,0.0,1.0,1.0,0.0,1.0
proportional,homogeneous_ai1,True,0.9999999999999998,1.693028025329113e-06,3858645468.9696693,3858645468.9696693,0.0,1034928267.0805233,1.0,0.0,0.0,1.0,1.0,0.0,1.0
proportional,homogeneous_ai2,False,0.9999999999999998,1.693028025329113e-06,3858645468.9696693,3858645468.9696693,0.0,1034928267.0805233,1.0,0.0,0.0,1.0,1.0,0.154220183486238,1.0
proportional,homogeneous_ai2,True,0.9964070026405638,32986226.631066233,3851539157.416673,3841225428.558698,0.0,1034928267.0805233,1.0,0.0,0.0,1.0,0.06666666666666667,0.154220183486238,0.9974409926089909
proportional,heterogeneous_ai1,False,0.9999999999999998,1.693028025329113e-06,3858645468.9696693,3858645468.9696693,0.0,1034928267.0805233,1.0,0.0,0.03076923076923077,1.0,1.0,0.5494545454545434,1.0
proportional,heterogeneous_ai1,True,0.988352864026735,106928847.52836484,3834904435.1605577,3800902587.5366535,0.0,1034928267.0805233,1.0,0.0,0.03076923076923077,1.0,0.07435897435897436,0.5494545454545434,0.9908959607012536
intermediate_first,homogeneous_ai1,False,0.9999999999999998,1.7005950212478638e-06,3858645468.9696693,3858645468.9696693,0.0,1034928267.0805233,1.0,0.0,0.0,1.0,1.0,0.0,1.0
intermediate_first,homogeneous_ai1,True,0.9999999999999998,1.7005950212478638e-06,3858645468.9696693,3858645468.9696693,0.0,1034928267.0805233,1.0,0.0,0.0,1.0,1.0,0.0,1.0
intermediate_first,homogeneous_ai2,False,0.9999999999999998,1.7005950212478638e-06,3858645468.9696693,3858645468.9696693,0.0,1034928267.0805233,1.0,0.0,0.0,1.0,1.0,0.154220183486238,1.0
intermediate_first,homogeneous_ai2,True,0.9965459319715243,34400607.130850025,3851533531.8828907,3841237431.2650437,0.0,1034928267.0805233,1.0,0.0,0.0,1.0,0.06666666666666667,0.154220183486238,0.9974409928160827
intermediate_first,heterogeneous_ai1,False,0.9999999999999998,1.7005950212478638e-06,3858645468.9696693,3858645468.9696693,0.0,1034928267.0805233,1.0,0.0,0.03076923076923077,1.0,1.0,0.5494545454545434,1.0
intermediate_first,heterogeneous_ai1,True,0.9888019098292985,111526784.47626027,3834886561.6607933,3800940608.5861974,0.0,1034928267.0805233,1.0,0.0,0.03076923076923077,1.0,0.07435897435897436,0.5494545454545434,0.9908959613941861
final_first,homogeneous_ai1,False,1.0,1.5477417036890984e-06,3858645468.9696684,3858645468.9696684,0.0,1034928267.0805233,1.0,0.0,0.0,1.0,1.0,0.0,1.0
final_first,homogeneous_ai1,True,1.0,1.5477417036890984e-06,3858645468.9696684,3858645468.9696684,0.0,1034928267.0805233,1.0,0.0,0.0,1.0,1.0,0.0,1.0
final_first,homogeneous_ai2,False,1.0,1.5477417036890984e-06,3858645468.9696684,3858645468.9696684,0.0,1034928267.0805233,1.0,0.0,0.0,1.0,1.0,0.154220183486238,1.0
final_first,homogeneous_ai2,True,0.9961417359616509,30033115.86091393,3851549116.577292,3841203300.685001,0.0,1034928267.0805233,1.0,0.0,0.0,1.0,0.06666666666666667,0.154220183486238,0.9974409922007601
final_first,heterogeneous_ai1,False,1.0,1.5477417036890984e-06,3858645468.9696684,3858645468.9696684,0.0,1034928267.0805233,1.0,0.0,0.03076923076923077,1.0,1.0,0.5494545454545434,1.0
final_first,heterogeneous_ai1,True,0.987485105367918,97417200.25809057,3834935677.9193535,3800833194.69352,0.0,1034928267.0805233,1.0,0.0,0.03076923076923077,1.0,0.07435897435897436,0.5494545454545434,0.9908959593352552
