task,seed,periods,sector_agents,government_agents,initialize_seconds,rollout_seconds,seconds_per_step,peak_process_rss_bytes
ic_e1,42,30,13,1,0.0674156000604853,0.06868669996038079,0.0022895566653460264,39329792
ic_e1,43,30,13,1,0.024666399927809834,0.06397380004636943,0.002132460001545648,39555072
ic_e1,44,30,13,1,0.03045180009212345,0.061531899962574244,0.002051063332085808,39555072
ic_e2,42,30,13,1,0.022999399923719466,0.0627795000327751,0.0020926500010925034,39575552
ic_e2,43,30,13,1,0.02355469996109605,0.06120340002235025,0.002040113334078342,39575552
ic_e2,44,30,13,1,0.025845799944363534,0.05382220004685223,0.0017940733348950743,39579648
ic_e3,42,30,13,1,0.027740599936805665,0.05782450002152473,0.0019274833340508243,39579648
ic_e3,43,30,13,1,0.02578589995391667,0.054830500041134655,0.0018276833347044886,39739392
ic_e3,44,30,13,1,0.025731300003826618,0.05738789995666593,0.001912929998555531,39763968
ic_e4,42,30,13,1,0.02351630001794547,0.07229599996935576,0.0024098666656451923,39784448
ic_e4,43,30,13,1,0.026187699986621737,0.06912220001686364,0.002304073333895455,39788544
ic_e4,44,30,13,1,0.02762740000616759,0.08324559999164194,0.0027748533330547312,39792640
ic_e5,42,30,13,1,0.025493800058029592,0.058156799990683794,0.0019385599996894598,39809024
ic_e5,43,30,13,1,0.0292686999309808,0.06582729995716363,0.0021942433319054543,39809024
ic_e5,44,30,13,1,0.024520799983292818,0.06480420008301735,0.002160140002767245,39825408
ic_r1,42,30,13,1,0.024054500041529536,0.05607109994161874,0.0018690366647206246,39825408
ic_r1,43,30,13,1,0.023048500064760447,0.05828619992826134,0.0019428733309420447,39825408
ic_r1,44,30,13,1,0.024683000054210424,0.06623789994046092,0.002207929998015364,39833600
ic_r2,42,30,13,1,0.02743629994802177,0.06198780005797744,0.002066260001932581,39833600
ic_r2,43,30,13,1,0.025928599992766976,0.06172110000625253,0.0020573700002084177,39833600
ic_r2,44,30,13,1,0.026278699981048703,0.059023400070145726,0.0019674466690048575,39849984
ic_r3,42,30,13,1,0.025158699951134622,0.05722750001586974,0.0019075833338623245,39849984
ic_r3,43,30,13,1,0.02426289999857545,0.06822290003765374,0.0022740966679217914,39849984
ic_r3,44,30,13,1,0.026051799999549985,0.05992159992456436,0.0019973866641521455,39849984
ic_r4,42,30,13,1,0.028815299971029162,0.08200219995342195,0.002733406665114065,39849984
ic_r4,43,30,13,1,0.029037500033155084,0.0877563999965787,0.0029252133332192897,39882752
ic_r4,44,30,13,1,0.0312304999679327,0.08382130006793886,0.002794043335597962,39882752
ic_r5,42,30,13,1,0.07459710002876818,0.27281110000330955,0.009093703333443651,39882752
ic_r5,43,30,13,1,0.07915350003167987,0.21779140003491193,0.007259713334497065,39882752
ic_r5,44,30,13,1,0.051935399998910725,0.19492029992397875,0.006497343330799292,39882752
ic_g1,42,30,13,1,0.06411799998022616,0.21206269995309412,0.007068756665103137,39886848
ic_g1,43,30,13,1,0.06079949997365475,0.19393720000516623,0.006464573333505541,39903232
ic_g1,44,30,13,1,0.0839941999875009,0.1858183000003919,0.006193943333346397,39915520
ic_g2,42,30,13,1,0.07167979993391782,0.18604240007698536,0.006201413335899512,39915520
ic_g2,43,30,13,1,0.06358339998405427,0.20092360000126064,0.006697453333375355,39915520
ic_g2,44,30,13,1,0.06988960003945976,0.19513959996402264,0.006504653332134088,39915520
ic_g3,42,30,13,1,0.07028129999525845,0.6154581001028419,0.020515270003428062,39964672
ic_g3,43,30,13,1,0.06869780004490167,0.6321105000097305,0.02107035000032435,39964672
ic_g3,44,30,13,1,0.05372160009574145,0.6049129999009892,0.02016376666336631,39964672
ic_g4,42,30,13,1,0.07451059995219111,0.18725630000699311,0.00624187666689977,39964672
ic_g4,43,30,13,1,0.06918329990003258,0.17041370004881173,0.005680456668293725,39964672
ic_g4,44,30,13,1,0.06314670003484935,0.15592469996772707,0.0051974899989242354,39964672
ic_g5,42,30,13,1,0.07049120008014143,0.647572899935767,0.021585763331192234,39964672
ic_g5,43,30,13,1,0.06192790006753057,0.6545570999151096,0.021818569997170318,39964672
ic_g5,44,30,13,1,0.05303529999218881,0.6158254999900237,0.020527516666334122,39964672
