task,split,policy,trajectories,training_instances,final_fill_rate,value_added,fiscal_spend,private_spend,max_price,welfare,fill_ci_low,fill_ci_high
ic_g5,test_id,learned,1000,10,0.9867872640006908,3842360467.2082305,6893613.502734123,146669313.1898199,1.0,3796404489.064839,0.9837478834485051,0.9894429615510666
ic_g5,test_id,linkage,100,0,0.9867867285775889,3842359793.8818884,6893613.5010216115,146669396.324454,1.0,3796402195.838795,0.98384404933664,0.9895302748850947
ic_g5,test_id,myopic_optimizer,100,0,0.9867999867541556,3842373988.3844066,6893613.5010216115,146667578.10787734,1.0,3796452446.253505,0.9837752440842743,0.9896971752670394
ic_g5,test_id,random,100,0,0.9867860525251304,3842358932.638206,6893613.5010216115,146669518.02175388,1.0,3796399114.3730297,0.9837129558714786,0.9896500772199882
ic_g5,test_id,stress,100,0,0.9867903587037956,3842364325.184006,6893613.5010216115,146668842.0044424,1.0,3796417554.5376253,0.9834823901200895,0.9896806116420532
ic_g5,test_id,uniform,100,0,0.9867869815786888,3842360224.8891444,6893613.5010216115,146669348.7318717,1.0,3796403563.0881734,0.983941699414887,0.9896474055634402
ic_g5,test_ood,learned,1000,10,0.9956745051791918,3849982906.496539,6894063.131898796,145573777.42804682,1.0,3827520021.519871,0.9948938370404863,0.9964117319561637
ic_g5,test_ood,linkage,100,0,0.995674420779587,3849982500.3639956,6894063.130251165,145573807.57541072,1.0,3827518958.925664,0.9948302673633531,0.9964441025037398
ic_g5,test_ood,myopic_optimizer,100,0,0.995696985958438,3850039970.390184,6894063.130251165,145569134.3873578,1.0,3827676013.8375154,0.9948787463257883,0.9964665099768566
ic_g5,test_ood,random,100,0,0.9956744211506462,3849982352.0088944,6894063.130251165,145573806.46965888,1.0,3827518758.0560217,0.9948794427138682,0.9964301412297044
ic_g5,test_ood,stress,100,0,0.9956797758011426,3849993347.4518824,6894063.130251165,145572813.2328901,1.0,3827550069.378725,0.9948938607680062,0.9963918390771636
ic_g5,test_ood,uniform,100,0,0.9956743346385849,3849982513.74482,6894063.130251165,145573811.24466866,1.0,3827518905.8528347,0.9949283435911868,0.9964726181689356
ic_r1,test_id,buffered_smoothing,100,0,0.985950058751763,3859054246.920659,0.0,4336223.43724319,1.0948438513581606,3816197994.334776,0.9818066536764944,0.9896183237578358
ic_r1,test_id,demand_tracking,100,0,0.9775098288823592,3859907560.925219,0.0,7339928.287982678,1.1251418082219806,3787995141.1939516,0.969652215472949,0.9841700643842188
ic_r1,test_id,learned,1000,10,0.5321355890718208,2478425423.5428467,0.0,353005899.8742098,3.1682789335581245,592457599.7726316,0.5067792476614346,0.5589403137525931
ic_r1,test_id,myopic_optimizer,100,0,0.9893713967307594,3858645468.969667,0.0,0.0,1.0834616871719691,3826828551.3667755,0.9864848135987994,0.9916575993960017
ic_r1,test_id,random,100,0,0.7105681218880704,3468651420.7642426,0.0,514208731.86333066,1.8695825477210692,2510876040.4520116,0.7050190068030161,0.7167392977513759
ic_r1,test_id,rule,100,0,0.9876659821379924,3858939917.99419,0.0,3762951.781719082,1.088851016970628,3821671956.281112,0.9843280857276884,0.9908302950812353
ic_r1,test_ood,buffered_smoothing,100,0,0.9614230940418615,3859460448.982363,0.0,10019687.444408664,1.1913248755178698,3760089021.3479238,0.9544654796569553,0.9678439201679433
ic_r1,test_ood,demand_tracking,100,0,0.9298157484552679,3860838710.1921144,0.0,19560932.692201726,1.2947205060219114,3665251000.2055907,0.9178284903252822,0.9412163921331018
ic_r1,test_ood,learned,1000,10,0.5148188622206552,2467107408.771123,0.0,354267113.27402705,3.190205981581209,643348010.7504016,0.48856805521214064,0.5395724339556784
ic_r1,test_ood,myopic_optimizer,100,0,0.9720750287671558,3858645468.9696674,0.0,0.0,1.1572002113999094,3789961657.3684864,0.9670000737948946,0.9768624525157708
ic_r1,test_ood,random,100,0,0.6606683755593502,3465149274.486221,0.0,517783381.6177867,1.9589008108794608,2411635367.3078303,0.6544398236110045,0.6668178843805089
ic_r1,test_ood,rule,100,0,0.966793450623061,3859220745.8759413,0.0,8437435.67342853,1.17365382416952,3775435291.372796,0.9612533985004975,0.9720664170104637
