task,seed,training_steps,validation_steps,wall_seconds,parameters,checkpoint_sha256
ic_r1,101,12000,1200,49.04936980002094,6343,b4418b19116b90d5f5f1ba3e1888b7eb042f51555dd7a0f60c3dcaa626924bff
ic_r1,102,12000,1200,48.66511639999226,6343,aed1b946059f71423da4057e43a82691a4521313123e5aef57818fa86aeb9de6
ic_r1,103,12000,1200,49.126932699931785,6343,f7b479b13ea57fd0c72c08c4778e88c0391cfdfa4f66aa628f048aa7f8d13604
ic_r1,104,12000,1200,48.52619440003764,6343,19c293f428291ae15ded05a727f81f352337c74bbfca16847249580df79b79cf
ic_r1,105,12000,1200,48.738294999930076,6343,e26e8ef5712280e3a0b6cc8091ec4a509d8bb8bfe2300f5c7f5176aa2674aa9b
ic_r1,106,12000,1200,48.63217560003977,6343,608a2c2f85902d0d4a96e93087d91860c729088356c7b87bdb6d736abca428ae
ic_r1,107,12000,1200,49.87536539998837,6343,64b8ebd0d808f24b74ff52f9a8812e3e59984cff7c9402dea90255b3f2bbede1
ic_r1,108,12000,1200,49.73708779993467,6343,809387a13d0e99ab2a2cf5e84369f159b96572eca9c235880a2abe4a2d6717cf
ic_r1,109,12000,1200,49.901062500081025,6343,b690dd922bbe74593b94201de962fa2053be01fc3c3a8bd3e55bfc4388a543a6
ic_r1,110,12000,1200,49.988869399996474,6343,8b3002c51a3fb0fcb305a761281b64ac52f40f90a280f81a0b8219022a593397
ic_g5,101,12000,1200,44.440448999986984,11918,129791c4296dcc4aef935735bc99db7854e62246bb9f3070bd1065c57091a40a
ic_g5,102,12000,1200,43.98030519997701,11918,25b57ec1ef4068c7ab360d4cf294d3417e8d78bac9ffabdfde5e463be3986185
ic_g5,103,12000,1200,43.53409329999704,11918,086053367e57031e3c4fbb5841ed63575fc05662d57b5694862edf9e29e764a1
ic_g5,104,12000,1200,44.086674500023946,11918,0269bdd65ff9ada6e683218c1f20b0bbd3abb5cb0ad02cd1335c52ffb25e8499
ic_g5,105,12000,1200,43.96378440002445,11918,da86ec7c5e043a76dce6c47560de8709cd7634624f01455d73c062c430959780
ic_g5,106,12000,1200,43.98944799997844,11918,94200e008d7e882bfff07994bcb9418d27f743e625dbd2beb61d3fe775b8d13a
ic_g5,107,12000,1200,43.90459980000742,11918,f90f8eff579a724dab09fae56c673d8a0486e5985cfea9535904c171bc41a70d
ic_g5,108,12000,1200,44.004548399941996,11918,ba7fa1960f80582745736196a09cfdab0ca8ed2cb6bd87630678efb0c67549ce
ic_g5,109,12000,1200,37.66953139996622,11918,9240fd4691064ab25bb4e5f3a915a2e8a5b4a3bd903651c49113f359bb2d692c
ic_g5,110,12000,1200,37.89276690001134,11918,7aa430b04ccc15cc26e5b5f214cd6fbcd704ea667889f71bdfec9c028680f538
