task,intervention,import_case,policy,n,mean_fill_rate,mean_difference_pp,min_difference_pp,max_difference_pp,mean_private_spend,mean_fiscal_spend
ic_g5,edge_off,final_first,linkage,10,0.994935479775622,0.0,0.0,0.0,145246879.6649841,6894329.59055641
ic_g5,edge_off,final_first,stress,10,0.994938913185155,0.0,0.0,0.0,145246650.99522322,6894329.590556411
ic_g5,edge_off,final_first,uniform,10,0.9949350675848588,0.0,0.0,0.0,145246906.70893395,6894329.59055641
ic_g5,edge_off,intermediate_first,linkage,10,0.9953851010968353,0.0,0.0,0.0,145230393.60053194,6894329.59055641
ic_g5,edge_off,intermediate_first,stress,10,0.9953881080533395,0.0,0.0,0.0,145230182.36496055,6894329.590556411
ic_g5,edge_off,intermediate_first,uniform,10,0.995385484041611,0.0,0.0,0.0,145230366.98364586,6894329.59055641
ic_g5,edge_off,proportional,linkage,10,0.9952097405851908,0.0,0.0,0.0,145235888.2287807,6894329.59055641
ic_g5,edge_off,proportional,stress,10,0.995212889784252,0.0,0.0,0.0,145235672.13935977,6894329.590556411
ic_g5,edge_off,proportional,uniform,10,0.9952099122234216,0.0,0.0,0.0,145235876.6050318,6894329.59055641
ic_g5,private_investment_off,final_first,linkage,10,0.9949322695328288,-0.00032102427932501065,-0.00034342768907569265,-0.00029538936694439855,144889957.39127326,6894329.59055641
ic_g5,private_investment_off,final_first,stress,10,0.9949357023709743,-0.0003210814180665267,-0.00034349361248686705,-0.0002954382446684889,144889957.39127326,6894329.590556411
ic_g5,private_investment_off,final_first,uniform,10,0.9949318573606657,-0.00032102241931397657,-0.0003434256485967957,-0.00029538798981265657,144889957.39127326,6894329.59055641
ic_g5,private_investment_off,intermediate_first,linkage,10,0.995382216161607,-0.00028849352280646556,-0.000308788891045797,-0.0002652439055617073,144889957.39127326,6894329.59055641
ic_g5,private_investment_off,intermediate_first,stress,10,0.9953852217660699,-0.0002886287269809884,-0.000308835997142598,-0.000265279157063425,144889957.39127326,6894329.590556411
ic_g5,private_investment_off,intermediate_first,uniform,10,0.9953825997326154,-0.0002884308995310114,-0.0003087906489729342,-0.00026524538497829653,144889957.39127326,6894329.59055641
ic_g5,private_investment_off,proportional,linkage,10,0.9952067318216506,-0.0003008763540135462,-0.00032189565600804215,-0.0002768282202247896,144889957.39127326,6894329.59055641
ic_g5,private_investment_off,proportional,stress,10,0.9952098805544983,-0.00030092297536699064,-0.000321948613368761,-0.00027686789942915624,144889957.39127326,6894329.590556411
ic_g5,private_investment_off,proportional,uniform,10,0.9952069034529571,-0.0003008770464529853,-0.00032189640231106154,-0.0002768288510202055,144889957.39127326,6894329.59055641
ic_r1,edge_off,final_first,buffered_smoothing,10,0.9706728158755178,0.0,0.0,0.0,6812023.73267439,0.0
ic_r1,edge_off,final_first,demand_tracking,10,0.9543086412881683,0.0,0.0,0.0,11118514.507263845,0.0
ic_r1,edge_off,final_first,rule,10,0.9743712451764702,0.0,0.0,0.0,5871805.799354827,0.0
ic_r1,edge_off,intermediate_first,buffered_smoothing,10,0.9666653336645229,0.0,0.0,0.0,8727531.819241555,0.0
ic_r1,edge_off,intermediate_first,demand_tracking,10,0.9553647963437918,0.0,0.0,0.0,12032977.452153144,0.0
ic_r1,edge_off,intermediate_first,rule,10,0.9697658228653188,0.0,0.0,0.0,7843145.463229595,0.0
ic_r1,edge_off,proportional,buffered_smoothing,10,0.9676296363991472,0.0,0.0,0.0,8100497.853366646,0.0
ic_r1,edge_off,proportional,demand_tracking,10,0.9545582596030832,0.0,0.0,0.0,11764201.735620763,0.0
ic_r1,edge_off,proportional,rule,10,0.9710044944333696,0.0,0.0,0.0,7180497.404735578,0.0
ic_r1,private_investment_off,final_first,buffered_smoothing,10,0.970469472145776,-0.02033437297417895,-0.02171122016549898,-0.018754273062193683,0.0,0.0
ic_r1,private_investment_off,final_first,demand_tracking,10,0.9534560885871818,-0.08525527009865752,-0.09101433525131597,-0.07864451606623968,0.0,0.0
ic_r1,private_investment_off,final_first,rule,10,0.974246000307739,-0.012524486873126682,-0.01337192253831887,-0.011551880912041845,0.0,0.0
ic_r1,private_investment_off,intermediate_first,buffered_smoothing,10,0.966476963558426,-0.01883701060968135,-0.020105044285523288,-0.017380984048798176,0.0,0.0
ic_r1,private_investment_off,intermediate_first,demand_tracking,10,0.9548568911476432,-0.050790519614878356,-0.054211961325723035,-0.046862070720754545,0.0,0.0
ic_r1,private_investment_off,intermediate_first,rule,10,0.9696262090626151,-0.01396138027036975,-0.01490081191589665,-0.012882630956712049,0.0,0.0
ic_r1,private_investment_off,proportional,buffered_smoothing,10,0.9674334958651176,-0.019614053402970955,-0.02093677518533177,-0.018095487121427833,0.0,0.0
ic_r1,private_investment_off,proportional,demand_tracking,10,0.9539446375283207,-0.061362207476253205,-0.06549986811075215,-0.05661184140787201,0.0,0.0
ic_r1,private_investment_off,proportional,rule,10,0.9708679525929187,-0.013654184045078788,-0.014574411813750299,-0.012597642432599088,0.0,0.0
