condition,import_case,seed,difference_pp,shortage_difference
baseline_demand,final_first,42,0.0,0.0
baseline_demand,intermediate_first,42,0.0,0.0
baseline_demand,proportional,42,0.0,0.0
sector8_demand_shock,final_first,42,0.02852564737305663,-2235055.395254694
sector8_demand_shock,final_first,43,0.028579533049311046,-2239437.241883494
sector8_demand_shock,final_first,44,0.028352501133543928,-2220979.62621703
sector8_demand_shock,final_first,45,0.028491879537106968,-2232309.785156578
sector8_demand_shock,final_first,46,0.028388308669613505,-2223890.0624502823
sector8_demand_shock,final_first,47,0.028598856311412568,-2241008.7063143626
sector8_demand_shock,final_first,48,0.02862176489825119,-2243544.1014472246
sector8_demand_shock,final_first,49,0.0283842587822547,-2223560.87443126
sector8_demand_shock,final_first,50,0.028108279754746057,-2201136.328513041
sector8_demand_shock,final_first,51,0.028616676349257908,-2242859.24336838
sector8_demand_shock,intermediate_first,42,0.02534490987682325,-2542382.0304381847
sector8_demand_shock,intermediate_first,43,0.025344553908013268,-2542544.9054105133
sector8_demand_shock,intermediate_first,44,0.025346516300261968,-2541904.9923693836
sector8_demand_shock,intermediate_first,45,0.025345167525525625,-2542283.426383078
sector8_demand_shock,intermediate_first,46,0.02534612562357097,-2541997.7958681583
sector8_demand_shock,intermediate_first,47,0.025344442692620817,-2542604.958008498
sector8_demand_shock,intermediate_first,48,0.025343772928621,-2543456.491103098
sector8_demand_shock,intermediate_first,49,0.02534616826934677,-2541987.145539373
sector8_demand_shock,intermediate_first,50,0.025350012103309005,-2541355.156171277
sector8_demand_shock,intermediate_first,51,0.025343864844917796,-2543110.724672541
sector8_demand_shock,proportional,42,0.026518175734591143,-2451677.2071799934
sector8_demand_shock,proportional,43,0.026518514057383147,-2451895.6432041675
sector8_demand_shock,proportional,44,0.02651748134241405,-2451011.6160861254
sector8_demand_shock,proportional,45,0.026517993087393776,-2451543.037175283
sector8_demand_shock,proportional,46,0.02651757534806176,-2451144.682200089
sector8_demand_shock,proportional,47,0.026518649339823952,-2451975.264588669
sector8_demand_shock,proportional,48,0.026521045498517637,-2453062.7942739874
sector8_demand_shock,proportional,49,0.026517563409567124,-2451129.511584744
sector8_demand_shock,proportional,50,0.026517544545268112,-2450169.0605481043
sector8_demand_shock,proportional,51,0.02651997764677727,-2452629.4293533266
