period,output,base_output,final_demand,final_delivered,final_shortage,final_fill_rate,outside_demand,outside_delivered,internal_orders,internal_delivered,value_added,shortage,backlog,price_index,edge_health_mean,ai_effective_mean,supplier_hhi,congestion_loss,congestion_cumulative,service_rate,technology_gain,technology_mean,coordination_rate,qualification_mean,government_inventory_spend,government_qualification_spend,government_edge_repair_spend,profit_total,private_investment,private_rd,private_ai,fiscal_cost_cumulative,welfare,shock_active
0,689952178.0536817,689952178.053682,306023294.12086535,306023294.1208653,8.050119504332542e-08,0.9999999999999998,186715128.25883138,186715128.25883126,197213755.67398515,197213755.67398515,128621515.63232228,0.0,0.0,1.0,1.0,0.0,0.3333333333333333,0.0,0.0,1.0,0.0,1.0,0.0,1.0,0.0,0.0,0.0,25724303.126464732,0.0,0.0,34497608.90268411,0.0,128621515.63232228,0
1,689952178.0536817,689952178.053682,306023294.12086535,306023294.1208653,7.747439667582512e-08,0.9999999999999998,186715128.25883138,186715128.25883126,197213755.67398512,197213755.67398512,128621515.6323223,0.0,0.0,1.0,1.0,0.003634062672776015,0.3333333333333333,0.0,0.0,1.0,0.0,1.0,0.0,1.0,0.0,0.0,0.0,25761996.727495227,0.0,0.0,34497608.90268411,0.0,128621515.6323223,0
2,689952178.0536817,689952178.053682,306023294.12086535,306023294.1208653,4.674075171351433e-08,0.9999999999999998,186715128.25883138,186715128.2588313,197213755.67398512,197213755.67398512,128621515.63232231,0.0,0.0,1.0,1.0,0.00726812534555203,0.3333333333333333,0.0,0.0,1.0,0.0,1.0,0.0,1.0,0.0,0.0,0.0,25799690.328525793,0.0,0.0,34497608.90268411,0.0,128621515.63232231,0
3,689952178.0536817,689952178.053682,306023294.12086535,306023294.1208653,5.5122654885053635e-08,0.9999999999999998,186715128.25883138,186715128.2588313,197213755.67398512,197213755.67398512,128621515.63232231,0.0,0.0,1.0,1.0,0.010902188018328042,0.3333333333333333,0.0,0.0,1.0,0.0,1.0,0.0,1.0,0.0,0.0,0.0,25837383.929556288,0.0,0.0,34497608.90268411,0.0,128621515.63232231,0
4,689952178.0536817,689952178.053682,306023294.12086535,306023294.1208653,5.5122654885053635e-08,0.9999999999999998,186715128.25883138,186715128.2588313,197213755.67398512,197213755.67398512,128621515.63232231,0.0,0.0,1.0,1.0,0.01453625069110406,0.3333333333333333,0.0,0.0,1.0,0.0,1.0,0.0,1.0,0.0,0.0,0.0,25875077.530586805,0.0,0.0,34497608.90268411,0.0,128621515.63232231,0
5,689952178.0536817,689952178.053682,306023294.12086535,306023294.1208653,5.5122654885053635e-08,0.9999999999999998,186715128.25883138,186715128.2588313,197213755.67398512,197213755.67398512,128621515.63232231,0.0,0.0,1.0,1.0,0.01817031336388008,0.3333333333333333,0.0,0.0,1.0,0.0,1.0,0.0,1.0,0.0,0.0,0.0,25912771.131617323,0.0,0.0,34497608.90268411,0.0,128621515.63232231,0
6,689952178.0536817,689952178.053682,306023294.12086535,306023294.1208653,5.5122654885053635e-08,0.9999999999999998,186715128.25883138,186715128.2588313,197213755.67398512,197213755.67398512,128621515.63232231,0.0,0.0,1.0,1.0,0.021804376036656095,0.3333333333333333,0.0,0.0,1.0,0.0,1.0,0.0,1.0,0.0,0.0,0.0,25950464.732647832,0.0,0.0,34497608.90268411,0.0,128621515.63232231,0
7,689952178.0536817,689952178.053682,306023294.12086535,306023294.1208653,5.5122654885053635e-08,0.9999999999999998,186715128.25883138,186715128.2588313,197213755.67398512,197213755.67398512,128621515.63232231,0.0,0.0,1.0,1.0,0.025438438709432114,0.3333333333333333,0.0,0.0,1.0,0.0,1.0,0.0,1.0,0.0,0.0,0.0,25988158.333678346,0.0,0.0,34497608.90268411,0.0,128621515.63232231,0
8,689952178.0536817,689952178.053682,306023294.12086535,306023294.1208653,5.5122654885053635e-08,0.9999999999999998,186715128.25883138,186715128.2588313,197213755.67398512,197213755.67398512,128621515.63232231,0.0,0.0,1.0,1.0,0.02907250138220812,0.3333333333333333,0.0,0.0,1.0,0.0,1.0,0.0,1.0,0.0,0.0,0.0,26025851.93470886,0.0,0.0,34497608.90268411,0.0,128621515.63232231,0
9,689952178.0536817,689952178.053682,306023294.12086535,306023294.1208653,5.5122654885053635e-08,0.9999999999999998,186715128.25883138,186715128.2588313,197213755.67398512,197213755.67398512,128621515.63232231,0.0,0.0,1.0,1.0,0.032706564054984136,0.3333333333333333,0.0,0.0,1.0,0.0,1.0,0.0,1.0,0.0,0.0,0.0,26063545.535739377,0.0,0.0,34497608.90268411,0.0,128621515.63232231,0
10,689952178.0536817,689952178.053682,306023294.12086535,306023294.1208653,5.5122654885053635e-08,0.9999999999999998,186715128.25883138,186715128.2588313,197213755.67398512,197213755.67398512,128621515.63232231,0.0,0.0,1.0,1.0,0.03634062672776016,0.3333333333333333,0.0,0.0,1.0,0.0,1.0,0.0,1.0,0.0,0.0,0.0,26101239.13676989,0.0,0.0,34497608.90268411,0.0,128621515.63232231,0
11,689952178.0536817,689952178.053682,306023294.12086535,306023294.1208653,5.5122654885053635e-08,0.9999999999999998,186715128.25883138,186715128.2588313,197213755.67398512,197213755.67398512,128621515.63232231,0.0,0.0,1.0,1.0,0.03997468940053617,0.3333333333333333,0.0,0.0,1.0,0.0,1.0,0.0,1.0,0.0,0.0,0.0,26138932.7378004,0.0,0.0,34497608.90268411,0.0,128621515.63232231,0
12,689952178.0536817,689952178.053682,306023294.12086535,306023294.1208653,5.5122654885053635e-08,0.9999999999999998,186715128.25883138,186715128.2588313,197213755.67398512,197213755.67398512,128621515.63232231,0.0,0.0,1.0,1.0,0.043608752073312176,0.3333333333333333,0.0,0.0,1.0,0.0,1.0,0.0,1.0,0.0,0.0,0.0,26176626.338830914,0.0,0.0,34497608.90268411,0.0,128621515.63232231,0
13,689952178.0536817,689952178.053682,306023294.12086535,306023294.1208653,5.5122654885053635e-08,0.9999999999999998,186715128.25883138,186715128.2588313,197213755.67398512,197213755.67398512,128621515.63232231,0.0,0.0,1.0,1.0,0.04724281474608819,0.3333333333333333,0.0,0.0,1.0,0.0,1.0,0.0,1.0,0.0,0.0,0.0,26214319.93986143,0.0,0.0,34497608.90268411,0.0,128621515.63232231,0
14,689952178.0536817,689952178.053682,306023294.12086535,306023294.1208653,5.5122654885053635e-08,0.9999999999999998,186715128.25883138,186715128.2588313,197213755.67398512,197213755.67398512,128621515.63232231,0.0,0.0,1.0,1.0,0.050876877418864215,0.3333333333333333,0.0,0.0,1.0,0.0,1.0,0.0,1.0,0.0,0.0,0.0,26252013.540891945,0.0,0.0,34497608.90268411,0.0,128621515.63232231,0
15,689952178.0536817,689952178.053682,306023294.12086535,306023294.1208653,5.5122654885053635e-08,0.9999999999999998,186715128.25883138,186715128.2588313,197213755.67398512,197213755.67398512,128621515.63232231,0.0,0.0,1.0,1.0,0.05451094009164023,0.3333333333333333,0.0,0.0,1.0,0.0,1.0,0.0,1.0,0.0,0.0,0.0,26289707.141922463,0.0,0.0,34497608.90268411,0.0,128621515.63232231,0
16,689952178.0536817,689952178.053682,306023294.12086535,306023294.1208653,5.5122654885053635e-08,0.9999999999999998,186715128.25883138,186715128.2588313,197213755.67398512,197213755.67398512,128621515.63232231,0.0,0.0,1.0,1.0,0.058145002764416254,0.3333333333333333,0.0,0.0,1.0,0.0,1.0,0.0,1.0,0.0,0.0,0.0,26327400.742952973,0.0,0.0,34497608.90268411,0.0,128621515.63232231,0
17,689952178.0536817,689952178.053682,306023294.12086535,306023294.1208653,5.5122654885053635e-08,0.9999999999999998,186715128.25883138,186715128.2588313,197213755.67398512,197213755.67398512,128621515.63232231,0.0,0.0,1.0,1.0,0.06177906543719226,0.3333333333333333,0.0,0.0,1.0,0.0,1.0,0.0,1.0,0.0,0.0,0.0,26365094.343983486,0.0,0.0,34497608.90268411,0.0,128621515.63232231,0
18,689952178.0536817,689952178.053682,306023294.12086535,306023294.1208653,5.5122654885053635e-08,0.9999999999999998,186715128.25883138,186715128.2588313,197213755.67398512,197213755.67398512,128621515.63232231,0.0,0.0,1.0,1.0,0.06541312810996827,0.3333333333333333,0.0,0.0,1.0,0.0,1.0,0.0,1.0,0.0,0.0,0.0,26402787.945014,0.0,0.0,34497608.90268411,0.0,128621515.63232231,0
19,689952178.0536817,689952178.053682,306023294.12086535,306023294.1208653,5.5122654885053635e-08,0.9999999999999998,186715128.25883138,186715128.2588313,197213755.67398512,197213755.67398512,128621515.63232231,0.0,0.0,1.0,1.0,0.06904719078274431,0.3333333333333333,0.0,0.0,1.0,0.0,1.0,0.0,1.0,0.0,0.0,0.0,26440481.546044517,0.0,0.0,34497608.90268411,0.0,128621515.63232231,0
20,689952178.0536817,689952178.053682,306023294.12086535,306023294.1208653,5.5122654885053635e-08,0.9999999999999998,186715128.25883138,186715128.2588313,197213755.67398512,197213755.67398512,128621515.63232231,0.0,0.0,1.0,1.0,0.07268125345552033,0.3333333333333333,0.0,0.0,1.0,0.0,1.0,0.0,1.0,0.0,0.0,0.0,26478175.147075035,0.0,0.0,34497608.90268411,0.0,128621515.63232231,0
21,689952178.0536817,689952178.053682,306023294.12086535,306023294.1208653,5.5122654885053635e-08,0.9999999999999998,186715128.25883138,186715128.2588313,197213755.67398512,197213755.67398512,128621515.63232231,0.0,0.0,1.0,1.0,0.07631531612829635,0.3333333333333333,0.0,0.0,1.0,0.0,1.0,0.0,1.0,0.0,0.0,0.0,26515868.74810555,0.0,0.0,34497608.90268411,0.0,128621515.63232231,0
22,689952178.0536817,689952178.053682,306023294.12086535,306023294.1208653,5.5122654885053635e-08,0.9999999999999998,186715128.25883138,186715128.2588313,197213755.67398512,197213755.67398512,128621515.63232231,0.0,0.0,1.0,1.0,0.07994937880107236,0.3333333333333333,0.0,0.0,1.0,0.0,1.0,0.0,1.0,0.0,0.0,0.0,26553562.349136062,0.0,0.0,34497608.90268411,0.0,128621515.63232231,0
23,689952178.0536817,689952178.053682,306023294.12086535,306023294.1208653,5.5122654885053635e-08,0.9999999999999998,186715128.25883138,186715128.2588313,197213755.67398512,197213755.67398512,128621515.63232231,0.0,0.0,1.0,1.0,0.08358344147384836,0.3333333333333333,0.0,0.0,1.0,0.0,1.0,0.0,1.0,0.0,0.0,0.0,26591255.950166572,0.0,0.0,34497608.90268411,0.0,128621515.63232231,0
24,689952178.0536817,689952178.053682,306023294.12086535,306023294.1208653,5.5122654885053635e-08,0.9999999999999998,186715128.25883138,186715128.2588313,197213755.67398512,197213755.67398512,128621515.63232231,0.0,0.0,1.0,1.0,0.0872175041466244,0.3333333333333333,0.0,0.0,1.0,0.0,1.0,0.0,1.0,0.0,0.0,0.0,26628949.55119709,0.0,0.0,34497608.90268411,0.0,128621515.63232231,0
25,689952178.0536817,689952178.053682,306023294.12086535,306023294.1208653,5.5122654885053635e-08,0.9999999999999998,186715128.25883138,186715128.2588313,197213755.67398512,197213755.67398512,128621515.63232231,0.0,0.0,1.0,1.0,0.0908515668194004,0.3333333333333333,0.0,0.0,1.0,0.0,1.0,0.0,1.0,0.0,0.0,0.0,26666643.152227607,0.0,0.0,34497608.90268411,0.0,128621515.63232231,0
26,689952178.0536817,689952178.053682,306023294.12086535,306023294.1208653,5.5122654885053635e-08,0.9999999999999998,186715128.25883138,186715128.2588313,197213755.67398512,197213755.67398512,128621515.63232231,0.0,0.0,1.0,1.0,0.09448562949217641,0.3333333333333333,0.0,0.0,1.0,0.0,1.0,0.0,1.0,0.0,0.0,0.0,26704336.753258117,0.0,0.0,34497608.90268411,0.0,128621515.63232231,0
27,689952178.0536817,689952178.053682,306023294.12086535,306023294.1208653,5.5122654885053635e-08,0.9999999999999998,186715128.25883138,186715128.2588313,197213755.67398512,197213755.67398512,128621515.63232231,0.0,0.0,1.0,1.0,0.09811969216495245,0.3333333333333333,0.0,0.0,1.0,0.0,1.0,0.0,1.0,0.0,0.0,0.0,26742030.35428863,0.0,0.0,34497608.90268411,0.0,128621515.63232231,0
28,689952178.0536817,689952178.053682,306023294.12086535,306023294.1208653,5.5122654885053635e-08,0.9999999999999998,186715128.25883138,186715128.2588313,197213755.67398512,197213755.67398512,128621515.63232231,0.0,0.0,1.0,1.0,0.10175375483772846,0.3333333333333333,0.0,0.0,1.0,0.0,1.0,0.0,1.0,0.0,0.0,0.0,26779723.95531915,0.0,0.0,34497608.90268411,0.0,128621515.63232231,0
29,689952178.0536817,689952178.053682,306023294.12086535,306023294.1208653,5.5122654885053635e-08,0.9999999999999998,186715128.25883138,186715128.2588313,197213755.67398512,197213755.67398512,128621515.63232231,0.0,0.0,1.0,1.0,0.10538781751050445,0.3333333333333333,0.0,0.0,1.0,0.0,1.0,0.0,1.0,0.0,0.0,0.0,26817417.556349657,0.0,0.0,34497608.90268411,0.0,128621515.63232231,0
