line,value,code,identity
18,13,N = 13,"numeric code literal; may be dimension, bound, numerical constant or scenario coefficient, not automatically an economic parameter"
22,0.0,"def clip(x, lo=0.0, hi=1.0):","numeric code literal; may be dimension, bound, numerical constant or scenario coefficient, not automatically an economic parameter"
22,1.0,"def clip(x, lo=0.0, hi=1.0):","numeric code literal; may be dimension, bound, numerical constant or scenario coefficient, not automatically an economic parameter"
27,1.0,"return 1.0 / (1.0 + np.exp(-np.clip(x, -30.0, 30.0)))","numeric code literal; may be dimension, bound, numerical constant or scenario coefficient, not automatically an economic parameter"
27,1.0,"return 1.0 / (1.0 + np.exp(-np.clip(x, -30.0, 30.0)))","numeric code literal; may be dimension, bound, numerical constant or scenario coefficient, not automatically an economic parameter"
27,30.0,"return 1.0 / (1.0 + np.exp(-np.clip(x, -30.0, 30.0)))","numeric code literal; may be dimension, bound, numerical constant or scenario coefficient, not automatically an economic parameter"
27,30.0,"return 1.0 / (1.0 + np.exp(-np.clip(x, -30.0, 30.0)))","numeric code literal; may be dimension, bound, numerical constant or scenario coefficient, not automatically an economic parameter"
33,0.0,inventory_target: float = 0.0,"numeric code literal; may be dimension, bound, numerical constant or scenario coefficient, not automatically an economic parameter"
34,0.0,price_change: float = 0.0,"numeric code literal; may be dimension, bound, numerical constant or scenario coefficient, not automatically an economic parameter"
35,0.0,capex_share: float = 0.0,"numeric code literal; may be dimension, bound, numerical constant or scenario coefficient, not automatically an economic parameter"
36,0.0,rd_share: float = 0.0,"numeric code literal; may be dimension, bound, numerical constant or scenario coefficient, not automatically an economic parameter"
37,0.0,ai_share: float = 0.0,"numeric code literal; may be dimension, bound, numerical constant or scenario coefficient, not automatically an economic parameter"
38,0.0,coordination: float = 0.0,"numeric code literal; may be dimension, bound, numerical constant or scenario coefficient, not automatically an economic parameter"
39,0.0,diversification: float = 0.0,"numeric code literal; may be dimension, bound, numerical constant or scenario coefficient, not automatically an economic parameter"
53,6,"return cls(*(np.zeros(N, dtype=float) for _ in range(6)))","numeric code literal; may be dimension, bound, numerical constant or scenario coefficient, not automatically an economic parameter"
65,1e-12,"upstream = np.flatnonzero(env.a_total[:N, j] > 1e-12).tolist()","numeric code literal; may be dimension, bound, numerical constant or scenario coefficient, not automatically an economic parameter"
66,1e-12,"downstream = np.flatnonzero(env.a_total[j, :N] > 1e-12).tolist()","numeric code literal; may be dimension, bound, numerical constant or scenario coefficient, not automatically an economic parameter"
68,1,"""sector_id"": j + 1, ""sector_type"": self.kind,","numeric code literal; may be dimension, bound, numerical constant or scenario coefficient, not automatically an economic parameter"
75,1,"""upstream_ids"": [k + 1 for k in upstream],","numeric code literal; may be dimension, bound, numerical constant or scenario coefficient, not automatically an economic parameter"
78,1,"""downstream_ids"": [k + 1 for k in downstream],","numeric code literal; may be dimension, bound, numerical constant or scenario coefficient, not automatically an economic parameter"
104,71,"self.rng = np.random.default_rng(int(cfg.get(""seed"", 20261001)) + 71)","numeric code literal; may be dimension, bound, numerical constant or scenario coefficient, not automatically an economic parameter"
104,20261001,"self.rng = np.random.default_rng(int(cfg.get(""seed"", 20261001)) + 71)","numeric code literal; may be dimension, bound, numerical constant or scenario coefficient, not automatically an economic parameter"
105,0,self.period = 0,"numeric code literal; may be dimension, bound, numerical constant or scenario coefficient, not automatically an economic parameter"
106,0.0,self.common_error = 0.0,"numeric code literal; may be dimension, bound, numerical constant or scenario coefficient, not automatically an economic parameter"
110,1,self.period += 1,"numeric code literal; may be dimension, bound, numerical constant or scenario coefficient, not automatically an economic parameter"
114,1e-12,"demand_ratio = obs[""observed_demand""] / max(base, 1e-12)","numeric code literal; may be dimension, bound, numerical constant or scenario coefficient, not automatically an economic parameter"
117,0.0,"common = float(self.cfg.get(""common_forecast_share"", 0.0))","numeric code literal; may be dimension, bound, numerical constant or scenario coefficient, not automatically an economic parameter"
118,1.0,"gain = 1.0 - float(self.cfg.get(""ai_forecast_gain"", 0.0)) * min(obs[""ai_effective""], 1.0)","numeric code literal; may be dimension, bound, numerical constant or scenario coefficient, not automatically an economic parameter"
118,1.0,"gain = 1.0 - float(self.cfg.get(""ai_forecast_gain"", 0.0)) * min(obs[""ai_effective""], 1.0)","numeric code literal; may be dimension, bound, numerical constant or scenario coefficient, not automatically an economic parameter"
118,0.0,"gain = 1.0 - float(self.cfg.get(""ai_forecast_gain"", 0.0)) * min(obs[""ai_effective""], 1.0)","numeric code literal; may be dimension, bound, numerical constant or scenario coefficient, not automatically an economic parameter"
119,0.0,"error = float(self.cfg.get(""forecast_error_sd"", 0.0)) * gain * (","numeric code literal; may be dimension, bound, numerical constant or scenario coefficient, not automatically an economic parameter"
120,0.0,"common * self.common_error + math.sqrt(max(0.0, 1.0 - common ** 2)) * self.rng.normal())","numeric code literal; may be dimension, bound, numerical constant or scenario coefficient, not automatically an economic parameter"
120,1.0,"common * self.common_error + math.sqrt(max(0.0, 1.0 - common ** 2)) * self.rng.normal())","numeric code literal; may be dimension, bound, numerical constant or scenario coefficient, not automatically an economic parameter"
120,2,"common * self.common_error + math.sqrt(max(0.0, 1.0 - common ** 2)) * self.rng.normal())","numeric code literal; may be dimension, bound, numerical constant or scenario coefficient, not automatically an economic parameter"
121,0.0,"demand_ratio *= max(0.0, 1.0 + error)","numeric code literal; may be dimension, bound, numerical constant or scenario coefficient, not automatically an economic parameter"
121,1.0,"demand_ratio *= max(0.0, 1.0 + error)","numeric code literal; may be dimension, bound, numerical constant or scenario coefficient, not automatically an economic parameter"
122,0.3,"plan = base * clip(0.7 + 0.3 * demand_ratio, 0.3, 1.8)","numeric code literal; may be dimension, bound, numerical constant or scenario coefficient, not automatically an economic parameter"
122,1.8,"plan = base * clip(0.7 + 0.3 * demand_ratio, 0.3, 1.8)","numeric code literal; may be dimension, bound, numerical constant or scenario coefficient, not automatically an economic parameter"
122,0.7,"plan = base * clip(0.7 + 0.3 * demand_ratio, 0.3, 1.8)","numeric code literal; may be dimension, bound, numerical constant or scenario coefficient, not automatically an economic parameter"
122,0.3,"plan = base * clip(0.7 + 0.3 * demand_ratio, 0.3, 1.8)","numeric code literal; may be dimension, bound, numerical constant or scenario coefficient, not automatically an economic parameter"
125,0,"action.capex_share = float(clip(0.02 * max(demand_ratio - 1.0, 0), 0, 0.05))","numeric code literal; may be dimension, bound, numerical constant or scenario coefficient, not automatically an economic parameter"
125,0.05,"action.capex_share = float(clip(0.02 * max(demand_ratio - 1.0, 0), 0, 0.05))","numeric code literal; may be dimension, bound, numerical constant or scenario coefficient, not automatically an economic parameter"
125,0.02,"action.capex_share = float(clip(0.02 * max(demand_ratio - 1.0, 0), 0, 0.05))","numeric code literal; may be dimension, bound, numerical constant or scenario coefficient, not automatically an economic parameter"
125,0,"action.capex_share = float(clip(0.02 * max(demand_ratio - 1.0, 0), 0, 0.05))","numeric code literal; may be dimension, bound, numerical constant or scenario coefficient, not automatically an economic parameter"
125,1.0,"action.capex_share = float(clip(0.02 * max(demand_ratio - 1.0, 0), 0, 0.05))","numeric code literal; may be dimension, bound, numerical constant or scenario coefficient, not automatically an economic parameter"
127,0.005,"action.rd_share = float(self.cfg.get(""rd_rate"", 0.005))","numeric code literal; may be dimension, bound, numerical constant or scenario coefficient, not automatically an economic parameter"
129,0.002,"action.ai_share = float(self.cfg.get(""ai_rate"", 0.002))","numeric code literal; may be dimension, bound, numerical constant or scenario coefficient, not automatically an economic parameter"
131,0.1,"action.coordination = float(self.cfg.get(""coordination_effort"", 0.1))","numeric code literal; may be dimension, bound, numerical constant or scenario coefficient, not automatically an economic parameter"
133,0.1,"action.diversification = float(self.cfg.get(""diversification_effort"", 0.1))","numeric code literal; may be dimension, bound, numerical constant or scenario coefficient, not automatically an economic parameter"
136,0.0,"setattr(action, name, 0.0)","numeric code literal; may be dimension, bound, numerical constant or scenario coefficient, not automatically an economic parameter"
149,0,"if int(obs[""period""]) < int(policy.get(""start_period"", 0)):","numeric code literal; may be dimension, bound, numerical constant or scenario coefficient, not automatically an economic parameter"
152,0,if budget <= 0:,"numeric code literal; may be dimension, bound, numerical constant or scenario coefficient, not automatically an economic parameter"
154,1.0,"channels = policy.get(""channels"", {""capacity"": 1.0})","numeric code literal; may be dimension, bound, numerical constant or scenario coefficient, not automatically an economic parameter"
156,1.0,"shortage_rate = np.mean(np.asarray(obs[""shortage""]) / np.maximum(obs[""base_output""], 1.0))","numeric code literal; may be dimension, bound, numerical constant or scenario coefficient, not automatically an economic parameter"
157,0.0,"health_gap = max(0.0, 1.0 - float(np.mean(obs[""edge_health""])))","numeric code literal; may be dimension, bound, numerical constant or scenario coefficient, not automatically an economic parameter"
157,1.0,"health_gap = max(0.0, 1.0 - float(np.mean(obs[""edge_health""])))","numeric code literal; may be dimension, bound, numerical constant or scenario coefficient, not automatically an economic parameter"
158,0.0,"ai_gap = max(0.0, 1.0 - float(np.mean(obs[""ai_effective""])))","numeric code literal; may be dimension, bound, numerical constant or scenario coefficient, not automatically an economic parameter"
158,1.0,"ai_gap = max(0.0, 1.0 - float(np.mean(obs[""ai_effective""])))","numeric code literal; may be dimension, bound, numerical constant or scenario coefficient, not automatically an economic parameter"
159,0.1,"channels = {""ai"": 0.1 + ai_gap, ""capacity"": 0.1 + shortage_rate,","numeric code literal; may be dimension, bound, numerical constant or scenario coefficient, not automatically an economic parameter"
159,0.1,"channels = {""ai"": 0.1 + ai_gap, ""capacity"": 0.1 + shortage_rate,","numeric code literal; may be dimension, bound, numerical constant or scenario coefficient, not automatically an economic parameter"
160,0.1,"""rd"": 0.1 + max(0.0, 1.0 - float(np.mean(obs[""technology""]))),","numeric code literal; may be dimension, bound, numerical constant or scenario coefficient, not automatically an economic parameter"
160,0.0,"""rd"": 0.1 + max(0.0, 1.0 - float(np.mean(obs[""technology""]))),","numeric code literal; may be dimension, bound, numerical constant or scenario coefficient, not automatically an economic parameter"
160,1.0,"""rd"": 0.1 + max(0.0, 1.0 - float(np.mean(obs[""technology""]))),","numeric code literal; may be dimension, bound, numerical constant or scenario coefficient, not automatically an economic parameter"
161,0.1,"""qualification"": 0.1 + health_gap,","numeric code literal; may be dimension, bound, numerical constant or scenario coefficient, not automatically an economic parameter"
162,0.1,"""inventory"": 0.1 + shortage_rate,","numeric code literal; may be dimension, bound, numerical constant or scenario coefficient, not automatically an economic parameter"
163,0.1,"""edge_repair"": 0.1 + health_gap}","numeric code literal; may be dimension, bound, numerical constant or scenario coefficient, not automatically an economic parameter"
174,0.01,"weights = np.maximum(1.0 - np.asarray(obs[""ai_effective""]), 0.01)","numeric code literal; may be dimension, bound, numerical constant or scenario coefficient, not automatically an economic parameter"
174,1.0,"weights = np.maximum(1.0 - np.asarray(obs[""ai_effective""]), 0.01)","numeric code literal; may be dimension, bound, numerical constant or scenario coefficient, not automatically an economic parameter"
179,0.1,"0.1 + np.asarray(obs[""shortage""]) / np.maximum(obs[""base_output""], 1.0))","numeric code literal; may be dimension, bound, numerical constant or scenario coefficient, not automatically an economic parameter"
179,1.0,"0.1 + np.asarray(obs[""shortage""]) / np.maximum(obs[""base_output""], 1.0))","numeric code literal; may be dimension, bound, numerical constant or scenario coefficient, not automatically an economic parameter"
182,0,if len(weights) != N or np.any(weights < 0) or weights.sum() <= 0:,"numeric code literal; may be dimension, bound, numerical constant or scenario coefficient, not automatically an economic parameter"
182,0,if len(weights) != N or np.any(weights < 0) or weights.sum() <= 0:,"numeric code literal; may be dimension, bound, numerical constant or scenario coefficient, not automatically an economic parameter"
185,1.0,"spend = min(budget, float(policy.get(""spend_fraction"", 1.0)) * budget)","numeric code literal; may be dimension, bound, numerical constant or scenario coefficient, not automatically an economic parameter"
186,0.0,"channel_total = sum(max(0.0, float(v)) for v in channels.values())","numeric code literal; may be dimension, bound, numerical constant or scenario coefficient, not automatically an economic parameter"
187,0,if channel_total <= 0:,"numeric code literal; may be dimension, bound, numerical constant or scenario coefficient, not automatically an economic parameter"
192,0.0,"setattr(out, name, spend * max(0.0, float(fraction)) / channel_total * weights)","numeric code literal; may be dimension, bound, numerical constant or scenario coefficient, not automatically an economic parameter"
205,20261001,"self.seed = int(cfg.get(""seed"", 20261001))","numeric code literal; may be dimension, bound, numerical constant or scenario coefficient, not automatically an economic parameter"
224,1,"if role[""sector_id""] != i + 1:","numeric code literal; may be dimension, bound, numerical constant or scenario coefficient, not automatically an economic parameter"
230,4.0,self.q0 = self.x[:N] / 4.0,"numeric code literal; may be dimension, bound, numerical constant or scenario coefficient, not automatically an economic parameter"
238,0,self.backward_linkage = full_leontief.sum(axis=0)[:N],"numeric code literal; may be dimension, bound, numerical constant or scenario coefficient, not automatically an economic parameter"
241,4.0,"self.base_outside_sales = self.zd[:N, N:].sum(axis=1) / 4.0","numeric code literal; may be dimension, bound, numerical constant or scenario coefficient, not automatically an economic parameter"
241,1,"self.base_outside_sales = self.zd[:N, N:].sum(axis=1) / 4.0","numeric code literal; may be dimension, bound, numerical constant or scenario coefficient, not automatically an economic parameter"
242,4.0,self.base_final = self.yd[:N].sum(axis=1) / 4.0,"numeric code literal; may be dimension, bound, numerical constant or scenario coefficient, not automatically an economic parameter"
242,1,self.base_final = self.yd[:N].sum(axis=1) / 4.0,"numeric code literal; may be dimension, bound, numerical constant or scenario coefficient, not automatically an economic parameter"
243,4.0,"self.base_internal = self.zd[:N, :N] / 4.0","numeric code literal; may be dimension, bound, numerical constant or scenario coefficient, not automatically an economic parameter"
244,4.0,"self.base_external_inputs = self.zd[N:, :N] / 4.0","numeric code literal; may be dimension, bound, numerical constant or scenario coefficient, not automatically an economic parameter"
245,4.0,"self.base_import_inputs = self.zm[:, :N] / 4.0","numeric code literal; may be dimension, bound, numerical constant or scenario coefficient, not automatically an economic parameter"
250,1,row = self.base_internal.sum(axis=1) + self.base_outside_sales + self.base_final,"numeric code literal; may be dimension, bound, numerical constant or scenario coefficient, not automatically an economic parameter"
251,0,"col = self.zd[:, :N].sum(axis=0) + self.zm[:, :N].sum(axis=0) + self.va_annual[:N]","numeric code literal; may be dimension, bound, numerical constant or scenario coefficient, not automatically an economic parameter"
251,0,"col = self.zd[:, :N].sum(axis=0) + self.zm[:, :N].sum(axis=0) + self.va_annual[:N]","numeric code literal; may be dimension, bound, numerical constant or scenario coefficient, not automatically an economic parameter"
252,1e-10,"if not np.allclose(row, self.q0, rtol=1e-10, atol=1e-4):","numeric code literal; may be dimension, bound, numerical constant or scenario coefficient, not automatically an economic parameter"
252,0.0001,"if not np.allclose(row, self.q0, rtol=1e-10, atol=1e-4):","numeric code literal; may be dimension, bound, numerical constant or scenario coefficient, not automatically an economic parameter"
254,1e-10,"if not np.allclose(col, self.x[:N], rtol=1e-10, atol=1e-4):","numeric code literal; may be dimension, bound, numerical constant or scenario coefficient, not automatically an economic parameter"
254,0.0001,"if not np.allclose(col, self.x[:N], rtol=1e-10, atol=1e-4):","numeric code literal; may be dimension, bound, numerical constant or scenario coefficient, not automatically an economic parameter"
258,0,self.t = 0,"numeric code literal; may be dimension, bound, numerical constant or scenario coefficient, not automatically an economic parameter"
266,0,"if self.ai.shape != (N,) or not np.all(np.isfinite(self.ai)) or np.any(self.ai < 0):","numeric code literal; may be dimension, bound, numerical constant or scenario coefficient, not automatically an economic parameter"
274,1.0,"self.qualification = np.full((N, N), float(self.cfg.get('qualification_initial', 1.0)))","numeric code literal; may be dimension, bound, numerical constant or scenario coefficient, not automatically an economic parameter"
275,0,if not np.all((self.qualification >= 0) & (self.qualification <= 1)):,"numeric code literal; may be dimension, bound, numerical constant or scenario coefficient, not automatically an economic parameter"
275,1,if not np.all((self.qualification >= 0) & (self.qualification <= 1)):,"numeric code literal; may be dimension, bound, numerical constant or scenario coefficient, not automatically an economic parameter"
278,55,"self.material_domestic = np.zeros((55, N))","numeric code literal; may be dimension, bound, numerical constant or scenario coefficient, not automatically an economic parameter"
279,55,"self.material_import = np.zeros((55, N))","numeric code literal; may be dimension, bound, numerical constant or scenario coefficient, not automatically an economic parameter"
280,0,self.pending = {0: self.base_internal.copy()},"numeric code literal; may be dimension, bound, numerical constant or scenario coefficient, not automatically an economic parameter"
287,0.0,self.fiscal_cost = 0.0,"numeric code literal; may be dimension, bound, numerical constant or scenario coefficient, not automatically an economic parameter"
288,0.0,self.fiscal_spent_period = 0.0,"numeric code literal; may be dimension, bound, numerical constant or scenario coefficient, not automatically an economic parameter"
290,0.0,"self.budget_remaining = float(self.cfg.get(""budget_share"", 0.0)) * self.q0.sum()","numeric code literal; may be dimension, bound, numerical constant or scenario coefficient, not automatically an economic parameter"
291,1.0,self.supplier_hhi = 1.0 / 3.0,"numeric code literal; may be dimension, bound, numerical constant or scenario coefficient, not automatically an economic parameter"
291,3.0,self.supplier_hhi = 1.0 / 3.0,"numeric code literal; may be dimension, bound, numerical constant or scenario coefficient, not automatically an economic parameter"
292,0.0,self.congestion_loss = 0.0,"numeric code literal; may be dimension, bound, numerical constant or scenario coefficient, not automatically an economic parameter"
293,0.0,self.congestion_cumulative = 0.0,"numeric code literal; may be dimension, bound, numerical constant or scenario coefficient, not automatically an economic parameter"
303,1,"active = int(shock.get(""start"", -1)) <= self.t < int(shock.get(""end"", -1))","numeric code literal; may be dimension, bound, numerical constant or scenario coefficient, not automatically an economic parameter"
303,1,"active = int(shock.get(""start"", -1)) <= self.t < int(shock.get(""end"", -1))","numeric code literal; may be dimension, bound, numerical constant or scenario coefficient, not automatically an economic parameter"
305,55,"external = np.ones((55, N))","numeric code literal; may be dimension, bound, numerical constant or scenario coefficient, not automatically an economic parameter"
307,1,"i = int(shock.get(""sector"", 8)) - 1","numeric code literal; may be dimension, bound, numerical constant or scenario coefficient, not automatically an economic parameter"
307,8,"i = int(shock.get(""sector"", 8)) - 1","numeric code literal; may be dimension, bound, numerical constant or scenario coefficient, not automatically an economic parameter"
308,0,if not 0 <= i < N:,"numeric code literal; may be dimension, bound, numerical constant or scenario coefficient, not automatically an economic parameter"
310,0.0,"capacity[i] -= float(shock.get(""capacity_loss"", 0.0))","numeric code literal; may be dimension, bound, numerical constant or scenario coefficient, not automatically an economic parameter"
311,0.0,"if shock.get(""external_input_loss"", 0.0):","numeric code literal; may be dimension, bound, numerical constant or scenario coefficient, not automatically an economic parameter"
318,0,if budget <= 0:,"numeric code literal; may be dimension, bound, numerical constant or scenario coefficient, not automatically an economic parameter"
320,0.0,"lo, hi = 0.0, float(np.max(benefit))","numeric code literal; may be dimension, bound, numerical constant or scenario coefficient, not automatically an economic parameter"
321,48,for _ in range(48):,"numeric code literal; may be dimension, bound, numerical constant or scenario coefficient, not automatically an economic parameter"
322,2.0,lam = (lo + hi) / 2.0,"numeric code literal; may be dimension, bound, numerical constant or scenario coefficient, not automatically an economic parameter"
334,0,"if arr.shape != (N,) or not np.all(np.isfinite(arr)) or np.any(arr < 0):","numeric code literal; may be dimension, bound, numerical constant or scenario coefficient, not automatically an economic parameter"
336,0,"requested = sum(float(np.maximum(getattr(action, name), 0).sum()) for name in fields)","numeric code literal; may be dimension, bound, numerical constant or scenario coefficient, not automatically an economic parameter"
337,0.0,"factor = min(1.0, self.budget_remaining / requested) if requested > 0 else 0.0","numeric code literal; may be dimension, bound, numerical constant or scenario coefficient, not automatically an economic parameter"
337,0,"factor = min(1.0, self.budget_remaining / requested) if requested > 0 else 0.0","numeric code literal; may be dimension, bound, numerical constant or scenario coefficient, not automatically an economic parameter"
337,1.0,"factor = min(1.0, self.budget_remaining / requested) if requested > 0 else 0.0","numeric code literal; may be dimension, bound, numerical constant or scenario coefficient, not automatically an economic parameter"
341,0,"if arr.shape != (N,) or not np.all(np.isfinite(arr)) or np.any(arr < 0):","numeric code literal; may be dimension, bound, numerical constant or scenario coefficient, not automatically an economic parameter"
348,1.0,"output_scale = np.maximum(self.q0, 1.0)","numeric code literal; may be dimension, bound, numerical constant or scenario coefficient, not automatically an economic parameter"
349,0.1,"self.ai += 0.1 * paid[""ai""] / output_scale","numeric code literal; may be dimension, bound, numerical constant or scenario coefficient, not automatically an economic parameter"
350,0.05,"self.tech += 0.05 * paid[""rd""] / output_scale","numeric code literal; may be dimension, bound, numerical constant or scenario coefficient, not automatically an economic parameter"
351,0.2,"self.qualification = clip(self.qualification + 0.2 * paid[""qualification""][None, :] / output_scale[None, :])","numeric code literal; may be dimension, bound, numerical constant or scenario coefficient, not automatically an economic parameter"
353,4,"lag = int(self.cfg.get(""capacity_lag"", 4))","numeric code literal; may be dimension, bound, numerical constant or scenario coefficient, not automatically an economic parameter"
354,0,"if np.any(paid[""capacity""] > 0):","numeric code literal; may be dimension, bound, numerical constant or scenario coefficient, not automatically an economic parameter"
355,0.1,"schedule_capacity(self.capacity_projects,self.t,paid['capacity'],lag,float(self.cfg.get('government_capital_efficiency',.1)))","numeric code literal; may be dimension, bound, numerical constant or scenario coefficient, not automatically an economic parameter"
361,0,if budget <= 0:,"numeric code literal; may be dimension, bound, numerical constant or scenario coefficient, not automatically an economic parameter"
362,0.0,return 0.0,"numeric code literal; may be dimension, bound, numerical constant or scenario coefficient, not automatically an economic parameter"
363,0.5,"quality = float(contract.get(""platform_quality"", 0.5))","numeric code literal; may be dimension, bound, numerical constant or scenario coefficient, not automatically an economic parameter"
364,0.5,"audit = float(contract.get(""audit"", 0.5))","numeric code literal; may be dimension, bound, numerical constant or scenario coefficient, not automatically an economic parameter"
365,0.1,"penalty = float(contract.get(""penalty"", 0.1))","numeric code literal; may be dimension, bound, numerical constant or scenario coefficient, not automatically an economic parameter"
366,0.5,"weight = float(contract.get(""sector_bargaining_weight"", 0.5))","numeric code literal; may be dimension, bound, numerical constant or scenario coefficient, not automatically an economic parameter"
368,1.0,"budget_rate = budget / max(self.q0[sector], 1.0)","numeric code literal; may be dimension, bound, numerical constant or scenario coefficient, not automatically an economic parameter"
369,0.1,benefit = quality * (0.1 + shortage_rate),"numeric code literal; may be dimension, bound, numerical constant or scenario coefficient, not automatically an economic parameter"
370,0.0,"fractions = np.linspace(0.0, 1.0, 101)","numeric code literal; may be dimension, bound, numerical constant or scenario coefficient, not automatically an economic parameter"
370,1.0,"fractions = np.linspace(0.0, 1.0, 101)","numeric code literal; may be dimension, bound, numerical constant or scenario coefficient, not automatically an economic parameter"
370,101,"fractions = np.linspace(0.0, 1.0, 101)","numeric code literal; may be dimension, bound, numerical constant or scenario coefficient, not automatically an economic parameter"
371,0.0,"sector_surplus = np.maximum(benefit + fractions * budget_rate + audit * penalty - 0.05, 0.0)","numeric code literal; may be dimension, bound, numerical constant or scenario coefficient, not automatically an economic parameter"
371,0.05,"sector_surplus = np.maximum(benefit + fractions * budget_rate + audit * penalty - 0.05, 0.0)","numeric code literal; may be dimension, bound, numerical constant or scenario coefficient, not automatically an economic parameter"
372,0.0,"platform_surplus = np.maximum(benefit + (1.0 - fractions) * budget_rate - 0.02 * audit, 0.0)","numeric code literal; may be dimension, bound, numerical constant or scenario coefficient, not automatically an economic parameter"
372,0.02,"platform_surplus = np.maximum(benefit + (1.0 - fractions) * budget_rate - 0.02 * audit, 0.0)","numeric code literal; may be dimension, bound, numerical constant or scenario coefficient, not automatically an economic parameter"
372,1.0,"platform_surplus = np.maximum(benefit + (1.0 - fractions) * budget_rate - 0.02 * audit, 0.0)","numeric code literal; may be dimension, bound, numerical constant or scenario coefficient, not automatically an economic parameter"
373,1.0,"product = np.power(sector_surplus, weight) * np.power(platform_surplus, 1.0 - weight)","numeric code literal; may be dimension, bound, numerical constant or scenario coefficient, not automatically an economic parameter"
384,1,"raise ValueError(f""Nonfinite {name} action for sector {agent.index + 1}"")","numeric code literal; may be dimension, bound, numerical constant or scenario coefficient, not automatically an economic parameter"
385,0,"if name != ""price_change"" and value < 0:","numeric code literal; may be dimension, bound, numerical constant or scenario coefficient, not automatically an economic parameter"
386,1,"raise ValueError(f""Negative {name} action for sector {agent.index + 1}"")","numeric code literal; may be dimension, bound, numerical constant or scenario coefficient, not automatically an economic parameter"
387,1,"if name in (""capex_share"", ""rd_share"", ""ai_share"", ""coordination"", ""diversification"") and value > 1:","numeric code literal; may be dimension, bound, numerical constant or scenario coefficient, not automatically an economic parameter"
388,1,"raise ValueError(f""{name} exceeds one for sector {agent.index + 1}"")","numeric code literal; may be dimension, bound, numerical constant or scenario coefficient, not automatically an economic parameter"
389,1e-12,"if name not in (""production_plan"", ""inventory_target"") and name not in agent.allowed_actions and abs(value) > 1e-12:","numeric code literal; may be dimension, bound, numerical constant or scenario coefficient, not automatically an economic parameter"
390,1,"raise ValueError(f""Disallowed {name} action for sector {agent.index + 1}"")","numeric code literal; may be dimension, bound, numerical constant or scenario coefficient, not automatically an economic parameter"
396,0,if not np.all(np.isfinite(planned)) or np.any(planned < 0):,"numeric code literal; may be dimension, bound, numerical constant or scenario coefficient, not automatically an economic parameter"
398,2.0,"planned = np.minimum(planned, 2.0 * self.q0)","numeric code literal; may be dimension, bound, numerical constant or scenario coefficient, not automatically an economic parameter"
399,1,"target = int(self.cfg.get(""demand_sector"", 12)) - 1","numeric code literal; may be dimension, bound, numerical constant or scenario coefficient, not automatically an economic parameter"
399,12,"target = int(self.cfg.get(""demand_sector"", 12)) - 1","numeric code literal; may be dimension, bound, numerical constant or scenario coefficient, not automatically an economic parameter"
400,0.0,"growth = float(self.cfg.get(""demand_growth"", 0.0))","numeric code literal; may be dimension, bound, numerical constant or scenario coefficient, not automatically an economic parameter"
401,1.0,demand_boost = (1.0 + growth) ** self.t - 1.0,"numeric code literal; may be dimension, bound, numerical constant or scenario coefficient, not automatically an economic parameter"
401,1.0,demand_boost = (1.0 + growth) ** self.t - 1.0,"numeric code literal; may be dimension, bound, numerical constant or scenario coefficient, not automatically an economic parameter"
403,1,"if int(demand_shock.get(""start"", -1)) <= self.t < int(demand_shock.get(""end"", -1)):","numeric code literal; may be dimension, bound, numerical constant or scenario coefficient, not automatically an economic parameter"
403,1,"if int(demand_shock.get(""start"", -1)) <= self.t < int(demand_shock.get(""end"", -1)):","numeric code literal; may be dimension, bound, numerical constant or scenario coefficient, not automatically an economic parameter"
404,0.0,"demand_boost += float(demand_shock.get(""increase"", 0.0))","numeric code literal; may be dimension, bound, numerical constant or scenario coefficient, not automatically an economic parameter"
406,0,if 0 <= target < N:,"numeric code literal; may be dimension, bound, numerical constant or scenario coefficient, not automatically an economic parameter"
407,1.0,final[target] *= 1.0 + demand_boost,"numeric code literal; may be dimension, bound, numerical constant or scenario coefficient, not automatically an economic parameter"
412,1.25,"max_external = float(self.cfg.get(""external_supply_elasticity"", 1.25))","numeric code literal; may be dimension, bound, numerical constant or scenario coefficient, not automatically an economic parameter"
415,0,"if ""inventory"" in modules and paid[""inventory""].sum() > 0:","numeric code literal; may be dimension, bound, numerical constant or scenario coefficient, not automatically an economic parameter"
420,0,if share.sum() > 0:,"numeric code literal; may be dimension, bound, numerical constant or scenario coefficient, not automatically an economic parameter"
424,0,if np.any(target_quarters > 0):,"numeric code literal; may be dimension, bound, numerical constant or scenario coefficient, not automatically an economic parameter"
425,0.0,"gap = np.maximum(target_quarters[None, :] * self.base_internal - self.material_domestic[:N], 0.0)","numeric code literal; may be dimension, bound, numerical constant or scenario coefficient, not automatically an economic parameter"
426,0.25,"desired_internal += float(self.cfg.get(""inventory_adjustment"", 0.25)) * gap","numeric code literal; may be dimension, bound, numerical constant or scenario coefficient, not automatically an economic parameter"
427,1,desired_sales = desired_internal.sum(axis=1) + self.base_outside_sales + final + self.backlog,"numeric code literal; may be dimension, bound, numerical constant or scenario coefficient, not automatically an economic parameter"
428,0.0,"effective_ai = clip(self.ai * self.absorb * self.cfg.get(""time_fit"", 0.9) / (1.0 + self.friction), 0.0, 3.0)","numeric code literal; may be dimension, bound, numerical constant or scenario coefficient, not automatically an economic parameter"
428,3.0,"effective_ai = clip(self.ai * self.absorb * self.cfg.get(""time_fit"", 0.9) / (1.0 + self.friction), 0.0, 3.0)","numeric code literal; may be dimension, bound, numerical constant or scenario coefficient, not automatically an economic parameter"
428,1.0,"effective_ai = clip(self.ai * self.absorb * self.cfg.get(""time_fit"", 0.9) / (1.0 + self.friction), 0.0, 3.0)","numeric code literal; may be dimension, bound, numerical constant or scenario coefficient, not automatically an economic parameter"
428,0.9,"effective_ai = clip(self.ai * self.absorb * self.cfg.get(""time_fit"", 0.9) / (1.0 + self.friction), 0.0, 3.0)","numeric code literal; may be dimension, bound, numerical constant or scenario coefficient, not automatically an economic parameter"
432,1.0,"capacity_eff *= 1.0 + float(self.cfg.get(""ai_productivity"", 0.1)) * effective_ai","numeric code literal; may be dimension, bound, numerical constant or scenario coefficient, not automatically an economic parameter"
432,0.1,"capacity_eff *= 1.0 + float(self.cfg.get(""ai_productivity"", 0.1)) * effective_ai","numeric code literal; may be dimension, bound, numerical constant or scenario coefficient, not automatically an economic parameter"
434,1.0,"capacity_eff *= 1.0 + float(self.cfg.get(""technology_productivity"", 0.1)) * np.maximum(self.tech - 1.0, 0.0)","numeric code literal; may be dimension, bound, numerical constant or scenario coefficient, not automatically an economic parameter"
434,0.0,"capacity_eff *= 1.0 + float(self.cfg.get(""technology_productivity"", 0.1)) * np.maximum(self.tech - 1.0, 0.0)","numeric code literal; may be dimension, bound, numerical constant or scenario coefficient, not automatically an economic parameter"
434,0.1,"capacity_eff *= 1.0 + float(self.cfg.get(""technology_productivity"", 0.1)) * np.maximum(self.tech - 1.0, 0.0)","numeric code literal; may be dimension, bound, numerical constant or scenario coefficient, not automatically an economic parameter"
434,1.0,"capacity_eff *= 1.0 + float(self.cfg.get(""technology_productivity"", 0.1)) * np.maximum(self.tech - 1.0, 0.0)","numeric code literal; may be dimension, bound, numerical constant or scenario coefficient, not automatically an economic parameter"
436,7,"capacity_eff[7] *= float(self.cfg.get(""manufacturing_yield"", 1.0))","numeric code literal; may be dimension, bound, numerical constant or scenario coefficient, not automatically an economic parameter"
436,1.0,"capacity_eff[7] *= float(self.cfg.get(""manufacturing_yield"", 1.0))","numeric code literal; may be dimension, bound, numerical constant or scenario coefficient, not automatically an economic parameter"
438,7,"capacity_eff[7] *= float(self.cfg.get(""packaging_limit"", 1.0))","numeric code literal; may be dimension, bound, numerical constant or scenario coefficient, not automatically an economic parameter"
438,1.0,"capacity_eff[7] *= float(self.cfg.get(""packaging_limit"", 1.0))","numeric code literal; may be dimension, bound, numerical constant or scenario coefficient, not automatically an economic parameter"
440,7,"capacity_eff[7] *= float(self.cfg.get(""equipment_availability"", 1.0))","numeric code literal; may be dimension, bound, numerical constant or scenario coefficient, not automatically an economic parameter"
440,1.0,"capacity_eff[7] *= float(self.cfg.get(""equipment_availability"", 1.0))","numeric code literal; may be dimension, bound, numerical constant or scenario coefficient, not automatically an economic parameter"
441,0,"domestic_limit = np.divide(self.material_domestic, self.a_domestic, out=np.full_like(self.a_domestic, np.inf), where=self.a_domestic > 1e-12).min(axis=0)","numeric code literal; may be dimension, bound, numerical constant or scenario coefficient, not automatically an economic parameter"
441,1e-12,"domestic_limit = np.divide(self.material_domestic, self.a_domestic, out=np.full_like(self.a_domestic, np.inf), where=self.a_domestic > 1e-12).min(axis=0)","numeric code literal; may be dimension, bound, numerical constant or scenario coefficient, not automatically an economic parameter"
442,0,"import_limit = np.divide(self.material_import, self.a_import, out=np.full_like(self.a_import, np.inf), where=self.a_import > 1e-12).min(axis=0)","numeric code literal; may be dimension, bound, numerical constant or scenario coefficient, not automatically an economic parameter"
442,1e-12,"import_limit = np.divide(self.material_import, self.a_import, out=np.full_like(self.a_import, np.inf), where=self.a_import > 1e-12).min(axis=0)","numeric code literal; may be dimension, bound, numerical constant or scenario coefficient, not automatically an economic parameter"
445,0.0,"q = np.maximum(q, 0.0)","numeric code literal; may be dimension, bound, numerical constant or scenario coefficient, not automatically an economic parameter"
447,1e-10,"self.binding = {k:np.isclose(v,q,rtol=1e-8,atol=1e-7) & (q>1e-10) for k,v in self.constraint_limits.items()}","numeric code literal; may be dimension, bound, numerical constant or scenario coefficient, not automatically an economic parameter"
447,1e-08,"self.binding = {k:np.isclose(v,q,rtol=1e-8,atol=1e-7) & (q>1e-10) for k,v in self.constraint_limits.items()}","numeric code literal; may be dimension, bound, numerical constant or scenario coefficient, not automatically an economic parameter"
447,1e-07,"self.binding = {k:np.isclose(v,q,rtol=1e-8,atol=1e-7) & (q>1e-10) for k,v in self.constraint_limits.items()}","numeric code literal; may be dimension, bound, numerical constant or scenario coefficient, not automatically an economic parameter"
448,0.0,"self.material_domestic = np.maximum(self.material_domestic - self.a_domestic * q[None, :], 0.0)","numeric code literal; may be dimension, bound, numerical constant or scenario coefficient, not automatically an economic parameter"
449,0.0,"self.material_import = np.maximum(self.material_import - self.a_import * q[None, :], 0.0)","numeric code literal; may be dimension, bound, numerical constant or scenario coefficient, not automatically an economic parameter"
453,1,sale_request = desired_internal.sum(axis=1) + self.base_outside_sales + final + self.backlog,"numeric code literal; may be dimension, bound, numerical constant or scenario coefficient, not automatically an economic parameter"
455,1,internal_request = desired_internal.sum(axis=1),"numeric code literal; may be dimension, bound, numerical constant or scenario coefficient, not automatically an economic parameter"
456,1.0,"internal_ratio = np.minimum(1.0, available_finished / np.maximum(internal_request, 1e-12))","numeric code literal; may be dimension, bound, numerical constant or scenario coefficient, not automatically an economic parameter"
456,1e-12,"internal_ratio = np.minimum(1.0, available_finished / np.maximum(internal_request, 1e-12))","numeric code literal; may be dimension, bound, numerical constant or scenario coefficient, not automatically an economic parameter"
458,0.0,"residual = np.maximum(available_finished - shipped_internal.sum(axis=1), 0.0)","numeric code literal; may be dimension, bound, numerical constant or scenario coefficient, not automatically an economic parameter"
458,1,"residual = np.maximum(available_finished - shipped_internal.sum(axis=1), 0.0)","numeric code literal; may be dimension, bound, numerical constant or scenario coefficient, not automatically an economic parameter"
460,1.0,"other_ratio = np.minimum(1.0, residual / np.maximum(other_request, 1e-12))","numeric code literal; may be dimension, bound, numerical constant or scenario coefficient, not automatically an economic parameter"
460,1e-12,"other_ratio = np.minimum(1.0, residual / np.maximum(other_request, 1e-12))","numeric code literal; may be dimension, bound, numerical constant or scenario coefficient, not automatically an economic parameter"
466,1.0,"ratio=np.minimum(1.0,available_finished/np.maximum(sale_request,1e-12))","numeric code literal; may be dimension, bound, numerical constant or scenario coefficient, not automatically an economic parameter"
466,1e-12,"ratio=np.minimum(1.0,available_finished/np.maximum(sale_request,1e-12))","numeric code literal; may be dimension, bound, numerical constant or scenario coefficient, not automatically an economic parameter"
471,0.0,"residual=np.maximum(available_finished-sold_final,0.0)","numeric code literal; may be dimension, bound, numerical constant or scenario coefficient, not automatically an economic parameter"
473,1.0,"ratio=np.minimum(1.0,residual/np.maximum(remainder,1e-12))","numeric code literal; may be dimension, bound, numerical constant or scenario coefficient, not automatically an economic parameter"
473,1e-12,"ratio=np.minimum(1.0,residual/np.maximum(remainder,1e-12))","numeric code literal; may be dimension, bound, numerical constant or scenario coefficient, not automatically an economic parameter"
478,0.0,self.congestion_loss = 0.0,"numeric code literal; may be dimension, bound, numerical constant or scenario coefficient, not automatically an economic parameter"
482,0.45,"capacity_shares = np.array([0.45, 0.40, 0.35])","numeric code literal; may be dimension, bound, numerical constant or scenario coefficient, not automatically an economic parameter"
482,0.4,"capacity_shares = np.array([0.45, 0.40, 0.35])","numeric code literal; may be dimension, bound, numerical constant or scenario coefficient, not automatically an economic parameter"
482,0.35,"capacity_shares = np.array([0.45, 0.40, 0.35])","numeric code literal; may be dimension, bound, numerical constant or scenario coefficient, not automatically an economic parameter"
483,1.0,"quality = np.array([1.0, 0.90, 0.80])","numeric code literal; may be dimension, bound, numerical constant or scenario coefficient, not automatically an economic parameter"
483,0.9,"quality = np.array([1.0, 0.90, 0.80])","numeric code literal; may be dimension, bound, numerical constant or scenario coefficient, not automatically an economic parameter"
483,0.8,"quality = np.array([1.0, 0.90, 0.80])","numeric code literal; may be dimension, bound, numerical constant or scenario coefficient, not automatically an economic parameter"
484,1.0,"precision = float(self.cfg.get(""search_precision"", 1.0))","numeric code literal; may be dimension, bound, numerical constant or scenario coefficient, not automatically an economic parameter"
488,0,if requests.sum() <= 0:,"numeric code literal; may be dimension, bound, numerical constant or scenario coefficient, not automatically an economic parameter"
490,0.0,"scores = precision * quality - np.array([0.0, 0.03, 0.05])","numeric code literal; may be dimension, bound, numerical constant or scenario coefficient, not automatically an economic parameter"
490,0.03,"scores = precision * quality - np.array([0.0, 0.03, 0.05])","numeric code literal; may be dimension, bound, numerical constant or scenario coefficient, not automatically an economic parameter"
490,0.05,"scores = precision * quality - np.array([0.0, 0.03, 0.05])","numeric code literal; may be dimension, bound, numerical constant or scenario coefficient, not automatically an economic parameter"
494,1.0,"slot_capacity = self.base_internal[i].sum() * capacity_shares * float(self.cfg.get(""supplier_channel_capacity"", 1.0))","numeric code literal; may be dimension, bound, numerical constant or scenario coefficient, not automatically an economic parameter"
496,1e-12,"np.maximum(slot_demand, 1e-12))","numeric code literal; may be dimension, bound, numerical constant or scenario coefficient, not automatically an economic parameter"
499,1.0,self.congestion_loss += float(requests.sum() * (1.0 - fraction)),"numeric code literal; may be dimension, bound, numerical constant or scenario coefficient, not automatically an economic parameter"
500,2,hhis.append(float(np.sum(probs ** 2))),"numeric code literal; may be dimension, bound, numerical constant or scenario coefficient, not automatically an economic parameter"
504,1,delivered = shipped_internal.sum(axis=1) + sold_final + sold_outside + served_backlog,"numeric code literal; may be dimension, bound, numerical constant or scenario coefficient, not automatically an economic parameter"
505,0.0,"self.finished = np.maximum(available_finished - delivered, 0.0)","numeric code literal; may be dimension, bound, numerical constant or scenario coefficient, not automatically an economic parameter"
506,0.0,"self.shortage = np.maximum(sale_request - delivered, 0.0)","numeric code literal; may be dimension, bound, numerical constant or scenario coefficient, not automatically an economic parameter"
507,0.0,self.shortage[self.shortage < 1e-9 * self.q0] = 0.0,"numeric code literal; may be dimension, bound, numerical constant or scenario coefficient, not automatically an economic parameter"
507,1e-09,self.shortage[self.shortage < 1e-9 * self.q0] = 0.0,"numeric code literal; may be dimension, bound, numerical constant or scenario coefficient, not automatically an economic parameter"
508,0.25,"retained = float(self.cfg.get(""backlog_retention"", 0.25))","numeric code literal; may be dimension, bound, numerical constant or scenario coefficient, not automatically an economic parameter"
510,2.0,"float(self.cfg.get(""max_backlog_quarters"", 2.0)) * self.q0)","numeric code literal; may be dimension, bound, numerical constant or scenario coefficient, not automatically an economic parameter"
515,0,"if shipped_internal[i, j] <= 0:","numeric code literal; may be dimension, bound, numerical constant or scenario coefficient, not automatically an economic parameter"
517,1,"delay = 1 + int(self.extra_lag[i, j])","numeric code literal; may be dimension, bound, numerical constant or scenario coefficient, not automatically an economic parameter"
526,0.0,"mismatch = np.maximum(effective_ai[:, None] - self.absorb[None, :], 0.0)","numeric code literal; may be dimension, bound, numerical constant or scenario coefficient, not automatically an economic parameter"
527,0.0,"edge_gap = np.maximum(desired_internal - arrivals, 0.0) / np.maximum(desired_internal, 1.0)","numeric code literal; may be dimension, bound, numerical constant or scenario coefficient, not automatically an economic parameter"
527,1.0,"edge_gap = np.maximum(desired_internal - arrivals, 0.0) / np.maximum(desired_internal, 1.0)","numeric code literal; may be dimension, bound, numerical constant or scenario coefficient, not automatically an economic parameter"
528,0.0,"self.pressure = np.maximum(0.0, 0.70 * self.pressure + 0.1 * mismatch +","numeric code literal; may be dimension, bound, numerical constant or scenario coefficient, not automatically an economic parameter"
528,0.7,"self.pressure = np.maximum(0.0, 0.70 * self.pressure + 0.1 * mismatch +","numeric code literal; may be dimension, bound, numerical constant or scenario coefficient, not automatically an economic parameter"
528,0.1,"self.pressure = np.maximum(0.0, 0.70 * self.pressure + 0.1 * mismatch +","numeric code literal; may be dimension, bound, numerical constant or scenario coefficient, not automatically an economic parameter"
529,0.05,"0.05 * edge_gap - 0.05 * coordination[None, :] -","numeric code literal; may be dimension, bound, numerical constant or scenario coefficient, not automatically an economic parameter"
529,0.05,"0.05 * edge_gap - 0.05 * coordination[None, :] -","numeric code literal; may be dimension, bound, numerical constant or scenario coefficient, not automatically an economic parameter"
530,0.5,"0.5 * self.repair_credit[None, :] / np.maximum(self.q0[None, :], 1.0))","numeric code literal; may be dimension, bound, numerical constant or scenario coefficient, not automatically an economic parameter"
530,1.0,"0.5 * self.repair_credit[None, :] / np.maximum(self.q0[None, :], 1.0))","numeric code literal; may be dimension, bound, numerical constant or scenario coefficient, not automatically an economic parameter"
531,1.0,"self.health = clip(1.0 - 0.05 * self.pressure,","numeric code literal; may be dimension, bound, numerical constant or scenario coefficient, not automatically an economic parameter"
531,0.05,"self.health = clip(1.0 - 0.05 * self.pressure,","numeric code literal; may be dimension, bound, numerical constant or scenario coefficient, not automatically an economic parameter"
532,1.0,"float(self.cfg.get(""edge_health_floor"", 0.85)), 1.0)","numeric code literal; may be dimension, bound, numerical constant or scenario coefficient, not automatically an economic parameter"
532,0.85,"float(self.cfg.get(""edge_health_floor"", 0.85)), 1.0)","numeric code literal; may be dimension, bound, numerical constant or scenario coefficient, not automatically an economic parameter"
533,0.0,self.repair_credit[:] = 0.0,"numeric code literal; may be dimension, bound, numerical constant or scenario coefficient, not automatically an economic parameter"
535,0.01,"self.qualification = clip(self.qualification + 0.01 * np.asarray([a.diversification for a in sector_actions])[None, :])","numeric code literal; may be dimension, bound, numerical constant or scenario coefficient, not automatically an economic parameter"
538,1.0,"imbalance = np.divide(sale_request, np.maximum(available_finished, 1.0)) - 1.0","numeric code literal; may be dimension, bound, numerical constant or scenario coefficient, not automatically an economic parameter"
538,1.0,"imbalance = np.divide(sale_request, np.maximum(available_finished, 1.0)) - 1.0","numeric code literal; may be dimension, bound, numerical constant or scenario coefficient, not automatically an economic parameter"
539,0.05,"self.price *= np.exp(clip(0.05 * imbalance, -0.05, 0.05))","numeric code literal; may be dimension, bound, numerical constant or scenario coefficient, not automatically an economic parameter"
539,0.05,"self.price *= np.exp(clip(0.05 * imbalance, -0.05, 0.05))","numeric code literal; may be dimension, bound, numerical constant or scenario coefficient, not automatically an economic parameter"
539,0.05,"self.price *= np.exp(clip(0.05 * imbalance, -0.05, 0.05))","numeric code literal; may be dimension, bound, numerical constant or scenario coefficient, not automatically an economic parameter"
541,1.0,"self.price *= 1.0 + float(self.cfg.get(""hhi_markup"", 0.01)) * max(0.0, self.supplier_hhi - 1.0 / 3.0)","numeric code literal; may be dimension, bound, numerical constant or scenario coefficient, not automatically an economic parameter"
541,0.0,"self.price *= 1.0 + float(self.cfg.get(""hhi_markup"", 0.01)) * max(0.0, self.supplier_hhi - 1.0 / 3.0)","numeric code literal; may be dimension, bound, numerical constant or scenario coefficient, not automatically an economic parameter"
541,0.01,"self.price *= 1.0 + float(self.cfg.get(""hhi_markup"", 0.01)) * max(0.0, self.supplier_hhi - 1.0 / 3.0)","numeric code literal; may be dimension, bound, numerical constant or scenario coefficient, not automatically an economic parameter"
541,1.0,"self.price *= 1.0 + float(self.cfg.get(""hhi_markup"", 0.01)) * max(0.0, self.supplier_hhi - 1.0 / 3.0)","numeric code literal; may be dimension, bound, numerical constant or scenario coefficient, not automatically an economic parameter"
541,3.0,"self.price *= 1.0 + float(self.cfg.get(""hhi_markup"", 0.01)) * max(0.0, self.supplier_hhi - 1.0 / 3.0)","numeric code literal; may be dimension, bound, numerical constant or scenario coefficient, not automatically an economic parameter"
543,0.1,"self.price *= np.exp(np.clip(price_actions, -0.1, 0.1))","numeric code literal; may be dimension, bound, numerical constant or scenario coefficient, not automatically an economic parameter"
543,0.1,"self.price *= np.exp(np.clip(price_actions, -0.1, 0.1))","numeric code literal; may be dimension, bound, numerical constant or scenario coefficient, not automatically an economic parameter"
544,0,costs = (self.a_total[:N].T @ self.price) * q + (self.a_total[N:].sum(axis=0) * q),"numeric code literal; may be dimension, bound, numerical constant or scenario coefficient, not automatically an economic parameter"
545,0.8,"labor_other_cost = self.a_va * q * float(self.cfg.get(""labor_share_of_va"", 0.8))","numeric code literal; may be dimension, bound, numerical constant or scenario coefficient, not automatically an economic parameter"
547,0.0,"labor_other_cost *= np.maximum(0.0, 1.0 - float(self.cfg.get(""ai_cost_reduction"", 0.1)) * effective_ai)","numeric code literal; may be dimension, bound, numerical constant or scenario coefficient, not automatically an economic parameter"
547,1.0,"labor_other_cost *= np.maximum(0.0, 1.0 - float(self.cfg.get(""ai_cost_reduction"", 0.1)) * effective_ai)","numeric code literal; may be dimension, bound, numerical constant or scenario coefficient, not automatically an economic parameter"
547,0.1,"labor_other_cost *= np.maximum(0.0, 1.0 - float(self.cfg.get(""ai_cost_reduction"", 0.1)) * effective_ai)","numeric code literal; may be dimension, bound, numerical constant or scenario coefficient, not automatically an economic parameter"
548,0.2,profit = self.price * delivered - costs - labor_other_cost - 0.1 * self.finished - 0.2 * self.shortage,"numeric code literal; may be dimension, bound, numerical constant or scenario coefficient, not automatically an economic parameter"
548,0.1,profit = self.price * delivered - costs - labor_other_cost - 0.1 * self.finished - 0.2 * self.shortage,"numeric code literal; may be dimension, bound, numerical constant or scenario coefficient, not automatically an economic parameter"
550,0.5,self.wip = 0.5 * self.wip + 0.5 * q,"numeric code literal; may be dimension, bound, numerical constant or scenario coefficient, not automatically an economic parameter"
550,0.5,self.wip = 0.5 * self.wip + 0.5 * q,"numeric code literal; may be dimension, bound, numerical constant or scenario coefficient, not automatically an economic parameter"
557,4,"lag = int(self.cfg.get(""capacity_lag"", 4))","numeric code literal; may be dimension, bound, numerical constant or scenario coefficient, not automatically an economic parameter"
558,0.1,"schedule_capacity(self.capacity_projects,self.t,capex,lag,float(self.cfg.get('capital_efficiency',.1)))","numeric code literal; may be dimension, bound, numerical constant or scenario coefficient, not automatically an economic parameter"
562,1.0,"rd_gain = 1.0 + float(self.cfg.get(""innovation_ai_gain"", 0.5)) * effective_ai","numeric code literal; may be dimension, bound, numerical constant or scenario coefficient, not automatically an economic parameter"
562,0.5,"rd_gain = 1.0 + float(self.cfg.get(""innovation_ai_gain"", 0.5)) * effective_ai","numeric code literal; may be dimension, bound, numerical constant or scenario coefficient, not automatically an economic parameter"
563,1.0,"self.tech = (1.0 - float(self.cfg.get(""tech_depreciation"", 0.001))) * self.tech + float(self.cfg.get(""rd_efficiency"", 0.01)) * rd_gain * rd / np.maximum(self.q0, 1)","numeric code literal; may be dimension, bound, numerical constant or scenario coefficient, not automatically an economic parameter"
563,1,"self.tech = (1.0 - float(self.cfg.get(""tech_depreciation"", 0.001))) * self.tech + float(self.cfg.get(""rd_efficiency"", 0.01)) * rd_gain * rd / np.maximum(self.q0, 1)","numeric code literal; may be dimension, bound, numerical constant or scenario coefficient, not automatically an economic parameter"
563,0.001,"self.tech = (1.0 - float(self.cfg.get(""tech_depreciation"", 0.001))) * self.tech + float(self.cfg.get(""rd_efficiency"", 0.01)) * rd_gain * rd / np.maximum(self.q0, 1)","numeric code literal; may be dimension, bound, numerical constant or scenario coefficient, not automatically an economic parameter"
563,0.01,"self.tech = (1.0 - float(self.cfg.get(""tech_depreciation"", 0.001))) * self.tech + float(self.cfg.get(""rd_efficiency"", 0.01)) * rd_gain * rd / np.maximum(self.q0, 1)","numeric code literal; may be dimension, bound, numerical constant or scenario coefficient, not automatically an economic parameter"
567,0.0,"self.ai = clip(self.ai + float(self.cfg.get(""ai_conversion"", 0.1)) * ai_spend / np.maximum(self.q0, 1), 0.0, 3.0)","numeric code literal; may be dimension, bound, numerical constant or scenario coefficient, not automatically an economic parameter"
567,3.0,"self.ai = clip(self.ai + float(self.cfg.get(""ai_conversion"", 0.1)) * ai_spend / np.maximum(self.q0, 1), 0.0, 3.0)","numeric code literal; may be dimension, bound, numerical constant or scenario coefficient, not automatically an economic parameter"
567,1,"self.ai = clip(self.ai + float(self.cfg.get(""ai_conversion"", 0.1)) * ai_spend / np.maximum(self.q0, 1), 0.0, 3.0)","numeric code literal; may be dimension, bound, numerical constant or scenario coefficient, not automatically an economic parameter"
567,0.1,"self.ai = clip(self.ai + float(self.cfg.get(""ai_conversion"", 0.1)) * ai_spend / np.maximum(self.q0, 1), 0.0, 3.0)","numeric code literal; may be dimension, bound, numerical constant or scenario coefficient, not automatically an economic parameter"
569,1,"shortage_rate = self.shortage / np.maximum(sale_request, 1)","numeric code literal; may be dimension, bound, numerical constant or scenario coefficient, not automatically an economic parameter"
570,1,"incentives = paid[""qualification""] / np.maximum(self.q0, 1)","numeric code literal; may be dimension, bound, numerical constant or scenario coefficient, not automatically an economic parameter"
574,0.5,"audit = float(self.cfg.get(""contract"", {}).get(""audit"", 0.5))","numeric code literal; may be dimension, bound, numerical constant or scenario coefficient, not automatically an economic parameter"
575,0.1,"penalty = float(self.cfg.get(""contract"", {}).get(""penalty"", 0.1))","numeric code literal; may be dimension, bound, numerical constant or scenario coefficient, not automatically an economic parameter"
577,0.5,coordination_prob = sigmoid(2.0 * incentives + 0.5 * shortage_rate - 0.5),"numeric code literal; may be dimension, bound, numerical constant or scenario coefficient, not automatically an economic parameter"
577,2.0,coordination_prob = sigmoid(2.0 * incentives + 0.5 * shortage_rate - 0.5),"numeric code literal; may be dimension, bound, numerical constant or scenario coefficient, not automatically an economic parameter"
577,0.5,coordination_prob = sigmoid(2.0 * incentives + 0.5 * shortage_rate - 0.5),"numeric code literal; may be dimension, bound, numerical constant or scenario coefficient, not automatically an economic parameter"
583,1.0,"benefit=np.asarray(coordinated)[:,None]*np.array([1.0,0.8,0.7,0.6,0.9])[None,:]","numeric code literal; may be dimension, bound, numerical constant or scenario coefficient, not automatically an economic parameter"
583,0.8,"benefit=np.asarray(coordinated)[:,None]*np.array([1.0,0.8,0.7,0.6,0.9])[None,:]","numeric code literal; may be dimension, bound, numerical constant or scenario coefficient, not automatically an economic parameter"
583,0.7,"benefit=np.asarray(coordinated)[:,None]*np.array([1.0,0.8,0.7,0.6,0.9])[None,:]","numeric code literal; may be dimension, bound, numerical constant or scenario coefficient, not automatically an economic parameter"
583,0.6,"benefit=np.asarray(coordinated)[:,None]*np.array([1.0,0.8,0.7,0.6,0.9])[None,:]","numeric code literal; may be dimension, bound, numerical constant or scenario coefficient, not automatically an economic parameter"
583,0.9,"benefit=np.asarray(coordinated)[:,None]*np.array([1.0,0.8,0.7,0.6,0.9])[None,:]","numeric code literal; may be dimension, bound, numerical constant or scenario coefficient, not automatically an economic parameter"
584,1.0,"budget=float(self.cfg.get('coordination_budget',1.0))","numeric code literal; may be dimension, bound, numerical constant or scenario coefficient, not automatically an economic parameter"
585,1,"ordered=np.sort(benefit,axis=1)[:,::-1]","numeric code literal; may be dimension, bound, numerical constant or scenario coefficient, not automatically an economic parameter"
585,1,"ordered=np.sort(benefit,axis=1)[:,::-1]","numeric code literal; may be dimension, bound, numerical constant or scenario coefficient, not automatically an economic parameter"
586,0.0,"lam=np.maximum(0.0,np.max((np.cumsum(ordered,axis=1)-max(budget,0.0))/np.arange(1,6)[None,:],axis=1))","numeric code literal; may be dimension, bound, numerical constant or scenario coefficient, not automatically an economic parameter"
586,1,"lam=np.maximum(0.0,np.max((np.cumsum(ordered,axis=1)-max(budget,0.0))/np.arange(1,6)[None,:],axis=1))","numeric code literal; may be dimension, bound, numerical constant or scenario coefficient, not automatically an economic parameter"
586,0.0,"lam=np.maximum(0.0,np.max((np.cumsum(ordered,axis=1)-max(budget,0.0))/np.arange(1,6)[None,:],axis=1))","numeric code literal; may be dimension, bound, numerical constant or scenario coefficient, not automatically an economic parameter"
586,1,"lam=np.maximum(0.0,np.max((np.cumsum(ordered,axis=1)-max(budget,0.0))/np.arange(1,6)[None,:],axis=1))","numeric code literal; may be dimension, bound, numerical constant or scenario coefficient, not automatically an economic parameter"
586,6,"lam=np.maximum(0.0,np.max((np.cumsum(ordered,axis=1)-max(budget,0.0))/np.arange(1,6)[None,:],axis=1))","numeric code literal; may be dimension, bound, numerical constant or scenario coefficient, not automatically an economic parameter"
586,1,"lam=np.maximum(0.0,np.max((np.cumsum(ordered,axis=1)-max(budget,0.0))/np.arange(1,6)[None,:],axis=1))","numeric code literal; may be dimension, bound, numerical constant or scenario coefficient, not automatically an economic parameter"
587,0,"effort=clip(benefit-lam[:,None]) if budget>0 else np.zeros_like(benefit)","numeric code literal; may be dimension, bound, numerical constant or scenario coefficient, not automatically an economic parameter"
589,0.0,"self.pressure=np.maximum(0.0,self.pressure-0.02*effort[None,:,2]-0.03*effort[None,:,4])","numeric code literal; may be dimension, bound, numerical constant or scenario coefficient, not automatically an economic parameter"
589,0.03,"self.pressure=np.maximum(0.0,self.pressure-0.02*effort[None,:,2]-0.03*effort[None,:,4])","numeric code literal; may be dimension, bound, numerical constant or scenario coefficient, not automatically an economic parameter"
589,0.02,"self.pressure=np.maximum(0.0,self.pressure-0.02*effort[None,:,2]-0.03*effort[None,:,4])","numeric code literal; may be dimension, bound, numerical constant or scenario coefficient, not automatically an economic parameter"
589,4,"self.pressure=np.maximum(0.0,self.pressure-0.02*effort[None,:,2]-0.03*effort[None,:,4])","numeric code literal; may be dimension, bound, numerical constant or scenario coefficient, not automatically an economic parameter"
589,2,"self.pressure=np.maximum(0.0,self.pressure-0.02*effort[None,:,2]-0.03*effort[None,:,4])","numeric code literal; may be dimension, bound, numerical constant or scenario coefficient, not automatically an economic parameter"
590,0.01,"self.qualification=clip(self.qualification+0.01*effort[None,:,3])","numeric code literal; may be dimension, bound, numerical constant or scenario coefficient, not automatically an economic parameter"
590,3,"self.qualification=clip(self.qualification+0.01*effort[None,:,3])","numeric code literal; may be dimension, bound, numerical constant or scenario coefficient, not automatically an economic parameter"
591,1.0,"self.health = clip(1.0 - 0.05 * self.pressure,","numeric code literal; may be dimension, bound, numerical constant or scenario coefficient, not automatically an economic parameter"
591,0.05,"self.health = clip(1.0 - 0.05 * self.pressure,","numeric code literal; may be dimension, bound, numerical constant or scenario coefficient, not automatically an economic parameter"
592,1.0,"float(self.cfg.get(""edge_health_floor"", 0.85)), 1.0)","numeric code literal; may be dimension, bound, numerical constant or scenario coefficient, not automatically an economic parameter"
592,0.85,"float(self.cfg.get(""edge_health_floor"", 0.85)), 1.0)","numeric code literal; may be dimension, bound, numerical constant or scenario coefficient, not automatically an economic parameter"
594,5,self.coordination_allocation = [np.zeros(5) for _ in range(N)],"numeric code literal; may be dimension, bound, numerical constant or scenario coefficient, not automatically an economic parameter"
595,0.0,coordination_rate = 0.0,"numeric code literal; may be dimension, bound, numerical constant or scenario coefficient, not automatically an economic parameter"
601,1.0,"service = float(1.0 - self.shortage.sum() / max(sale_request.sum(), 1.0))","numeric code literal; may be dimension, bound, numerical constant or scenario coefficient, not automatically an economic parameter"
601,1.0,"service = float(1.0 - self.shortage.sum() / max(sale_request.sum(), 1.0))","numeric code literal; may be dimension, bound, numerical constant or scenario coefficient, not automatically an economic parameter"
602,1.0,"technology_gain = float(np.dot(self.tech - 1.0, self.a_va * self.q0))","numeric code literal; may be dimension, bound, numerical constant or scenario coefficient, not automatically an economic parameter"
604,1.0,"welfare = float(self.value_added.sum() * float(weights.get(""value_added"", 1.0)) +","numeric code literal; may be dimension, bound, numerical constant or scenario coefficient, not automatically an economic parameter"
605,0.0,"technology_gain * float(weights.get(""technology"", 0.0)) +","numeric code literal; may be dimension, bound, numerical constant or scenario coefficient, not automatically an economic parameter"
606,0.0,"service * self.value_added.sum() * float(weights.get(""resilience"", 0.0)) -","numeric code literal; may be dimension, bound, numerical constant or scenario coefficient, not automatically an economic parameter"
607,0.2,"self.shortage.sum() * float(weights.get(""shortage"", 0.2)) -","numeric code literal; may be dimension, bound, numerical constant or scenario coefficient, not automatically an economic parameter"
608,0.0,"price_volatility * float(weights.get(""price_volatility"", 0.0)) -","numeric code literal; may be dimension, bound, numerical constant or scenario coefficient, not automatically an economic parameter"
609,1.0,"self.fiscal_spent_period * float(weights.get(""fiscal_cost"", 1.0)) -","numeric code literal; may be dimension, bound, numerical constant or scenario coefficient, not automatically an economic parameter"
610,0.0,"self.supplier_hhi * self.value_added.sum() * float(weights.get(""concentration"", 0.0)))","numeric code literal; may be dimension, bound, numerical constant or scenario coefficient, not automatically an economic parameter"
614,0.0,"""final_shortage"": float(np.maximum(final - sold_final, 0.0).sum()),","numeric code literal; may be dimension, bound, numerical constant or scenario coefficient, not automatically an economic parameter"
615,1e-12,"""final_fill_rate"": float(sold_final.sum() / max(final.sum(), 1e-12)),","numeric code literal; may be dimension, bound, numerical constant or scenario coefficient, not automatically an economic parameter"
639,0,"record.update({'engine_version':'v0.3-experimental','pending_material':float(sum(a.sum() for a in self.pending.values())), 'pending_capacity':float(sum(a.sum() for a in self.capacity_projects.values())), 'material_arrivals':float(arrivals.sum()),'government_spend':float(self.fiscal_spent_period),'budget_remaining':float(self.budget_remaining),'max_price':float(self.price.max()),'max_mismatch':float(np.maximum(self.ai_effective[:,None]-self.absorb[None,:],0).max()),'qualification_min':float(self.qualification.min())})","numeric code literal; may be dimension, bound, numerical constant or scenario coefficient, not automatically an economic parameter"
640,1,self.t += 1,"numeric code literal; may be dimension, bound, numerical constant or scenario coefficient, not automatically an economic parameter"
