sector_id,model_label,parent_sector,split_share,origin,method_from_attachment,numerator_source,denominator_source,edition_years,original_table_page_and_cell,2020_missing_rule,scope_warning
1,化学产品原材料部门,化学产品,0.0322597164824297,existing executable 2020 workbook,revenue separation coefficient; same transformation on row and column,industrial/statistical/economic census yearbooks as listed in supplied manuscript,same-scope parent-sector revenue from stated yearbooks,2019/2021 industrial; supplied manuscript states 2023 economic census; supplementary 2018 census and 2019/2021 statistical yearbooks,not supplied; cannot authenticate each numeric split,2018/2023 linear interpolation where applied; individual affected sectors not identified in attachment,attachment includes information-service chip and application sectors not represented as decision agents in this 13-sector version
2,非金属矿物制品原材料部门,非金属矿物制品,0.066998195219322,existing executable 2020 workbook,revenue separation coefficient; same transformation on row and column,industrial/statistical/economic census yearbooks as listed in supplied manuscript,same-scope parent-sector revenue from stated yearbooks,2019/2021 industrial; supplied manuscript states 2023 economic census; supplementary 2018 census and 2019/2021 statistical yearbooks,not supplied; cannot authenticate each numeric split,2018/2023 linear interpolation where applied; individual affected sectors not identified in attachment,attachment includes information-service chip and application sectors not represented as decision agents in this 13-sector version
3,金属冶炼和压延加工品原材料部门,金属冶炼和压延加工品,0.0814677583819769,existing executable 2020 workbook,revenue separation coefficient; same transformation on row and column,industrial/statistical/economic census yearbooks as listed in supplied manuscript,same-scope parent-sector revenue from stated yearbooks,2019/2021 industrial; supplied manuscript states 2023 economic census; supplementary 2018 census and 2019/2021 statistical yearbooks,not supplied; cannot authenticate each numeric split,2018/2023 linear interpolation where applied; individual affected sectors not identified in attachment,attachment includes information-service chip and application sectors not represented as decision agents in this 13-sector version
4,专用设备原材料部门,专用设备,0.131629140614361,existing executable 2020 workbook,revenue separation coefficient; same transformation on row and column,industrial/statistical/economic census yearbooks as listed in supplied manuscript,same-scope parent-sector revenue from stated yearbooks,2019/2021 industrial; supplied manuscript states 2023 economic census; supplementary 2018 census and 2019/2021 statistical yearbooks,not supplied; cannot authenticate each numeric split,2018/2023 linear interpolation where applied; individual affected sectors not identified in attachment,attachment includes information-service chip and application sectors not represented as decision agents in this 13-sector version
5,电气机械和器材原材料部门,电气机械和器材,0.0074535523698698,existing executable 2020 workbook,revenue separation coefficient; same transformation on row and column,industrial/statistical/economic census yearbooks as listed in supplied manuscript,same-scope parent-sector revenue from stated yearbooks,2019/2021 industrial; supplied manuscript states 2023 economic census; supplementary 2018 census and 2019/2021 statistical yearbooks,not supplied; cannot authenticate each numeric split,2018/2023 linear interpolation where applied; individual affected sectors not identified in attachment,attachment includes information-service chip and application sectors not represented as decision agents in this 13-sector version
6,通信设备、计算机和其他电子设备原材料部门,通信设备、计算机和其他电子设备,0.0972830018360693,existing executable 2020 workbook,revenue separation coefficient; same transformation on row and column,industrial/statistical/economic census yearbooks as listed in supplied manuscript,same-scope parent-sector revenue from stated yearbooks,2019/2021 industrial; supplied manuscript states 2023 economic census; supplementary 2018 census and 2019/2021 statistical yearbooks,not supplied; cannot authenticate each numeric split,2018/2023 linear interpolation where applied; individual affected sectors not identified in attachment,attachment includes information-service chip and application sectors not represented as decision agents in this 13-sector version
7,仪器仪表原材料部门,仪器仪表,0.124628743099995,existing executable 2020 workbook,revenue separation coefficient; same transformation on row and column,industrial/statistical/economic census yearbooks as listed in supplied manuscript,same-scope parent-sector revenue from stated yearbooks,2019/2021 industrial; supplied manuscript states 2023 economic census; supplementary 2018 census and 2019/2021 statistical yearbooks,not supplied; cannot authenticate each numeric split,2018/2023 linear interpolation where applied; individual affected sectors not identified in attachment,attachment includes information-service chip and application sectors not represented as decision agents in this 13-sector version
8,通信设备、计算机和其他电子设备制造部门,通信设备、计算机和其他电子设备,0.163126748877859,existing executable 2020 workbook,revenue separation coefficient; same transformation on row and column,industrial/statistical/economic census yearbooks as listed in supplied manuscript,same-scope parent-sector revenue from stated yearbooks,2019/2021 industrial; supplied manuscript states 2023 economic census; supplementary 2018 census and 2019/2021 statistical yearbooks,not supplied; cannot authenticate each numeric split,2018/2023 linear interpolation where applied; individual affected sectors not identified in attachment,attachment includes information-service chip and application sectors not represented as decision agents in this 13-sector version
9,通用设备应用部门,通用设备,0.156024218574456,existing executable 2020 workbook,revenue separation coefficient; same transformation on row and column,industrial/statistical/economic census yearbooks as listed in supplied manuscript,same-scope parent-sector revenue from stated yearbooks,2019/2021 industrial; supplied manuscript states 2023 economic census; supplementary 2018 census and 2019/2021 statistical yearbooks,not supplied; cannot authenticate each numeric split,2018/2023 linear interpolation where applied; individual affected sectors not identified in attachment,attachment includes information-service chip and application sectors not represented as decision agents in this 13-sector version
10,交通运输设备应用部门,交通运输设备,0.934423334124019,existing executable 2020 workbook,revenue separation coefficient; same transformation on row and column,industrial/statistical/economic census yearbooks as listed in supplied manuscript,same-scope parent-sector revenue from stated yearbooks,2019/2021 industrial; supplied manuscript states 2023 economic census; supplementary 2018 census and 2019/2021 statistical yearbooks,not supplied; cannot authenticate each numeric split,2018/2023 linear interpolation where applied; individual affected sectors not identified in attachment,attachment includes information-service chip and application sectors not represented as decision agents in this 13-sector version
11,电气机械和器材应用部门,电气机械和器材,0.648340452670058,existing executable 2020 workbook,revenue separation coefficient; same transformation on row and column,industrial/statistical/economic census yearbooks as listed in supplied manuscript,same-scope parent-sector revenue from stated yearbooks,2019/2021 industrial; supplied manuscript states 2023 economic census; supplementary 2018 census and 2019/2021 statistical yearbooks,not supplied; cannot authenticate each numeric split,2018/2023 linear interpolation where applied; individual affected sectors not identified in attachment,attachment includes information-service chip and application sectors not represented as decision agents in this 13-sector version
12,通信设备、计算机和其他电子设备应用部门,通信设备、计算机和其他电子设备,0.728732304449568,existing executable 2020 workbook,revenue separation coefficient; same transformation on row and column,industrial/statistical/economic census yearbooks as listed in supplied manuscript,same-scope parent-sector revenue from stated yearbooks,2019/2021 industrial; supplied manuscript states 2023 economic census; supplementary 2018 census and 2019/2021 statistical yearbooks,not supplied; cannot authenticate each numeric split,2018/2023 linear interpolation where applied; individual affected sectors not identified in attachment,attachment includes information-service chip and application sectors not represented as decision agents in this 13-sector version
13,仪器仪表应用部门,仪器仪表,0.764265302134727,existing executable 2020 workbook,revenue separation coefficient; same transformation on row and column,industrial/statistical/economic census yearbooks as listed in supplied manuscript,same-scope parent-sector revenue from stated yearbooks,2019/2021 industrial; supplied manuscript states 2023 economic census; supplementary 2018 census and 2019/2021 statistical yearbooks,not supplied; cannot authenticate each numeric split,2018/2023 linear interpolation where applied; individual affected sectors not identified in attachment,attachment includes information-service chip and application sectors not represented as decision agents in this 13-sector version
