task,runs,fill_min,fill_max,max_mismatch,qualification_min,ai_delta_max,qualification_delta_max,binding_capacity_mean,binding_domestic_mean
ic_e1,60,0.9999999999999998,0.9999999999999998,0.0,1.0,0.7800000000000006,0.0,0.3555555555555557,1.0
ic_e2,50,0.9733145715668863,0.9820586105129006,0.0,1.0,0.7800000000000006,0.0,0.4591282051282052,0.059230769230769226
ic_e3,50,0.9999999999999998,0.9999999999999998,0.0,1.0,0.7800000000000006,0.0,0.03333333333333333,1.0
ic_e4,50,0.7879499382389442,0.9999999999999998,0.0,1.0,0.0,0.0,0.6133333333333334,1.0
ic_e5,50,0.7613653870965215,0.9999999999999998,0.0,1.0,0.0,0.0,1.0,0.47846153846153855
ic_g1,80,0.9999999999999998,0.9999999999999998,0.0,1.0,0.12042798658251956,0.0,0.0041666666666666675,1.0
ic_g2,50,0.9806125361146685,0.9806973174160449,0.0,1.0,0.1609517351459884,0.0,0.17897435897435895,0.34153846153846146
ic_g3,60,0.9961188401050399,0.9961188401050399,0.0,1.0,0.0,0.0,1.0,0.25641025641025633
ic_g4,80,0.9985873240610407,0.9985873240610407,0.0,1.0,0.0,0.0,1.0,0.2564102564102564
ic_g5,80,0.9952068054853749,0.9952557964502694,0.0,1.0,0.1609517351459884,0.0,0.07307692307692308,0.39839743589743587
ic_r1,60,0.9709458444843249,0.9999999999999998,0.0,1.0,0.0,0.0,0.647008547008547,0.358974358974359
ic_r2,50,0.9999999999999998,0.9999999999999998,0.0,1.0,1.9500000000000008,0.0,0.03333333333333333,1.0
ic_r3,50,0.9544946831807477,0.968184367605871,0.0,1.0,0.0,0.0,0.5206153846153846,0.059025641025641014
ic_r4,50,0.6826981724202674,0.9999999999999998,0.0,1.0,0.0,0.0,0.42,1.0
ic_r5,50,0.7178072711787102,0.9999999999999998,0.0,1.0,1.1700000000000006,0.0,0.03333333333333333,1.0
