environment_count,repeat,workers_used,worker_limit,periods_each,wall_seconds,steps_per_second,sum_worker_rss_mb
1,0,1,6,10,0.04255020001437515,235.01652158207486,40.71875
1,1,1,6,10,0.046551399980671704,214.8163106620216,40.3984375
1,2,1,6,10,0.05256490001920611,190.24101627409564,40.515625
8,0,6,6,10,0.09789099998306483,817.2354967651778,243.05859375
8,1,6,6,10,0.0999735000077635,800.2120561327507,243.22265625
8,2,6,6,10,0.07868739997502416,1016.6811970581372,243.2890625
32,0,6,6,10,0.24791330005973577,1290.7738307016793,243.47265625
32,1,6,6,10,0.2857767000095919,1119.7553893975942,243.55859375
32,2,6,6,10,0.337355799973011,948.5534264583579,243.70703125
128,0,6,6,10,1.0473748999647796,1222.102992961778,244.2109375
128,1,6,6,10,1.1317160000326112,1131.0258050280422,244.41015625
128,2,6,6,10,0.9454033999936655,1353.9193956871493,244.48828125
