task,repeat,policy_ms,environment_ms,end_to_end_ms,process_rss_mb
ic_r1,0,2.299149928148836,1.3151500024832785,3.577800060156733,176.296875
ic_r1,1,2.37360002938658,1.3964000390842557,3.7757499958388507,176.375
ic_r1,2,2.3508999729529023,1.5649500419385731,4.170999978668988,176.3828125
ic_r1,3,2.3104999563656747,1.3342499732971191,3.715450002346188,176.40234375
ic_r1,4,2.196400018874556,1.2322000111453235,3.443000023253262,176.40625
ic_g5,0,2.184149983804673,1.5512499958276749,3.888299921527505,176.59375
ic_g5,1,1.9736500107683241,1.3892999850213528,3.391199978068471,176.6015625
ic_g5,2,2.1636500023305416,1.646700024139136,3.814399999100715,176.62109375
ic_g5,3,2.016599988564849,1.442449982278049,3.5287499777041376,176.6328125
ic_g5,4,2.0959499524906278,1.5116999857127666,3.6681999918073416,176.640625
