period,sector_id,label,output,base_output,value_added,capacity,price,backlog,ai,ai_effective,technology
0,1,化学产品原材料部门,12205014.58788285,12205014.58788285,2986354.588072125,12205014.58788285,1.0,0.0,0.0,0.0,1.0
0,2,非金属矿物制品原材料部门,12277953.359281374,12277953.359281374,3862110.983681375,12277953.359281374,1.0,0.0,0.0,0.0,1.0
0,3,金属冶炼和压延加工品原材料部门,24606928.340485323,24606928.340485323,5618663.457374525,24606928.340485323,1.0,0.0,0.0,0.0,1.0
0,4,专用设备原材料部门,12746672.569310747,12746672.56931075,3223311.236015849,12746672.56931075,1.0,0.0,0.0,0.0,1.0
0,5,电气机械和器材原材料部门,1300022.9913140745,1300022.991314075,226078.98565283866,1300022.991314075,1.0,0.0,0.0,0.0,1.0
0,6,通信设备、计算机和其他电子设备原材料部门,26542676.99328848,26542676.9932885,4046059.1683213715,26542676.9932885,1.0,0.0,0.0,0.0,1.0
0,7,仪器仪表原材料部门,3027315.042876223,3027315.042876225,777382.6674754896,3027315.042876225,1.0,0.0,0.0,0.0,1.0
0,8,通信设备、计算机和其他电子设备制造部门,44507473.27602443,44507473.2760245,6784540.62311844,44507473.2760245,1.0,0.0,0.0,0.0,1.0
0,9,通用设备应用部门,20786755.056823026,20786755.056823026,4840181.459710275,20786755.056823026,1.0,0.0,0.0,0.0,1.0
0,10,交通运输设备应用部门,201478346.71852142,201478346.7185215,41515967.186004736,201478346.7185215,1.0,0.0,0.0,0.0,1.0
0,11,电气机械和器材应用部门,113081313.82791549,113081313.8279155,19665274.304621197,113081313.8279155,1.0,0.0,0.0,0.0,1.0
0,12,通信设备、计算机和其他电子设备应用部门,198827192.89618057,198827192.89618075,30308419.415743474,198827192.89618075,1.0,0.0,0.0,0.0,1.0
0,13,仪器仪表应用部门,18564512.393777724,18564512.393777724,4767171.5565306,18564512.393777724,1.0,0.0,0.0,0.0,1.0
1,1,化学产品原材料部门,12205014.58788285,12205014.58788285,2986354.588072125,12205014.58788285,1.0,0.0,0.0,0.0,1.0
1,2,非金属矿物制品原材料部门,12277953.359281374,12277953.359281374,3862110.983681375,12277953.359281374,1.0,0.0,0.0,0.0,1.0
1,3,金属冶炼和压延加工品原材料部门,24606928.340485323,24606928.340485323,5618663.457374525,24606928.340485323,1.0,0.0,0.0,0.0,1.0
1,4,专用设备原材料部门,12746672.569310747,12746672.56931075,3223311.236015849,12746672.56931075,1.0,0.0,0.0,0.0,1.0
1,5,电气机械和器材原材料部门,1300022.9913140745,1300022.991314075,226078.98565283866,1300022.991314075,1.0,0.0,0.0,0.0,1.0
1,6,通信设备、计算机和其他电子设备原材料部门,26542676.993288476,26542676.9932885,4046059.168321371,26542676.9932885,1.0,0.0,0.0,0.0,1.0
1,7,仪器仪表原材料部门,3027315.042876223,3027315.042876225,777382.6674754896,3027315.042876225,1.0,0.0,0.0,0.0,1.0
1,8,通信设备、计算机和其他电子设备制造部门,44507473.276024416,44507473.2760245,6784540.623118437,44507473.2760245,1.0,0.0,0.0,0.0,1.0
1,9,通用设备应用部门,20786755.056823026,20786755.056823026,4840181.459710275,20786755.056823026,1.0,0.0,0.0,0.0,1.0
1,10,交通运输设备应用部门,201478346.71852142,201478346.7185215,41515967.186004736,201478346.7185215,1.0,0.0,0.0,0.0,1.0
1,11,电气机械和器材应用部门,113081313.8279155,113081313.8279155,19665274.3046212,113081313.8279155,1.0,0.0,0.0,0.0,1.0
1,12,通信设备、计算机和其他电子设备应用部门,198827192.89618054,198827192.89618075,30308419.415743466,198827192.89618075,1.0,0.0,0.0,0.0,1.0
1,13,仪器仪表应用部门,18564512.393777724,18564512.393777724,4767171.5565306,18564512.393777724,1.0,0.0,0.0,0.0,1.0
2,1,化学产品原材料部门,12205014.58788285,12205014.58788285,2986354.588072125,12205014.58788285,1.0,0.0,0.0,0.0,1.0
2,2,非金属矿物制品原材料部门,12277953.359281374,12277953.359281374,3862110.983681375,12277953.359281374,1.0,0.0,0.0,0.0,1.0
2,3,金属冶炼和压延加工品原材料部门,24606928.340485323,24606928.340485323,5618663.457374525,24606928.340485323,1.0,0.0,0.0,0.0,1.0
2,4,专用设备原材料部门,12746672.569310747,12746672.56931075,3223311.236015849,12746672.56931075,1.0,0.0,0.0,0.0,1.0
2,5,电气机械和器材原材料部门,1300022.9913140745,1300022.991314075,226078.98565283866,1300022.991314075,1.0,0.0,0.0,0.0,1.0
2,6,通信设备、计算机和其他电子设备原材料部门,26542676.993288476,26542676.9932885,4046059.168321371,26542676.9932885,1.0,0.0,0.0,0.0,1.0
2,7,仪器仪表原材料部门,3027315.042876223,3027315.042876225,777382.6674754896,3027315.042876225,1.0,0.0,0.0,0.0,1.0
2,8,通信设备、计算机和其他电子设备制造部门,44507473.276024416,44507473.2760245,6784540.623118437,44507473.2760245,1.0,0.0,0.0,0.0,1.0
2,9,通用设备应用部门,20786755.056823026,20786755.056823026,4840181.459710275,20786755.056823026,1.0,0.0,0.0,0.0,1.0
2,10,交通运输设备应用部门,201478346.71852142,201478346.7185215,41515967.186004736,201478346.7185215,1.0,0.0,0.0,0.0,1.0
2,11,电气机械和器材应用部门,113081313.8279155,113081313.8279155,19665274.3046212,113081313.8279155,1.0,0.0,0.0,0.0,1.0
2,12,通信设备、计算机和其他电子设备应用部门,198827192.89618054,198827192.89618075,30308419.415743466,198827192.89618075,1.0,0.0,0.0,0.0,1.0
2,13,仪器仪表应用部门,18564512.393777724,18564512.393777724,4767171.5565306,18564512.393777724,1.0,0.0,0.0,0.0,1.0
3,1,化学产品原材料部门,12205014.58788285,12205014.58788285,2986354.588072125,12205014.58788285,1.0,0.0,0.0,0.0,1.0
3,2,非金属矿物制品原材料部门,12277953.359281374,12277953.359281374,3862110.983681375,12277953.359281374,1.0,0.0,0.0,0.0,1.0
3,3,金属冶炼和压延加工品原材料部门,24606928.340485323,24606928.340485323,5618663.457374525,24606928.340485323,1.0,0.0,0.0,0.0,1.0
3,4,专用设备原材料部门,12746672.569310747,12746672.56931075,3223311.236015849,12746672.56931075,1.0,0.0,0.0,0.0,1.0
3,5,电气机械和器材原材料部门,1300022.9913140745,1300022.991314075,226078.98565283866,1300022.991314075,1.0,0.0,0.0,0.0,1.0
3,6,通信设备、计算机和其他电子设备原材料部门,26542676.993288476,26542676.9932885,4046059.168321371,26542676.9932885,1.0,0.0,0.0,0.0,1.0
3,7,仪器仪表原材料部门,3027315.042876223,3027315.042876225,777382.6674754896,3027315.042876225,1.0,0.0,0.0,0.0,1.0
3,8,通信设备、计算机和其他电子设备制造部门,44507473.276024416,44507473.2760245,6784540.623118437,44507473.2760245,1.0,0.0,0.0,0.0,1.0
3,9,通用设备应用部门,20786755.056823026,20786755.056823026,4840181.459710275,20786755.056823026,1.0,0.0,0.0,0.0,1.0
3,10,交通运输设备应用部门,201478346.71852142,201478346.7185215,41515967.186004736,201478346.7185215,1.0,0.0,0.0,0.0,1.0
3,11,电气机械和器材应用部门,113081313.8279155,113081313.8279155,19665274.3046212,113081313.8279155,1.0,0.0,0.0,0.0,1.0
3,12,通信设备、计算机和其他电子设备应用部门,198827192.89618054,198827192.89618075,30308419.415743466,198827192.89618075,1.0,0.0,0.0,0.0,1.0
3,13,仪器仪表应用部门,18564512.393777724,18564512.393777724,4767171.5565306,18564512.393777724,1.0,0.0,0.0,0.0,1.0
4,1,化学产品原材料部门,12205014.58788285,12205014.58788285,2986354.588072125,12205014.58788285,1.0,0.0,0.0,0.0,1.0
4,2,非金属矿物制品原材料部门,12277953.359281374,12277953.359281374,3862110.983681375,12277953.359281374,1.0,0.0,0.0,0.0,1.0
4,3,金属冶炼和压延加工品原材料部门,24606928.340485323,24606928.340485323,5618663.457374525,24606928.340485323,1.0,0.0,0.0,0.0,1.0
4,4,专用设备原材料部门,12746672.569310747,12746672.56931075,3223311.236015849,12746672.56931075,1.0,0.0,0.0,0.0,1.0
4,5,电气机械和器材原材料部门,1300022.9913140745,1300022.991314075,226078.98565283866,1300022.991314075,1.0,0.0,0.0,0.0,1.0
4,6,通信设备、计算机和其他电子设备原材料部门,26542676.993288476,26542676.9932885,4046059.168321371,26542676.9932885,1.0,0.0,0.0,0.0,1.0
4,7,仪器仪表原材料部门,3027315.042876223,3027315.042876225,777382.6674754896,3027315.042876225,1.0,0.0,0.0,0.0,1.0
4,8,通信设备、计算机和其他电子设备制造部门,44507473.276024416,44507473.2760245,6784540.623118437,44507473.2760245,1.0,0.0,0.0,0.0,1.0
4,9,通用设备应用部门,20786755.056823026,20786755.056823026,4840181.459710275,20786755.056823026,1.0,0.0,0.0,0.0,1.0
4,10,交通运输设备应用部门,201478346.71852142,201478346.7185215,41515967.186004736,201478346.7185215,1.0,0.0,0.0,0.0,1.0
4,11,电气机械和器材应用部门,113081313.8279155,113081313.8279155,19665274.3046212,113081313.8279155,1.0,0.0,0.0,0.0,1.0
4,12,通信设备、计算机和其他电子设备应用部门,198827192.8961807,198827192.89618075,30308419.415743493,198827192.89618075,1.0072332330241087,7164935.391543552,0.0,0.0,1.0
4,13,仪器仪表应用部门,18564512.393777724,18564512.393777724,4767171.5565306,18564512.393777724,1.0,0.0,0.0,0.0,1.0
5,1,化学产品原材料部门,12205014.58788285,12205014.58788285,2986354.588072125,12205014.58788285,1.0000309430998437,1888.2757105384953,0.0,0.0,1.0
5,2,非金属矿物制品原材料部门,12277953.359281374,12277953.359281374,3862110.983681375,12277953.359281374,1.0000338421421,2077.5260576405562,0.0,0.0,1.0
5,3,金属冶炼和压延加工品原材料部门,24606928.340485323,24606928.340485323,5618663.457374525,24606928.340485323,1.000038855476248,4780.4767251117155,0.0,0.0,1.0
5,4,专用设备原材料部门,12746672.569310747,12746672.56931075,3223311.236015849,12746672.56931075,1.0000690504739438,4400.666978258174,0.0,0.0,1.0
5,5,电气机械和器材原材料部门,1300022.9913140747,1300022.991314075,226078.98565283872,1300022.991314075,1.0001054577977806,685.4516661636299,0.0,0.0,1.0
5,6,通信设备、计算机和其他电子设备原材料部门,26542676.99328849,26542676.9932885,4046059.1683213734,26542676.9932885,1.0005335267052071,70787.25325172395,0.0,0.0,1.0
5,7,仪器仪表原材料部门,3027315.0428762245,3027315.042876225,777382.6674754899,3027315.042876225,1.0000632900594417,957.9644305682741,0.0,0.0,1.0
5,8,通信设备、计算机和其他电子设备制造部门,44507473.27602447,44507473.2760245,6784540.623118445,44507473.2760245,1.0005335267052071,118697.96641766094,0.0,0.0,1.0
5,9,通用设备应用部门,20786755.056823026,20786755.056823026,4840181.459710275,20786755.056823026,1.0000171790779202,1785.471087823622,0.0,0.0,1.0
5,10,交通运输设备应用部门,201478346.71852145,201478346.7185215,41515967.18600474,201478346.7185215,1.0000009767234994,983.9426987618208,0.0,0.0,1.0
5,11,电气机械和器材应用部门,113081313.8279155,113081313.8279155,19665274.3046212,113081313.8279155,1.0001054577977806,59623.38781178743,0.0,0.0,1.0
5,12,通信设备、计算机和其他电子设备应用部门,198827192.89618075,198827192.89618075,30308419.4157435,198827192.89618075,1.0168906421240906,9486425.884621285,0.0,0.0,1.0
5,13,仪器仪表应用部门,18564512.393777724,18564512.393777724,4767171.5565306,18564512.393777724,1.0000632900594417,5874.5595658971,0.0,0.0,1.0
6,1,化学产品原材料部门,12205014.58788285,12205014.58788285,2986354.588072125,12205014.58788285,1.0000812979274902,3072.734587173909,0.0,0.0,1.0
6,2,非金属矿物制品原材料部门,12277953.359281374,12277953.359281374,3862110.983681375,12277953.359281374,1.0000887746919287,3372.089686884079,0.0,0.0,1.0
6,3,金属冶炼和压延加工品原材料部门,24606928.340485323,24606928.340485323,5618663.457374525,24606928.340485323,1.0001038619323586,7997.47534923628,0.0,0.0,1.0
6,4,专用设备原材料部门,12746672.56931075,12746672.56931075,3223311.2360158497,12746672.56931075,1.0001801340260856,7078.846372823231,0.0,0.0,1.0
6,5,电气机械和器材原材料部门,1300022.991314075,1300022.991314075,226078.98565283875,1300022.991314075,1.000277682989629,1119.269129369408,0.0,0.0,1.0
6,6,通信设备、计算机和其他电子设备原材料部门,26542676.9932885,26542676.9932885,4046059.168321375,26542676.9932885,1.0013888444686878,113403.12107484601,0.0,0.0,1.0
6,7,仪器仪表原材料部门,3027315.042876225,3027315.042876225,777382.66747549,3027315.042876225,1.0001669830000937,1569.3753043573815,0.0,0.0,1.0
6,8,通信设备、计算机和其他电子设备制造部门,44507473.2760245,44507473.2760245,6784540.62311845,44507473.2760245,1.0013888444686878,190157.39753501117,0.0,0.0,1.0
6,9,通用设备应用部门,20786755.056823026,20786755.056823026,4840181.459710275,20786755.056823026,1.0000459351236122,2988.6300787124783,0.0,0.0,1.0
6,10,交通运输设备应用部门,201478346.7185215,201478346.7185215,41515967.18600475,201478346.7185215,1.0000027064193473,1742.4780898317695,0.0,0.0,1.0
6,11,电气机械和器材应用部门,113081313.8279155,113081313.8279155,19665274.3046212,113081313.8279155,1.000277682989629,97358.60405686498,0.0,0.0,1.0
6,12,通信设备、计算机和其他电子设备应用部门,198827192.89618075,198827192.89618075,30308419.4157435,198827192.89618075,1.0274330695517482,10253463.389475249,0.0,0.0,1.0
6,13,仪器仪表应用部门,18564512.393777724,18564512.393777724,4767171.5565306,18564512.393777724,1.0001669830000939,9623.936351398937,0.0,0.0,1.0
7,1,化学产品原材料部门,12205014.58788285,12205014.58788285,2986354.588072125,12205014.58788285,1.0001408396116047,3633.13208958786,0.0,0.0,1.0
7,2,非金属矿物制品原材料部门,12277953.359281374,12277953.359281374,3862110.983681375,12277953.359281374,1.0001536311173072,3981.0383172146976,0.0,0.0,1.0
7,3,金属冶炼和压延加工品原材料部门,24606928.340485323,24606928.340485323,5618663.457374525,24606928.340485323,1.000181984967893,9610.466129590757,0.0,0.0,1.0
7,4,专用设备原材料部门,12746672.56931075,12746672.56931075,3223311.2360158497,12746672.56931075,1.0003105823057241,8311.868165973108,0.0,0.0,1.0
7,5,电气机械和器材原材料部门,1300022.991314075,1300022.991314075,226078.98565283875,1300022.991314075,1.0004817728682602,1326.1041184073547,0.0,0.0,1.0
7,6,通信设备、计算机和其他电子设备原材料部门,26542676.9932885,26542676.9932885,4046059.168321375,26542676.9932885,1.0023916364843035,132832.8478943035,0.0,0.0,1.0
7,7,仪器仪表原材料部门,3027315.042876225,3027315.042876225,777382.66747549,3027315.042876225,1.0002900953585288,1863.073690294288,0.0,0.0,1.0
7,8,通信设备、计算机和其他电子设备制造部门,44507473.2760245,44507473.2760245,6784540.62311845,44507473.2760245,1.0023916364843035,222737.6850243304,0.0,0.0,1.0
7,9,通用设备应用部门,20786755.056823026,20786755.056823026,4840181.459710275,20786755.056823026,1.0000805026338593,3592.5047283889726,0.0,0.0,1.0
7,10,交通运输设备应用部门,201478346.7185215,201478346.7185215,41515967.18600475,201478346.7185215,1.0000048602913956,2169.784687422216,0.0,0.0,1.0
7,11,电气机械和器材应用部门,113081313.8279155,113081313.8279155,19665274.3046212,113081313.8279155,1.0004817728682602,115349.95687314123,0.0,0.0,1.0
7,12,通信设备、计算机和其他电子设备应用部门,198884512.3793131,198827192.89618075,30317156.96773608,198884512.3793131,1.0383355823963725,10496630.789379038,0.0,0.0,1.0
7,13,仪器仪表应用部门,18564512.393777724,18564512.393777724,4767171.5565306,18564512.393777724,1.0002900953585292,11424.99347579386,0.0,0.0,1.0
8,1,化学产品原材料部门,12205029.694088535,12205014.58788285,2986358.2842976665,12205029.694088535,1.0002042068464698,3866.327885719016,0.0,0.0,1.0
8,2,非金属矿物制品原材料部门,12277969.979489835,12277953.359281374,3862116.2116772607,12277969.979489835,1.000222598323312,4233.09011960309,0.0,0.0,1.0
8,3,金属冶炼和压延加工品原材料部门,24606966.584299125,24606928.340485323,5618672.189838655,24606966.584299125,1.0002658548939412,10316.612249420956,0.0,0.0,1.0
8,4,专用设备原材料部门,12746707.774646576,12746672.56931075,3223320.1385552315,12746707.774646576,1.000448896611875,8811.913990381174,0.0,0.0,1.0
8,5,电气机械和器材原材料部门,1300028.4749274042,1300022.991314075,226079.93927423426,1300028.4749274042,1.000699246391951,1412.7746152530308,0.0,0.0,1.0
8,6,通信设备、计算机和其他电子设备原材料部门,26543243.291314512,26542676.9932885,4046145.492519975,26543243.291314512,1.0034544407827821,140640.28155127075,0.0,0.0,1.0
8,7,仪器仪表原材料部门,3027322.7065916695,3027315.042876225,777384.6354370238,3027322.7065916695,1.000421413549152,1987.0058179966873,0.0,0.0,1.0
8,8,通信设备、计算机和其他电子设备制造部门,44508422.85975584,44507473.2760245,6784685.373851891,44508422.85975584,1.0034544407827821,235829.3993578069,0.0,0.0,1.0
8,9,通用设备应用部门,20786769.34059173,20786755.056823026,4840184.785675884,20786769.34059173,1.0001176174234674,3857.100769488141,0.0,0.0,1.0
8,10,交通运输设备应用部门,201478354.5900631,201478346.7185215,41515968.80798879,201478354.5900631,1.0000072207470818,2377.889275185764,0.0,0.0,1.0
8,11,电气机械和器材应用部门,113081790.815018,113081313.8279155,19665357.254508257,113081790.815018,1.000699246391951,122888.91096772999,0.0,0.0,1.0
8,12,通信设备、计算机和其他电子设备应用部门,198960403.7863901,198827192.89618075,30328725.549287908,198960403.7863901,1.0494181039290842,10561608.32088077,0.0,0.0,1.0
8,13,仪器仪表应用部门,18564559.39025425,18564512.393777724,4767183.624731553,18564559.39025425,1.0004214135491527,12184.986898391508,0.0,0.0,1.0
9,1,化学产品原材料部门,12205054.275965232,12205014.58788285,2986364.2990549393,12205054.275965232,1.0002689942682383,3952.734777558595,0.0,0.0,1.0
9,2,非金属矿物制品原材料部门,12277996.95620733,12277953.359281374,3862124.69738118,12277996.95620733,1.0002930828704217,4325.9298758176155,0.0,0.0,1.0
9,3,金属冶炼和压延加工品原材料部门,24607030.56410192,24606928.340485323,5618686.798772164,24607030.56410192,1.0003519764976936,10592.712430248037,0.0,0.0,1.0
9,4,专用设备原材料部门,12746764.40541756,12746672.56931075,3223334.459045495,12746764.40541756,1.000590053794046,8991.815715957899,0.0,0.0,1.0
9,5,电气机械和器材原材料部门,1300037.4290804393,1300022.991314075,226081.49643579917,1300037.4290804393,1.0009217486558462,1445.1350831433083,0.0,0.0,1.0
9,6,通信设备、计算机和其他电子设备原材料部门,26544150.51628311,26542676.9932885,4046283.7862536046,26544150.51628311,1.0045393695703437,143419.34566917736,0.0,0.0,1.0
9,7,仪器仪表原材料部门,3027335.261594104,3027315.042876225,777387.8594296194,3027335.261594104,1.0005558311297744,2033.6417282641632,0.0,0.0,1.0
9,8,通信设备、计算机和其他电子设备制造部门,44509944.118936114,44507473.2760245,6784917.268496704,44509944.118936114,1.0045393695703437,240489.40867002867,0.0,0.0,1.0
9,9,通用设备应用部门,20786793.24963236,20786755.056823026,4840190.352879368,20786793.24963236,1.0001557300206665,3960.6520743258297,0.0,0.0,1.0
9,10,交通运输设备应用部门,201478368.52988783,201478346.7185215,41515971.68038335,201478368.52988783,1.0000096715949145,2468.94326120615,0.0,0.0,1.0
9,11,电气机械和器材应用部门,113082569.68385045,113081313.8279155,19665492.702786308,113082569.68385045,1.0009217486558462,125703.75674320385,0.0,0.0,1.0
9,12,通信设备、计算机和其他电子设备应用部门,199042431.4935059,198827192.89618075,30341229.523793425,199042431.4935059,1.0606181442485636,10565241.221604712,0.0,0.0,1.0
9,13,仪器仪表应用部门,18564636.381745063,18564512.393777724,4767203.395336743,18564636.381745063,1.0005558311297753,12470.973960157484,0.0,0.0,1.0
10,1,化学产品原材料部门,12205083.34102195,12205014.58788285,2986371.410768314,12205083.34102195,1.0003342018240984,3978.118477326352,0.0,0.0,1.0
10,2,非金属矿物制品原材料部门,12278028.804513868,12277953.359281374,3862134.715475474,12278028.804513868,1.0003640115770838,4352.893388093915,0.0,0.0,1.0
10,3,金属冶炼和压延加工品原材料部门,24607107.447830956,24606928.340485323,5618704.354144895,24607107.447830956,1.000438830528801,10681.908721149899,0.0,0.0,1.0
10,4,专用设备原材料部门,12746830.900362888,12746672.56931075,3223351.2739360672,12746830.900362888,1.0007320126966797,9041.653814779129,0.0,0.0,1.0
10,5,电气机械和器材原材料部门,1300048.0379133865,1300022.991314075,226083.34135254886,1300048.0379133865,1.0011457838985802,1454.778993314074,0.0,0.0,1.0
10,6,通信设备、计算机和其他电子设备原材料部门,26545213.179066263,26542676.9932885,4046445.7743039317,26545213.179066263,1.0056311312676682,144172.09800724406,0.0,0.0,1.0
10,7,仪器仪表原材料部门,3027350.1661836263,3027315.042876225,777391.6867714706,3027350.1661836263,1.0006911983104034,2047.7424894078868,0.0,0.0,1.0
10,8,通信设备、计算机和其他电子设备制造部门,44511726.02041631,44507473.2760245,6785188.894407792,44511726.02041631,1.005631131267668,241751.64399687387,0.0,0.0,1.0
10,9,通用设备应用部门,20786821.989670187,20786755.056823026,4840197.044977191,20786821.989670187,1.0001941664605452,3994.1583978766575,0.0,0.0,1.0
10,10,交通运输设备应用部门,201478385.88816532,201478346.7185215,41515975.25717306,201478385.88816532,1.0000121570069258,2503.75667488575,0.0,0.0,1.0
10,11,电气机械和器材应用部门,113083492.48350544,113081313.8279155,19665653.18118658,113083492.48350544,1.0011457838985802,126542.62347080931,0.0,0.0,1.0
10,12,通信设备、计算机和其他电子设备应用部门,199126519.1787872,198827192.89618075,30354047.51310405,199126519.1787872,1.071913868155832,10547551.953849971,0.0,0.0,1.0
10,13,仪器仪表应用部门,18564727.78169287,18564512.393777724,4767226.865882169,18564727.78169287,1.0006911983104045,12557.444562426768,0.0,0.0,1.0
11,1,化学产品原材料部门,12205114.301857447,12205014.58788285,2986378.986345751,12205114.301857447,1.0003994317576692,3979.234327110462,0.0,0.0,1.0
11,2,非金属矿物制品原材料部门,12278062.702475242,12277953.359281374,3862145.378302178,12278062.702475242,1.0004349593119808,4353.764424625784,0.0,0.0,1.0
11,3,金属冶炼和压延加工品原材料部门,24607190.05721658,24606928.340485323,5618723.216894843,24607190.05721658,1.0005257901945106,10694.00728336256,0.0,0.0,1.0
11,4,专用设备原材料部门,12746901.466085482,12746672.56931075,3223369.118223294,12746901.466085482,1.0008739774860842,9040.796211160254,0.0,0.0,1.0
11,5,电气机械和器材原材料部门,1300059.3510775352,1300022.991314075,226085.30875519663,1300059.3510775352,1.0013699541157268,1455.342311271932,0.0,0.0,1.0
11,6,通信设备、计算机和其他电子设备原材料部门,26546339.433914725,26542676.9932885,4046617.4560735077,26546339.433914725,1.0067237942176135,144140.598854322,0.0,0.0,1.0
11,7,仪器仪表原材料部门,3027366.077557601,3027315.042876225,777395.7726449819,3027366.077557601,1.0008266507947725,2048.7664254867705,0.0,0.0,1.0
11,8,通信设备、计算机和其他电子设备制造部门,44513614.554778636,44507473.2760245,6785476.775007525,44513614.554778636,1.0067237942176133,241698.82537170872,0.0,0.0,1.0
11,9,通用设备应用部门,20786852.87504388,20786755.056823026,4840204.236614977,20786852.87504388,1.000232648529032,3998.7521166494116,0.0,0.0,1.0
11,10,交通运输设备应用部门,201478404.9270226,201478346.7185215,41515979.18025754,201478404.9270226,1.0000146518223292,2513.223452165723,0.0,0.0,1.0
11,11,电气机械和器材应用部门,113084476.54876739,113081313.8279155,19665824.31391094,113084476.54876739,1.001369954115727,126591.62316945195,0.0,0.0,1.0
11,12,通信设备、计算机和其他电子设备应用部门,199211278.46713465,198827192.89618075,30366967.878891017,199211278.46713465,1.0832976583705003,10522403.32217034,0.0,0.0,1.0
11,13,仪器仪表应用部门,18564825.35558101,18564512.393777724,4767251.921830548,18564825.35558101,1.0008266507947736,12563.723682290874,0.0,0.0,1.0
12,1,化学产品原材料部门,12205146.003111832,12205014.58788285,2986386.7430908005,12205146.003111832,1.0004645303532693,3970.973935369402,0.0,0.0,1.0
12,2,非金属矿物制品原材料部门,12278097.3971081,12277953.359281374,3862156.291727137,12278097.3971081,1.0005057623452724,4344.589171080384,0.0,0.0,1.0
12,3,金属冶炼和压延加工品原材料部门,24607275.003363255,24606928.340485323,5618742.613212967,24607275.003363255,1.0006126057455376,10675.394287385978,0.0,0.0,1.0
12,4,专用设备原材料部门,12746973.584283425,12746672.56931075,3223387.3550922875,12746973.584283425,1.0010156458811028,9020.693603510968,0.0,0.0,1.0
12,5,电气机械和器材原材料部门,1300070.941033733,1300022.991314075,226087.32429304364,1300070.941033733,1.0015937163791218,1452.381897061714,0.0,0.0,1.0
12,6,通信设备、计算机和其他电子设备原材料部门,26547489.735726066,26542676.9932885,4046792.803465607,26547489.735726066,1.0078151112501297,143813.2094373498,0.0,0.0,1.0
12,7,仪器仪表原材料部门,3027382.387128863,3027315.042876225,777399.9607713689,3027382.387128863,1.0009618514160525,2044.6914334996836,0.0,0.0,1.0
12,8,通信设备、计算机和其他电子设备制造部门,44515543.41173382,44507473.2760245,6785770.802221506,44515543.41173382,1.0078151112501292,241149.85000910796,0.0,0.0,1.0
12,9,通用设备应用部门,20786884.636646092,20786755.056823026,4840211.632281965,20786884.636646092,1.000271065318534,3991.8214900391176,0.0,0.0,1.0
12,10,交通运输设备应用部门,201478424.72219142,201478346.7185215,41515983.25918509,201478424.72219142,1.0000171451843454,2511.753323301673,0.0,0.0,1.0
12,11,电气机械和器材应用部门,113085484.6905332,113081313.8279155,19665999.633631695,113085484.6905332,1.001593716379122,126334.11424029619,0.0,0.0,1.0
12,12,通信设备、计算机和其他电子设备应用部门,199296230.87410215,198827192.89618075,30379917.68290546,199296230.87410215,1.086923510244739,3329703.419412039,0.0,0.0,1.0
12,13,仪器仪表应用部门,18564925.371348627,18564512.393777724,4767277.604827896,18564925.371348627,1.0009618514160539,12538.734463072382,0.0,0.0,1.0
13,1,化学产品原材料部门,12205177.96556593,12205014.58788285,2986394.563746872,12205177.96556593,1.0004984813188065,2070.89073663624,0.0,0.0,1.0
13,2,非金属矿物制品原材料部门,12278132.37114567,12277953.359281374,3862167.2930406854,12278132.37114567,1.0005424988804599,2254.0987675269134,0.0,0.0,1.0
13,3,金属冶炼和压延加工品原材料部门,24607360.816847716,24606928.340485323,5618762.207576091,24607360.816847716,1.0006602997136738,5864.381013380364,0.0,0.0,1.0
13,4,专用设备原材料部门,12747046.234176047,12746672.56931075,3223405.7264134237,12747046.234176047,1.001087781596573,4592.756238332484,0.0,0.0,1.0
13,5,电气机械和器材原材料部门,1300082.6293588781,1300022.991314075,226089.35693762795,1300082.6293588781,1.0017112307583478,762.6317876627436,0.0,0.0,1.0
13,6,通信设备、计算机和其他电子设备原材料部门,26548648.18488168,26542676.9932885,4046969.3928061733,26548648.18488168,1.0083663728715095,72588.95751101244,0.0,0.0,1.0
13,7,仪器仪表原材料部门,3027398.839315393,3027315.042876225,777404.185519857,3027398.839315393,1.0010333177616475,1080.7075617715018,0.0,0.0,1.0
13,8,通信设备、计算机和其他电子设备制造部门,44517485.93037458,44507473.2760245,6786066.911968011,44517485.93037458,1.008366372871509,121719.11248335615,0.0,0.0,1.0
13,9,通用设备应用部门,20786916.72377897,20786755.056823026,4840219.103748542,20786916.72377897,1.0002921897689128,2194.942798016593,0.0,0.0,1.0
13,10,交通运输设备应用部门,201478444.8305841,201478346.7185215,41515987.40265452,201478444.8305841,1.0000186558150983,1521.7704337090254,0.0,0.0,1.0
13,11,电气机械和器材应用部门,113086501.38883215,113081313.8279155,19666176.441366386,113086501.38883215,1.001711230758348,66336.83026536554,0.0,0.0,1.0
13,12,通信设备、计算机和其他电子设备应用部门,199381209.94229814,198827192.89618075,30392871.551050592,199381209.94229814,1.0879920202014555,979536.0884748623,0.0,0.0,1.0
13,13,仪器仪表应用部门,18565026.261680957,18564512.393777724,4767303.512404266,18565026.261680957,1.001033317761649,6627.261662709527,0.0,0.0,1.0
14,1,化学产品原材料部门,12205209.998868495,12205014.58788285,2986402.4017383303,12205209.998868495,1.000512798962227,873.3076437902637,0.0,0.0,1.0
14,2,非金属矿物制品原材料部门,12278167.419947455,12277953.359281374,3862178.31787181,12278167.419947455,1.0005579032660157,945.1680917930789,0.0,0.0,1.0
14,3,金属冶炼和压延加工品原材料部门,24607446.892339446,24606928.340485323,5618781.861765077,24607446.892339446,1.0006815458806495,2612.3169647073373,0.0,0.0,1.0
14,4,专用设备原材料部门,12747119.018339286,12746672.56931075,3223424.1316882037,12747119.018339286,1.0011173845458874,1884.6835709619336,0.0,0.0,1.0
14,5,电气机械和器材原材料部门,1300094.3448168952,1300022.991314075,226091.3943007228,1300094.3448168952,1.0017611625341236,324.01753846899373,0.0,0.0,1.0
14,6,通信设备、计算机和其他电子设备原材料部门,26549808.634553768,26542676.9932885,4047146.287097443,26549808.634553768,1.0085904517820112,29496.180307973176,0.0,0.0,1.0
14,7,仪器仪表原材料部门,3027415.3315161597,3027315.042876225,777408.4205435803,3027415.3315161597,1.001063907236859,462.5501953124767,0.0,0.0,1.0
14,8,通信设备、计算机和其他电子设备制造部门,44519431.80353506,44507473.2760245,6786363.533064043,44519431.80353506,1.0085904517820108,49459.98691591993,0.0,0.0,1.0
14,9,通用设备应用部门,20786948.909432344,20786755.056823026,4840226.598155548,20786948.909432344,1.00030160880611,978.6746571678668,0.0,0.0,1.0
14,10,交通运输设备应用部门,201478465.05278873,201478346.7185215,41515991.56957567,201478465.05278873,1.0000194056208966,755.3342321813107,0.0,0.0,1.0
14,11,电气机械和器材应用部门,113087520.44725922,113081313.8279155,19666353.65953641,113087520.44725922,1.001761162534124,28184.369967475533,0.0,0.0,1.0
14,12,通信设备、计算机和其他电子设备应用部门,199466157.3400174,198827192.89618075,30405820.591475338,199466157.3400174,1.0881922321686126,183511.62964033335,0.0,0.0,1.0
14,13,仪器仪表应用部门,18565127.39739402,18564512.393777724,4767329.482991828,18565127.39739402,1.0010639072368608,2836.513118736446,0.0,0.0,1.0
15,1,化学产品原材料部门,12205242.029490435,12205014.58788285,2986410.2390738865,12205242.029490435,1.0005177060900183,299.30919200740755,0.0,0.0,1.0
15,2,非金属矿物制品原材料部门,12278202.464736477,12277953.359281374,3862189.341440693,12278202.464736477,1.0005631406141695,321.34598357230425,0.0,0.0,1.0
15,3,金属冶炼和压延加工品原材料部门,24607532.988819502,24606928.340485323,5618801.520746467,24607532.988819502,1.000689374726386,962.5830861646682,0.0,0.0,1.0
15,4,专用设备原材料部门,12747191.785918059,12746672.56931075,3223442.532769192,12747191.785918059,1.001127136177679,620.8328672461212,0.0,0.0,1.0
15,5,电气机械和器材原材料部门,1300106.059771511,1300022.991314075,226093.43157627422,1300106.059771511,1.0017784539405161,112.20473031076835,0.0,0.0,1.0
15,6,通信设备、计算机和其他电子设备原材料部门,26550968.765714142,26542676.9932885,4047323.1328360653,26550968.765714142,1.0086632023178825,9575.380877480842,0.0,0.0,1.0
15,7,仪器仪表原材料部门,3027431.823736133,3027315.042876225,777412.6555722357,3027431.823736133,1.0010746102482573,161.84013760543894,0.0,0.0,1.0
15,8,通信设备、计算机和其他电子设备制造部门,44521377.14260655,44507473.2760245,6786660.072745692,44521377.14260655,1.008663202317882,16056.25569040142,0.0,0.0,1.0
15,9,通用设备应用部门,20786981.10316391,20786755.056823026,4840234.094443555,20786981.10316391,1.000305083765924,361.0600936738774,0.0,0.0,1.0
15,10,交通运输设备应用部门,201478485.30282265,201478346.7185215,41515995.74223123,201478485.30282265,1.0000197226711798,319.38780546188354,0.0,0.0,1.0
15,11,电气机械和器材应用部门,113088539.46189837,113081313.8279155,19666530.87009155,113088539.46189837,1.0017784539405166,9760.026096526533,0.0,0.0,1.0
15,12,通信设备、计算机和其他电子设备应用部门,199138776.44214347,198827192.89618075,30355915.961143173,199493733.04332855,1.0881922321686126,0.0,0.0,0.0,1.0
15,13,仪器仪表应用部门,18565228.533224866,18564512.393777724,4767355.453609635,18565228.533224866,1.0010746102482593,992.4580685775727,0.0,0.0,1.0
16,1,化学产品原材料部门,12205258.923371695,12205014.58788285,2986414.3727125186,12205258.923371695,1.0005185643366514,52.3484882931225,0.0,0.0,1.0
16,2,非金属矿物制品原材料部门,12278220.855550345,12277953.359281374,3862195.1263921554,12278220.855550345,1.0005640247452774,54.24721225257963,0.0,0.0,1.0
16,3,金属冶炼和压延加工品原材料部门,24607580.768820334,24606928.340485323,5618812.4306715485,24607580.768820334,1.000691156698605,219.098890081048,0.0,0.0,1.0
16,4,专用设备原材料部门,12747229.275297696,12746672.56931075,3223452.012885509,12747229.275297696,1.0011285442342688,89.64299792982638,0.0,0.0,1.0
16,5,电气机械和器材原材料部门,1300112.2801019019,1300022.991314075,226094.51331559313,1300112.2801019019,1.001781612182413,20.493865609518252,0.0,0.0,1.0
16,6,通信设备、计算机和其他电子设备原材料部门,26551561.41975742,26542676.9932885,4047413.4746401734,26551561.41975742,1.0086728677939663,1272.1404514135793,0.0,0.0,1.0
16,7,仪器仪表原材料部门,3027440.6369895055,3027315.042876225,777414.9187230207,3027440.6369895055,1.00107664743797,30.804220697726123,0.0,0.0,1.0
16,8,通信设备、计算机和其他电子设备制造部门,44522370.92081512,44507473.2760245,6786811.560307895,44522370.92081512,1.0086728677939658,2133.1592573970556,0.0,0.0,1.0
16,9,通用设备应用部门,20786998.986040205,20786755.056823026,4840238.258458864,20786998.986040205,1.0003058777760228,82.50023337453604,0.0,0.0,1.0
16,10,交通运输设备应用部门,201478497.67321023,201478346.7185215,41515998.29123271,201478497.67321023,1.000019824280999,102.35894457995892,0.0,0.0,1.0
16,11,电气机械和器材应用部门,113089080.53166233,113081313.8279155,19666624.964199286,113089080.53166233,1.0017816121824135,1782.640202563256,0.0,0.0,1.0
16,12,通信设备、计算机和其他电子设备应用部门,198860134.7103935,198827192.89618075,30313440.933710594,199502677.3661286,1.0881922321686126,0.0,0.0,0.0,1.0
16,13,仪器仪表应用部门,18565282.579053976,18564512.393777724,4767369.332010199,18565282.579053976,1.001076647437972,188.90182516910136,0.0,0.0,1.0
17,1,化学产品原材料部门,12205098.200187497,12205014.58788285,2986375.0465474343,12205266.300654817,1.0005185643366514,0.0,0.0,0.0,1.0
17,2,非金属矿物制品原材料部门,12278039.814304054,12277953.359281374,3862138.178677391,12278228.845016412,1.0005640247452774,0.0,0.0,0.0,1.0
17,3,金属冶炼和压延加工品原材料部门,24607283.799744237,24606928.340485323,5618744.621749087,24607602.70445976,1.000691156698605,0.0,0.0,0.0,1.0
17,4,专用设备原材料部门,12746813.783861937,12746672.56931075,3223346.9456057097,12747245.24566432,1.0011285442342688,0.0,0.0,0.0,1.0
17,5,电气机械和器材原材料部门,1300055.801729415,1300022.991314075,226084.69150994165,1300115.0149492153,1.001781612182413,0.0,0.0,0.0,1.0
17,6,通信设备、计算机和其他电子设备原材料部门,26544672.23691761,26542676.9932885,4046363.3152535264,26551811.652482413,1.0086728677939663,0.0,0.0,0.0,1.0
17,7,仪器仪表原材料部门,3027364.5491302414,3027315.042876225,777395.3801609089,3027444.537968348,1.00107664743797,0.0,0.0,0.0,1.0
17,8,通信设备、计算机和其他电子设备制造部门,44510818.95410071,44507473.2760245,6785050.624858589,44522790.51776547,1.0086728677939658,0.0,0.0,0.0,1.0
17,9,通用设备应用部门,20786888.972590283,20786755.056823026,4840212.641903554,20787007.20314268,1.0003058777760228,0.0,0.0,0.0,1.0
17,10,交通运输设备应用部门,201478503.95255262,201478346.7185215,41515999.5851334,201478503.95255262,1.0000198295660376,5.324002787470818,0.0,0.0,1.0
17,11,电气机械和器材应用部门,113084167.81195955,113081313.8279155,19665770.623395607,113089318.41986075,1.0017816121824135,0.0,0.0,0.0,1.0
17,12,通信设备、计算机和其他电子设备应用部门,198832609.55310014,198827192.89618075,30309245.109187905,199505423.3880534,1.0881922321686126,0.0,0.0,0.0,1.0
17,13,仪器仪表应用部门,18564815.982751258,18564512.393777724,4767249.514986433,18565306.501166157,1.001076647437972,0.0,0.0,0.0,1.0
18,1,化学产品原材料部门,12205019.879561665,12205014.58788285,2986355.882853806,12205269.15001157,1.0005185643366514,0.0,0.0,0.0,1.0
18,2,非金属矿物制品原材料部门,12277958.752635714,12277953.359281374,3862112.6801964557,12278231.913995191,1.0005640247452774,0.0,0.0,0.0,1.0
18,3,金属冶炼和压延加工品原材料部门,24606953.207037985,24606928.340485323,5618669.135319729,24607611.614421118,1.000691156698605,0.0,0.0,0.0,1.0
18,4,专用设备原材料部门,12746680.675975874,12746672.56931075,3223313.28598651,12747251.250760473,1.0011285442342688,0.0,0.0,0.0,1.0
18,5,电气机械和器材原材料部门,1300025.0976561396,1300022.991314075,226079.35195380467,1300116.0787239727,1.001781612182413,0.0,0.0,0.0,1.0
18,6,通信设备、计算机和其他电子设备原材料部门,26542788.720443167,26542676.9932885,4046076.199560485,26551904.839074284,1.0086728677939663,0.0,0.0,0.0,1.0
18,7,仪器仪表原材料部门,3027318.313249518,3027315.042876225,777383.5072729602,3027446.0662511685,1.00107664743797,0.0,0.0,0.0,1.0
18,8,通信设备、计算机和其他电子设备制造部门,44507660.62311654,44507473.2760245,6784569.181557359,44522946.77554416,1.0086728677939658,0.0,0.0,0.0,1.0
18,9,通用设备应用部门,20786764.466565773,20786755.056823026,4840183.65076233,20787010.54371611,1.0003058777760228,0.0,0.0,0.0,1.0
18,10,交通运输设备应用部门,201478371.85691696,201478346.7185215,41515972.36594006,201478506.78482366,1.0000198295660376,0.0,0.0,0.0,1.0
18,11,电气机械和器材应用部门,113081497.04615842,113081313.8279155,19665306.16697655,113089410.95133749,1.0017816121824135,0.0,0.0,0.0,1.0
18,12,通信设备、计算机和其他电子设备应用部门,198828029.827457,198827192.89618075,30308546.99418875,199506046.55514532,1.0881922321686126,0.0,0.0,0.0,1.0
18,13,仪器仪表应用部门,18564532.448804967,18564512.393777724,4767176.706450695,18565315.8731096,1.001076647437972,0.0,0.0,0.0,1.0
19,1,化学产品原材料部门,12205015.05014098,12205014.58788285,2986354.7011786415,12205270.057470454,1.0005185643366514,0.0,0.0,0.0,1.0
19,2,非金属矿物制品原材料部门,12277953.838158218,12277953.359281374,3862111.134315236,12278232.882965427,1.0005640247452774,0.0,0.0,0.0,1.0
19,3,金属冶炼和压延加工品原材料部门,24606930.275299776,24606928.340485323,5618663.899163566,24607614.67206891,1.000691156698605,0.0,0.0,0.0,1.0
19,4,专用设备原材料部门,12746673.363060726,12746672.56931075,3223311.4367351513,12747253.08131643,1.0011285442342688,0.0,0.0,0.0,1.0
19,5,电气机械和器材原材料部门,1300023.1703100293,1300022.991314075,226079.01678092193,1300116.4212524733,1.001781612182413,0.0,0.0,0.0,1.0
19,6,通信设备、计算机和其他电子设备原材料部门,26542688.574113943,26542676.9932885,4046060.933655933,26551932.78505083,1.0086728677939663,0.0,0.0,0.0,1.0
19,7,仪器仪表原材料部门,3027315.3166526933,3027315.042876225,777382.7377784081,3027446.5638731606,1.00107664743797,0.0,0.0,0.0,1.0
19,8,通信设备、计算机和其他电子设备制造部门,44507492.69506344,44507473.2760245,6784543.58327882,44522993.6361078,1.0086728677939658,0.0,0.0,0.0,1.0
19,9,通用设备应用部门,20786755.801022597,20786755.056823026,4840181.632996627,20787011.69157641,1.0003058777760228,0.0,0.0,0.0,1.0
19,10,交通运输设备应用部门,201478349.1467892,201478346.7185215,41515967.68636563,201478507.9056046,1.0000198295660376,0.0,0.0,0.0,1.0
19,11,电气机械和器材应用部门,113081329.39771542,113081313.8279155,19665277.01226914,113089440.7458666,1.0017816121824135,0.0,0.0,0.0,1.0
19,12,通信设备、计算机和其他电子设备应用部门,198827279.6463987,198827192.89618075,30308432.639598604,199506112.43877375,1.0881922321686126,0.0,0.0,0.0,1.0
19,13,仪器仪表应用部门,18564514.072667003,18564512.393777724,4767171.987651711,18565318.924694754,1.001076647437972,0.0,0.0,0.0,1.0
20,1,化学产品原材料部门,12205014.632908309,12205014.58788285,2986354.5990890707,12205270.224695064,1.0005185643366514,0.0,0.0,0.0,1.0
20,2,非金属矿物制品原材料部门,12277953.406231381,12277953.359281374,3862110.9984498085,12278233.055875473,1.0005640247452774,0.0,0.0,0.0,1.0
20,3,金属冶炼和压延加工品原材料部门,24606928.518516745,24606928.340485323,5618663.498025623,24607615.38298743,1.000691156698605,0.0,0.0,0.0,1.0
20,4,专用设备原材料部门,12746672.65022911,12746672.56931075,3223311.2564780572,12747253.363745533,1.0011285442342688,0.0,0.0,0.0,1.0
20,5,电气机械和器材原材料部门,1300023.0085769705,1300022.991314075,226078.98865492252,1300116.486873304,1.001781612182413,0.0,0.0,0.0,1.0
20,6,通信设备、计算机和其他电子设备原材料部门,26542678.187089644,26542676.9932885,4046059.350299631,26551936.77553809,1.0086728677939663,0.0,0.0,0.0,1.0
20,7,仪器仪表原材料部门,3027315.068940628,3027315.042876225,777382.6741685546,3027446.6628856687,1.00107664743797,0.0,0.0,0.0,1.0
20,8,通信设备、计算机和其他电子设备制造部门,44507475.27782227,44507473.2760245,6784540.928264469,44523000.327463955,1.0086728677939658,0.0,0.0,0.0,1.0
20,9,通用设备应用部门,20786755.125710107,20786755.056823026,4840181.475750583,20787011.959407944,1.0003058777760228,0.0,0.0,0.0,1.0
20,10,交通运输设备应用部门,201478346.9516671,201478346.7185215,41515967.23404597,201478508.26266468,1.0000198295660376,0.0,0.0,0.0,1.0
20,11,电气机械和器材应用部门,113081315.32951285,113081313.8279155,19665274.56575474,113089446.45383468,1.0017816121824135,0.0,0.0,0.0,1.0
20,12,通信设备、计算机和其他电子设备应用部门,198827201.83876517,198827192.89618075,30308420.778915185,199506123.2720876,1.0881922321686126,0.0,0.0,0.0,1.0
20,13,仪器仪表应用部门,18564512.55361344,18564512.393777724,4767171.59757473,18565319.5318727,1.001076647437972,0.0,0.0,0.0,1.0
21,1,化学产品原材料部门,12205014.592431832,12205014.58788285,2986354.5891851815,12205270.235278422,1.0005185643366514,0.0,0.0,0.0,1.0
21,2,非金属矿物制品原材料部门,12277953.364035923,12277953.359281374,3862110.9851769498,12278233.066662181,1.0005640247452774,0.0,0.0,0.0,1.0
21,3,金属冶炼和压延加工品原材料部门,24606928.3581178,24606928.340485323,5618663.461400666,24607615.432720535,1.000691156698605,0.0,0.0,0.0,1.0
21,4,专用设备原材料部门,12746672.577609576,12746672.56931075,3223311.2381144133,12747253.379958862,1.0011285442342688,0.0,0.0,0.0,1.0
21,5,电气机械和器材原材料部门,1300022.9930534605,1300022.991314075,226078.98595532458,1300116.4910859882,1.001781612182413,0.0,0.0,0.0,1.0
21,6,通信设备、计算机和其他电子设备原材料部门,26542677.116141684,26542676.9932885,4046059.1870486215,26551936.9989924,1.0086728677939663,0.0,0.0,0.0,1.0
21,7,仪器仪表原材料部门,3027315.04548664,3027315.042876225,777382.6681458172,3027446.669426415,1.00107664743797,0.0,0.0,0.0,1.0
21,8,通信设备、计算机和其他电子设备制造部门,44507473.48202798,44507473.2760245,6784540.654520794,44523000.70215814,1.0086728677939658,0.0,0.0,0.0,1.0
21,9,通用设备应用部门,20786755.063646216,20786755.056823026,4840181.46129905,20787011.97822743,1.0003058777760228,0.0,0.0,0.0,1.0
21,10,交通运输设备应用部门,201478346.74104497,201478346.7185215,41515967.190645866,201478508.31294146,1.0000198295660376,0.0,0.0,0.0,1.0
21,11,电气机械和器材应用部门,113081313.9792145,113081313.8279155,19665274.330932677,113089446.82027116,1.0017816121824135,0.0,0.0,0.0,1.0
21,12,通信设备、计算机和其他电子设备应用部门,198827193.81645542,198827192.89618075,30308419.556026477,199506124.94595015,1.0881922321686126,0.0,0.0,0.0,1.0
21,13,仪器仪表应用部门,18564512.40978571,18564512.393777724,4767171.560641282,18565319.571982756,1.001076647437972,0.0,0.0,0.0,1.0
22,1,化学产品原材料部门,12205014.588347726,12205014.58788285,2986354.5881858715,12205270.236202938,1.0005185643366514,0.0,0.0,0.0,1.0
22,2,非金属矿物制品原材料部门,12277953.35976775,12277953.359281374,3862110.9838343677,12278233.067619935,1.0005640247452774,0.0,0.0,0.0,1.0
22,3,金属冶炼和压延加工品原材料部门,24606928.342275314,24606928.340485323,5618663.4577832455,24607615.436590165,1.000691156698605,0.0,0.0,0.0,1.0
22,4,专用设备原材料部门,12746672.570163226,12746672.56931075,3223311.2362314193,12747253.381546363,1.0011285442342688,0.0,0.0,0.0,1.0
22,5,电气机械和器材原材料部门,1300022.99149174,1300022.991314075,226078.9856837354,1300116.4914439803,1.001781612182413,0.0,0.0,0.0,1.0
22,6,通信设备、计算机和其他电子设备原材料部门,26542677.00592415,26542676.9932885,4046059.1702475026,26551937.022154048,1.0086728677939663,0.0,0.0,0.0,1.0
22,7,仪器仪表原材料部门,3027315.0431422135,3027315.042876225,777382.6675437931,3027446.669973968,1.00107664743797,0.0,0.0,0.0,1.0
22,8,通信设备、计算机和其他电子设备制造部门,44507473.29721226,44507473.2760245,6784540.626348227,44523000.74099622,1.0086728677939658,0.0,0.0,0.0,1.0
22,9,通用设备应用部门,20786755.05751463,20786755.056823026,4840181.4598713145,20787011.979715828,1.0003058777760228,0.0,0.0,0.0,1.0
22,10,交通运输设备应用部门,201478346.72071713,201478346.7185215,41515967.18645718,201478508.317798,1.0000198295660376,0.0,0.0,0.0,1.0
22,11,电气机械和器材应用部门,113081313.84336965,113081313.8279155,19665274.307308737,113089446.85141076,1.0017816121824135,0.0,0.0,0.0,1.0
22,12,通信设备、计算机和其他电子设备应用部门,198827192.99083248,198827192.89618075,30308419.43017183,199506125.1194506,1.0881922321686126,0.0,0.0,0.0,1.0
22,13,仪器仪表应用部门,18564512.395408895,18564512.393777724,4767171.556949467,18565319.575340535,1.001076647437972,0.0,0.0,0.0,1.0
23,1,化学产品原材料部门,12205014.587930536,12205014.58788285,2986354.5880837925,12205270.23629299,1.0005185643366514,0.0,0.0,0.0,1.0
23,2,非金属矿物制品原材料部门,12277953.359331291,12277953.359281374,3862110.983697077,12278233.067713834,1.0005640247452774,0.0,0.0,0.0,1.0
23,3,金属冶炼和压延加工品原材料部门,24606928.34066846,24606928.340485323,5618663.457416342,24607615.43694623,1.000691156698605,0.0,0.0,0.0,1.0
23,4,专用设备原材料部门,12746672.569398358,12746672.56931075,3223311.2360380036,12747253.3817082,1.0011285442342688,0.0,0.0,0.0,1.0
23,5,电气机械和器材原材料部门,1300022.9913322977,1300022.991314075,226078.98565600775,1300116.491478506,1.001781612182413,0.0,0.0,0.0,1.0
23,6,通信设备、计算机和其他电子设备原材料部门,26542676.99458781,26542676.9932885,4046059.1685194364,26551937.02454165,1.0086728677939663,0.0,0.0,0.0,1.0
23,7,仪器仪表原材料部门,3027315.0429034783,3027315.042876225,777382.6674824884,3027446.670026097,1.00107664743797,0.0,0.0,0.0,1.0
23,8,通信设备、计算机和其他电子设备制造部门,44507473.278203174,44507473.2760245,6784540.623450559,44523000.74499981,1.0086728677939658,0.0,0.0,0.0,1.0
23,9,通用设备应用部门,20786755.056893677,20786755.056823026,4840181.459726726,20787011.9798536,1.0003058777760228,0.0,0.0,0.0,1.0
23,10,交通运输设备应用部门,201478346.7187374,201478346.7185215,41515967.18604924,201478508.31826428,1.0000198295660376,0.0,0.0,0.0,1.0
23,11,电气机械和器材应用部门,113081313.8295007,113081313.8279155,19665274.304896872,113089446.85441396,1.0017816121824135,0.0,0.0,0.0,1.0
23,12,通信设备、计算机和其他电子设备应用部门,198827192.90591365,198827192.89618075,30308419.417227145,199506125.13733578,1.0881922321686126,0.0,0.0,0.0,1.0
23,13,仪器仪表应用部门,18564512.393944897,18564512.393777724,4767171.556573528,18565319.575660206,1.001076647437972,0.0,0.0,0.0,1.0
24,1,化学产品原材料部门,12205014.587887757,12205014.58788285,2986354.5880733253,12205270.236302087,1.0005185643366514,0.0,0.0,0.0,1.0
24,2,非金属矿物制品原材料部门,12277953.35928651,12277953.359281374,3862110.9836829905,12278233.067723343,1.0005640247452774,0.0,0.0,0.0,1.0
24,3,金属冶炼和压延加工品原材料部门,24606928.340504106,24606928.340485323,5618663.457378814,24607615.43698149,1.000691156698605,0.0,0.0,0.0,1.0
24,4,专用设备原材料部门,12746672.569319755,12746672.56931075,3223311.236018127,12747253.381724797,1.0011285442342688,0.0,0.0,0.0,1.0
24,5,电气机械和器材原材料部门,1300022.991315946,1300022.991314075,226078.98565316413,1300116.4914819847,1.001781612182413,0.0,0.0,0.0,1.0
24,6,通信设备、计算机和其他电子设备原材料部门,26542676.993422076,26542676.9932885,4046059.168341737,26551937.024787355,1.0086728677939663,0.0,0.0,0.0,1.0
24,7,仪器仪表原材料部门,3027315.042879021,3027315.042876225,777382.667476208,3027446.670031318,1.00107664743797,0.0,0.0,0.0,1.0
24,8,通信设备、计算机和其他电子设备制造部门,44507473.27624844,44507473.2760245,6784540.623152587,44523000.74541182,1.0086728677939658,0.0,0.0,0.0,1.0
24,9,通用设备应用部门,20786755.056830276,20786755.056823026,4840181.459711962,20787011.979867246,1.0003058777760228,0.0,0.0,0.0,1.0
24,10,交通运输设备应用部门,201478346.71854284,201478346.7185215,41515967.186009146,201478508.31830934,1.0000198295660376,0.0,0.0,0.0,1.0
24,11,电气机械和器材应用部门,113081313.82807839,113081313.8279155,19665274.304649528,113089446.85471655,1.0017816121824135,0.0,0.0,0.0,1.0
24,12,通信设备、计算机和其他电子设备应用部门,198827192.89718133,198827192.89618075,30308419.415896025,199506125.13917634,1.0881922321686126,0.0,0.0,0.0,1.0
24,13,仪器仪表应用部门,18564512.39379491,18564512.393777724,4767171.556535013,18565319.57569222,1.001076647437972,0.0,0.0,0.0,1.0
25,1,化学产品原材料部门,12205014.587883364,12205014.58788285,2986354.5880722506,12205270.236303017,1.0005185643366514,0.0,0.0,0.0,1.0
25,2,非金属矿物制品原材料部门,12277953.35928191,12277953.359281374,3862110.9836815437,12278233.067724315,1.0005640247452774,0.0,0.0,0.0,1.0
25,3,金属冶炼和压延加工品原材料部门,24606928.34048725,24606928.340485323,5618663.457374965,24607615.43698507,1.000691156698605,0.0,0.0,0.0,1.0
25,4,专用设备原材料部门,12746672.569311675,12746672.56931075,3223311.2360160835,12747253.381726502,1.0011285442342688,0.0,0.0,0.0,1.0
25,5,电气机械和器材原材料部门,1300022.9913142668,1300022.991314075,226078.9856528721,1300116.49148234,1.001781612182413,0.0,0.0,0.0,1.0
25,6,通信设备、计算机和其他电子设备原材料部门,26542676.99330221,26542676.9932885,4046059.168323465,26551937.024812628,1.0086728677939663,0.0,0.0,0.0,1.0
25,7,仪器仪表原材料部门,3027315.0428765104,3027315.042876225,777382.6674755634,3027446.6700318498,1.00107664743797,0.0,0.0,0.0,1.0
25,8,通信设备、计算机和其他电子设备制造部门,44507473.27604745,44507473.2760245,6784540.623121949,44523000.7454542,1.0086728677939658,0.0,0.0,0.0,1.0
25,9,通用设备应用部门,20786755.056823783,20786755.056823026,4840181.459710451,20787011.979868628,1.0003058777760228,0.0,0.0,0.0,1.0
25,10,交通运输设备应用部门,201478346.71852356,201478346.7185215,41515967.186005175,201478508.31831372,1.0000198295660376,0.0,0.0,0.0,1.0
25,11,电气机械和器材应用部门,113081313.82793233,113081313.8279155,19665274.304624125,113089446.85474746,1.0017816121824135,0.0,0.0,0.0,1.0
25,12,通信设备、计算机和其他电子设备应用部门,198827192.89628345,198827192.89618075,30308419.415759154,199506125.13936564,1.0881922321686126,0.0,0.0,0.0,1.0
25,13,仪器仪表应用部门,18564512.393779516,18564512.393777724,4767171.5565310605,18565319.575695485,1.001076647437972,0.0,0.0,0.0,1.0
26,1,化学产品原材料部门,12205014.587882912,12205014.58788285,2986354.58807214,12205270.236303112,1.0005185643366514,0.0,0.0,0.0,1.0
26,2,非金属矿物制品原材料部门,12277953.359281437,12277953.359281374,3862110.983681395,12278233.067724416,1.0005640247452774,0.0,0.0,0.0,1.0
26,3,金属冶炼和压延加工品原材料部门,24606928.34048552,24606928.340485323,5618663.457374571,24607615.436985437,1.000691156698605,0.0,0.0,0.0,1.0
26,4,专用设备原材料部门,12746672.569310844,12746672.56931075,3223311.2360158735,12747253.381726677,1.0011285442342688,0.0,0.0,0.0,1.0
26,5,电气机械和器材原材料部门,1300022.9913140945,1300022.991314075,226078.98565284215,1300116.4914823766,1.001781612182413,0.0,0.0,0.0,1.0
26,6,通信设备、计算机和其他电子设备原材料部门,26542676.993289888,26542676.9932885,4046059.168321586,26551937.024815228,1.0086728677939663,0.0,0.0,0.0,1.0
26,7,仪器仪表原材料部门,3027315.0428762524,3027315.042876225,777382.6674754971,3027446.6700319042,1.00107664743797,0.0,0.0,0.0,1.0
26,8,通信设备、计算机和其他电子设备制造部门,44507473.2760268,44507473.2760245,6784540.623118801,44523000.74545856,1.0086728677939658,0.0,0.0,0.0,1.0
26,9,通用设备应用部门,20786755.05682312,20786755.056823026,4840181.459710296,20787011.97986877,1.0003058777760228,0.0,0.0,0.0,1.0
26,10,交通运输设备应用部门,201478346.71852162,201478346.7185215,41515967.18600478,201478508.31831414,1.0000198295660376,0.0,0.0,0.0,1.0
26,11,电气机械和器材应用部门,113081313.82791732,113081313.8279155,19665274.304621518,113089446.85475063,1.0017816121824135,0.0,0.0,0.0,1.0
26,12,通信设备、计算机和其他电子设备应用部门,198827192.89619112,198827192.89618075,30308419.41574508,199506125.1393851,1.0881922321686126,0.0,0.0,0.0,1.0
26,13,仪器仪表应用部门,18564512.393777937,18564512.393777724,4767171.556530654,18565319.57569582,1.001076647437972,0.0,0.0,0.0,1.0
27,1,化学产品原材料部门,12205014.587882865,12205014.58788285,2986354.5880721286,12205270.23630312,1.0005185643366514,0.0,0.0,0.0,1.0
27,2,非金属矿物制品原材料部门,12277953.359281389,12277953.359281374,3862110.98368138,12278233.067724427,1.0005640247452774,0.0,0.0,0.0,1.0
27,3,金属冶炼和压延加工品原材料部门,24606928.34048534,24606928.340485323,5618663.45737453,24607615.436985474,1.000691156698605,0.0,0.0,0.0,1.0
27,4,专用设备原材料部门,12746672.569310758,12746672.56931075,3223311.236015852,12747253.381726695,1.0011285442342688,0.0,0.0,0.0,1.0
27,5,电气机械和器材原材料部门,1300022.9913140766,1300022.991314075,226078.98565283904,1300116.4914823803,1.001781612182413,0.0,0.0,0.0,1.0
27,6,通信设备、计算机和其他电子设备原材料部门,26542676.99328862,26542676.9932885,4046059.1683213934,26551937.024815496,1.0086728677939663,0.0,0.0,0.0,1.0
27,7,仪器仪表原材料部门,3027315.042876226,3027315.042876225,777382.6674754902,3027446.67003191,1.00107664743797,0.0,0.0,0.0,1.0
27,8,通信设备、计算机和其他电子设备制造部门,44507473.27602467,44507473.2760245,6784540.623118476,44523000.745459005,1.0086728677939658,0.0,0.0,0.0,1.0
27,9,通用设备应用部门,20786755.05682305,20786755.056823026,4840181.4597102795,20787011.979868785,1.0003058777760228,0.0,0.0,0.0,1.0
27,10,交通运输设备应用部门,201478346.71852142,201478346.7185215,41515967.186004736,201478508.31831416,1.0000198295660376,0.0,0.0,0.0,1.0
27,11,电气机械和器材应用部门,113081313.82791577,113081313.8279155,19665274.30462125,113089446.85475096,1.0017816121824135,0.0,0.0,0.0,1.0
27,12,通信设备、计算机和其他电子设备应用部门,198827192.89618164,198827192.89618075,30308419.415743638,199506125.1393871,1.0881922321686126,0.0,0.0,0.0,1.0
27,13,仪器仪表应用部门,18564512.393777773,18564512.393777724,4767171.5565306125,18565319.575695854,1.001076647437972,0.0,0.0,0.0,1.0
28,1,化学产品原材料部门,12205014.587882852,12205014.58788285,2986354.5880721253,12205270.236303123,1.0005185643366514,0.0,0.0,0.0,1.0
28,2,非金属矿物制品原材料部门,12277953.359281376,12277953.359281374,3862110.9836813756,12278233.06772443,1.0005640247452774,0.0,0.0,0.0,1.0
28,3,金属冶炼和压延加工品原材料部门,24606928.340485323,24606928.340485323,5618663.457374525,24607615.436985478,1.000691156698605,0.0,0.0,0.0,1.0
28,4,专用设备原材料部门,12746672.569310749,12746672.56931075,3223311.2360158493,12747253.381726697,1.0011285442342688,0.0,0.0,0.0,1.0
28,5,电气机械和器材原材料部门,1300022.991314075,1300022.991314075,226078.98565283875,1300116.4914823808,1.001781612182413,0.0,0.0,0.0,1.0
28,6,通信设备、计算机和其他电子设备原材料部门,26542676.993288495,26542676.9932885,4046059.168321374,26551937.024815522,1.0086728677939663,0.0,0.0,0.0,1.0
28,7,仪器仪表原材料部门,3027315.042876223,3027315.042876225,777382.6674754896,3027446.6700319103,1.00107664743797,0.0,0.0,0.0,1.0
28,8,通信设备、计算机和其他电子设备制造部门,44507473.276024446,44507473.2760245,6784540.623118442,44523000.74545905,1.0086728677939658,0.0,0.0,0.0,1.0
28,9,通用设备应用部门,20786755.05682303,20786755.056823026,4840181.459710276,20787011.979868785,1.0003058777760228,0.0,0.0,0.0,1.0
28,10,交通运输设备应用部门,201478346.71852142,201478346.7185215,41515967.186004736,201478508.31831416,1.0000198295660376,0.0,0.0,0.0,1.0
28,11,电气机械和器材应用部门,113081313.82791558,113081313.8279155,19665274.304621216,113089446.85475099,1.0017816121824135,0.0,0.0,0.0,1.0
28,12,通信设备、计算机和其他电子设备应用部门,198827192.89618066,198827192.89618075,30308419.415743485,199506125.1393873,1.0881922321686126,0.0,0.0,0.0,1.0
28,13,仪器仪表应用部门,18564512.393777736,18564512.393777724,4767171.556530603,18565319.575695857,1.001076647437972,0.0,0.0,0.0,1.0
29,1,化学产品原材料部门,12205014.587882852,12205014.58788285,2986354.5880721253,12205270.236303123,1.0005185643366514,0.0,0.0,0.0,1.0
29,2,非金属矿物制品原材料部门,12277953.359281376,12277953.359281374,3862110.9836813756,12278233.06772443,1.0005640247452774,0.0,0.0,0.0,1.0
29,3,金属冶炼和压延加工品原材料部门,24606928.340485323,24606928.340485323,5618663.457374525,24607615.436985478,1.000691156698605,0.0,0.0,0.0,1.0
29,4,专用设备原材料部门,12746672.569310747,12746672.56931075,3223311.236015849,12747253.381726697,1.0011285442342688,0.0,0.0,0.0,1.0
29,5,电气机械和器材原材料部门,1300022.9913140745,1300022.991314075,226078.98565283866,1300116.4914823808,1.001781612182413,0.0,0.0,0.0,1.0
29,6,通信设备、计算机和其他电子设备原材料部门,26542676.99328848,26542676.9932885,4046059.1683213715,26551937.024815526,1.0086728677939663,0.0,0.0,0.0,1.0
29,7,仪器仪表原材料部门,3027315.042876223,3027315.042876225,777382.6674754896,3027446.6700319103,1.00107664743797,0.0,0.0,0.0,1.0
29,8,通信设备、计算机和其他电子设备制造部门,44507473.27602443,44507473.2760245,6784540.62311844,44523000.74545906,1.0086728677939658,0.0,0.0,0.0,1.0
29,9,通用设备应用部门,20786755.05682303,20786755.056823026,4840181.459710276,20787011.979868785,1.0003058777760228,0.0,0.0,0.0,1.0
29,10,交通运输设备应用部门,201478346.71852142,201478346.7185215,41515967.186004736,201478508.31831416,1.0000198295660376,0.0,0.0,0.0,1.0
29,11,电气机械和器材应用部门,113081313.82791553,113081313.8279155,19665274.304621205,113089446.85475099,1.0017816121824135,0.0,0.0,0.0,1.0
29,12,通信设备、计算机和其他电子设备应用部门,198827192.89618057,198827192.89618075,30308419.415743474,199506125.13938734,1.0881922321686126,0.0,0.0,0.0,1.0
29,13,仪器仪表应用部门,18564512.39377773,18564512.393777724,4767171.556530602,18565319.575695857,1.001076647437972,0.0,0.0,0.0,1.0
