import_case,case,edge_enabled,period,actual_IO_edge_mismatch_max,actual_IO_edge_health_min,final_delivered,final_demand,binding_domestic_count
proportional,homogeneous_ai1,False,0,0.0,1.0,306023294.1208653,306023294.12086535,13
proportional,homogeneous_ai1,False,1,0.0,1.0,306023294.1208653,306023294.12086535,13
proportional,homogeneous_ai1,False,2,0.0,1.0,306023294.1208653,306023294.12086535,13
proportional,homogeneous_ai1,False,3,0.0,1.0,306023294.1208653,306023294.12086535,13
proportional,homogeneous_ai1,False,4,0.0,1.0,306023294.1208653,306023294.12086535,13
proportional,homogeneous_ai1,False,5,0.0,1.0,306023294.1208653,306023294.12086535,13
proportional,homogeneous_ai1,False,6,0.0,1.0,306023294.1208653,306023294.12086535,13
proportional,homogeneous_ai1,False,7,0.0,1.0,306023294.1208653,306023294.12086535,13
proportional,homogeneous_ai1,False,8,0.0,1.0,306023294.1208653,306023294.12086535,13
proportional,homogeneous_ai1,False,9,0.0,1.0,306023294.1208653,306023294.12086535,13
proportional,homogeneous_ai1,False,10,0.0,1.0,306023294.1208653,306023294.12086535,13
proportional,homogeneous_ai1,False,11,0.0,1.0,306023294.1208653,306023294.12086535,13
proportional,homogeneous_ai1,False,12,0.0,1.0,306023294.1208653,306023294.12086535,13
proportional,homogeneous_ai1,False,13,0.0,1.0,306023294.1208653,306023294.12086535,13
proportional,homogeneous_ai1,False,14,0.0,1.0,306023294.1208653,306023294.12086535,13
proportional,homogeneous_ai1,False,15,0.0,1.0,306023294.1208653,306023294.12086535,13
proportional,homogeneous_ai1,False,16,0.0,1.0,306023294.1208653,306023294.12086535,13
proportional,homogeneous_ai1,False,17,0.0,1.0,306023294.1208653,306023294.12086535,13
proportional,homogeneous_ai1,False,18,0.0,1.0,306023294.1208653,306023294.12086535,13
proportional,homogeneous_ai1,False,19,0.0,1.0,306023294.1208653,306023294.12086535,13
proportional,homogeneous_ai1,False,20,0.0,1.0,306023294.1208653,306023294.12086535,13
proportional,homogeneous_ai1,False,21,0.0,1.0,306023294.1208653,306023294.12086535,13
proportional,homogeneous_ai1,False,22,0.0,1.0,306023294.1208653,306023294.12086535,13
proportional,homogeneous_ai1,False,23,0.0,1.0,306023294.1208653,306023294.12086535,13
proportional,homogeneous_ai1,False,24,0.0,1.0,306023294.1208653,306023294.12086535,13
proportional,homogeneous_ai1,False,25,0.0,1.0,306023294.1208653,306023294.12086535,13
proportional,homogeneous_ai1,False,26,0.0,1.0,306023294.1208653,306023294.12086535,13
proportional,homogeneous_ai1,False,27,0.0,1.0,306023294.1208653,306023294.12086535,13
proportional,homogeneous_ai1,False,28,0.0,1.0,306023294.1208653,306023294.12086535,13
proportional,homogeneous_ai1,False,29,0.0,1.0,306023294.1208653,306023294.12086535,13
proportional,homogeneous_ai1,True,0,0.0,1.0,306023294.1208653,306023294.12086535,13
proportional,homogeneous_ai1,True,1,0.0,1.0,306023294.1208653,306023294.12086535,13
proportional,homogeneous_ai1,True,2,0.0,1.0,306023294.1208653,306023294.12086535,13
proportional,homogeneous_ai1,True,3,0.0,1.0,306023294.1208653,306023294.12086535,13
proportional,homogeneous_ai1,True,4,0.0,1.0,306023294.1208653,306023294.12086535,13
proportional,homogeneous_ai1,True,5,0.0,1.0,306023294.1208653,306023294.12086535,13
proportional,homogeneous_ai1,True,6,0.0,1.0,306023294.1208653,306023294.12086535,13
proportional,homogeneous_ai1,True,7,0.0,1.0,306023294.1208653,306023294.12086535,13
proportional,homogeneous_ai1,True,8,0.0,1.0,306023294.1208653,306023294.12086535,13
proportional,homogeneous_ai1,True,9,0.0,1.0,306023294.1208653,306023294.12086535,13
proportional,homogeneous_ai1,True,10,0.0,1.0,306023294.1208653,306023294.12086535,13
proportional,homogeneous_ai1,True,11,0.0,1.0,306023294.1208653,306023294.12086535,13
proportional,homogeneous_ai1,True,12,0.0,1.0,306023294.1208653,306023294.12086535,13
proportional,homogeneous_ai1,True,13,0.0,1.0,306023294.1208653,306023294.12086535,13
proportional,homogeneous_ai1,True,14,0.0,1.0,306023294.1208653,306023294.12086535,13
proportional,homogeneous_ai1,True,15,0.0,1.0,306023294.1208653,306023294.12086535,13
proportional,homogeneous_ai1,True,16,0.0,1.0,306023294.1208653,306023294.12086535,13
proportional,homogeneous_ai1,True,17,0.0,1.0,306023294.1208653,306023294.12086535,13
proportional,homogeneous_ai1,True,18,0.0,1.0,306023294.1208653,306023294.12086535,13
proportional,homogeneous_ai1,True,19,0.0,1.0,306023294.1208653,306023294.12086535,13
proportional,homogeneous_ai1,True,20,0.0,1.0,306023294.1208653,306023294.12086535,13
proportional,homogeneous_ai1,True,21,0.0,1.0,306023294.1208653,306023294.12086535,13
proportional,homogeneous_ai1,True,22,0.0,1.0,306023294.1208653,306023294.12086535,13
proportional,homogeneous_ai1,True,23,0.0,1.0,306023294.1208653,306023294.12086535,13
proportional,homogeneous_ai1,True,24,0.0,1.0,306023294.1208653,306023294.12086535,13
proportional,homogeneous_ai1,True,25,0.0,1.0,306023294.1208653,306023294.12086535,13
proportional,homogeneous_ai1,True,26,0.0,1.0,306023294.1208653,306023294.12086535,13
proportional,homogeneous_ai1,True,27,0.0,1.0,306023294.1208653,306023294.12086535,13
proportional,homogeneous_ai1,True,28,0.0,1.0,306023294.1208653,306023294.12086535,13
proportional,homogeneous_ai1,True,29,0.0,1.0,306023294.1208653,306023294.12086535,13
proportional,homogeneous_ai2,False,0,0.13027522935779817,1.0,306023294.1208653,306023294.12086535,13
proportional,homogeneous_ai2,False,1,0.13110091743119268,1.0,306023294.1208653,306023294.12086535,13
proportional,homogeneous_ai2,False,2,0.13192660550458707,1.0,306023294.1208653,306023294.12086535,13
proportional,homogeneous_ai2,False,3,0.13275229357798157,1.0,306023294.1208653,306023294.12086535,13
proportional,homogeneous_ai2,False,4,0.13357798165137602,1.0,306023294.1208653,306023294.12086535,13
proportional,homogeneous_ai2,False,5,0.13440366972477052,1.0,306023294.1208653,306023294.12086535,13
proportional,homogeneous_ai2,False,6,0.13522935779816503,1.0,306023294.1208653,306023294.12086535,13
proportional,homogeneous_ai2,False,7,0.13605504587155953,1.0,306023294.1208653,306023294.12086535,13
proportional,homogeneous_ai2,False,8,0.13688073394495398,1.0,306023294.1208653,306023294.12086535,13
proportional,homogeneous_ai2,False,9,0.13770642201834843,1.0,306023294.1208653,306023294.12086535,13
proportional,homogeneous_ai2,False,10,0.13853211009174293,1.0,306023294.1208653,306023294.12086535,13
proportional,homogeneous_ai2,False,11,0.13935779816513744,1.0,306023294.1208653,306023294.12086535,13
proportional,homogeneous_ai2,False,12,0.14018348623853188,1.0,306023294.1208653,306023294.12086535,13
proportional,homogeneous_ai2,False,13,0.1410091743119264,1.0,306023294.1208653,306023294.12086535,13
proportional,homogeneous_ai2,False,14,0.14183486238532084,1.0,306023294.1208653,306023294.12086535,13
proportional,homogeneous_ai2,False,15,0.14266055045871529,1.0,306023294.1208653,306023294.12086535,13
proportional,homogeneous_ai2,False,16,0.1434862385321098,1.0,306023294.1208653,306023294.12086535,13
proportional,homogeneous_ai2,False,17,0.1443119266055043,1.0,306023294.1208653,306023294.12086535,13
proportional,homogeneous_ai2,False,18,0.1451376146788988,1.0,306023294.1208653,306023294.12086535,13
proportional,homogeneous_ai2,False,19,0.14596330275229324,1.0,306023294.1208653,306023294.12086535,13
proportional,homogeneous_ai2,False,20,0.14678899082568775,1.0,306023294.1208653,306023294.12086535,13
proportional,homogeneous_ai2,False,21,0.1476146788990822,1.0,306023294.1208653,306023294.12086535,13
proportional,homogeneous_ai2,False,22,0.14844036697247665,1.0,306023294.1208653,306023294.12086535,13
proportional,homogeneous_ai2,False,23,0.14926605504587115,1.0,306023294.1208653,306023294.12086535,13
proportional,homogeneous_ai2,False,24,0.1500917431192656,1.0,306023294.1208653,306023294.12086535,13
proportional,homogeneous_ai2,False,25,0.1509174311926601,1.0,306023294.1208653,306023294.12086535,13
proportional,homogeneous_ai2,False,26,0.1517431192660546,1.0,306023294.1208653,306023294.12086535,13
proportional,homogeneous_ai2,False,27,0.152568807339449,1.0,306023294.1208653,306023294.12086535,13
proportional,homogeneous_ai2,False,28,0.15339449541284356,1.0,306023294.1208653,306023294.12086535,13
proportional,homogeneous_ai2,False,29,0.154220183486238,1.0,306023294.1208653,306023294.12086535,13
proportional,homogeneous_ai2,True,0,0.13027522935779817,0.999348623853211,306023294.1208653,306023294.12086535,13
proportional,homogeneous_ai2,True,1,0.13110091743119268,0.9988885321100918,306023294.1208653,306023294.12086535,13
proportional,homogeneous_ai2,True,2,0.13192660550458707,0.9985607110091743,305735942.3802238,306023294.12086535,13
proportional,homogeneous_ai2,True,3,0.13275229357798157,0.9983259575688074,305461270.4827943,306023294.12086535,13
proportional,homogeneous_ai2,True,4,0.13357798165137602,0.9981565602161461,305241580.9677194,306023294.12086535,13
proportional,homogeneous_ai2,True,5,0.13440366972477052,0.998033258260259,305097840.1268638,306023294.12086535,13
proportional,homogeneous_ai2,True,6,0.13522935779816503,0.9979424167167414,305004111.6847915,306023294.12086535,13
proportional,homogeneous_ai2,True,7,0.13605504587155953,0.9978744254219111,304941037.00570995,306023294.12086535,13
proportional,homogeneous_ai2,True,8,0.13688073394495398,0.9978225013625914,304895205.6283574,306023294.12086535,13
proportional,homogeneous_ai2,True,9,0.13770642201834843,0.9977818722990925,304860286.0524383,306023294.12086535,13
proportional,homogeneous_ai2,True,10,0.13853211009174293,0.997749183058341,304832956.2015038,306023294.12086535,13
proportional,homogeneous_ai2,True,11,0.13935779816513744,0.9977220763350015,304811253.61366206,306023294.12086535,13
proportional,homogeneous_ai2,True,12,0.14018348623853188,0.9976988953438108,304793696.36127496,306023294.12086535,13
proportional,homogeneous_ai2,True,13,0.1410091743119264,0.9976784752618094,304779124.7363747,306023294.12086535,13
proportional,homogeneous_ai2,True,14,0.14183486238532084,0.9976599968885376,304766655.43684834,306023294.12086535,13
proportional,homogeneous_ai2,True,15,0.14266055045871529,0.9976428840440711,304755651.6884113,306023294.12086535,13
proportional,homogeneous_ai2,True,16,0.1434862385321098,0.9976267314866073,304745668.98108864,306023294.12086535,13
proportional,homogeneous_ai2,True,17,0.1443119266055043,0.9976112542227685,304736400.8321646,306023294.12086535,13
proportional,homogeneous_ai2,True,18,0.1451376146788988,0.9975962518381468,304727634.9519569,306023294.12086535,13
proportional,homogeneous_ai2,True,19,0.14596330275229324,0.997581583399892,304719222.9224506,306023294.12086535,13
proportional,homogeneous_ai2,True,20,0.14678899082568775,0.9975671498025167,304711060.22240555,306023294.12086535,13
proportional,homogeneous_ai2,True,21,0.1476146788990822,0.9975528813528857,304703073.060844,306023294.12086535,13
proportional,homogeneous_ai2,True,22,0.14844036697247665,0.9975387290406108,304695209.3826014,306023294.12086535,13
proportional,homogeneous_ai2,True,23,0.14926605504587115,0.9975246583998598,304687432.53554976,306023294.12086535,13
proportional,homogeneous_ai2,True,24,0.1500917431192656,0.9975106451930564,304679716.7501526,306023294.12086535,13
proportional,homogeneous_ai2,True,25,0.1509174311926601,0.9974966723755451,304672043.91816944,306023294.12086535,13
proportional,homogeneous_ai2,True,26,0.1517431192660546,0.9974827279610013,304664401.3133029,306023294.12086535,13
proportional,homogeneous_ai2,True,27,0.152568807339449,0.9974688035202858,304656779.9883447,306023294.12086535,13
proportional,homogeneous_ai2,True,28,0.15339449541284356,0.9974548931257764,304649173.65110916,306023294.12086535,13
proportional,homogeneous_ai2,True,29,0.154220183486238,0.9974409926089909,304641577.8760503,306023294.12086535,13
proportional,heterogeneous_ai1,False,0,0.45454545454545453,1.0,306023294.1208653,306023294.12086535,13
proportional,heterogeneous_ai1,False,1,0.4578181818181816,1.0,306023294.1208653,306023294.12086535,13
proportional,heterogeneous_ai1,False,2,0.46109090909090894,1.0,306023294.1208653,306023294.12086535,13
proportional,heterogeneous_ai1,False,3,0.46436363636363626,1.0,306023294.1208653,306023294.12086535,13
proportional,heterogeneous_ai1,False,4,0.46763636363636335,1.0,306023294.1208653,306023294.12086535,13
proportional,heterogeneous_ai1,False,5,0.47090909090909056,1.0,306023294.1208653,306023294.12086535,13
proportional,heterogeneous_ai1,False,6,0.47418181818181776,1.0,306023294.1208653,306023294.12086535,13
proportional,heterogeneous_ai1,False,7,0.47745454545454497,1.0,306023294.1208653,306023294.12086535,13
proportional,heterogeneous_ai1,False,8,0.48072727272727217,1.0,306023294.1208653,306023294.12086535,13
proportional,heterogeneous_ai1,False,9,0.4839999999999994,1.0,306023294.1208653,306023294.12086535,13
proportional,heterogeneous_ai1,False,10,0.4872727272727266,1.0,306023294.1208653,306023294.12086535,13
proportional,heterogeneous_ai1,False,11,0.4905454545454537,1.0,306023294.1208653,306023294.12086535,13
proportional,heterogeneous_ai1,False,12,0.4938181818181809,1.0,306023294.1208653,306023294.12086535,13
proportional,heterogeneous_ai1,False,13,0.4970909090909082,1.0,306023294.1208653,306023294.12086535,13
proportional,heterogeneous_ai1,False,14,0.5003636363636355,1.0,306023294.1208653,306023294.12086535,13
proportional,heterogeneous_ai1,False,15,0.5036363636363625,1.0,306023294.1208653,306023294.12086535,13
proportional,heterogeneous_ai1,False,16,0.5069090909090899,1.0,306023294.1208653,306023294.12086535,13
proportional,heterogeneous_ai1,False,17,0.510181818181817,1.0,306023294.1208653,306023294.12086535,13
proportional,heterogeneous_ai1,False,18,0.5134545454545443,1.0,306023294.1208653,306023294.12086535,13
proportional,heterogeneous_ai1,False,19,0.5167272727272714,1.0,306023294.1208653,306023294.12086535,13
proportional,heterogeneous_ai1,False,20,0.5199999999999985,1.0,306023294.1208653,306023294.12086535,13
proportional,heterogeneous_ai1,False,21,0.5232727272727258,1.0,306023294.1208653,306023294.12086535,13
proportional,heterogeneous_ai1,False,22,0.5265454545454529,1.0,306023294.1208653,306023294.12086535,13
proportional,heterogeneous_ai1,False,23,0.5298181818181802,1.0,306023294.1208653,306023294.12086535,13
proportional,heterogeneous_ai1,False,24,0.5330909090909075,1.0,306023294.1208653,306023294.12086535,13
proportional,heterogeneous_ai1,False,25,0.5363636363636346,1.0,306023294.1208653,306023294.12086535,13
proportional,heterogeneous_ai1,False,26,0.5396363636363617,1.0,306023294.1208653,306023294.12086535,13
proportional,heterogeneous_ai1,False,27,0.542909090909089,1.0,306023294.1208653,306023294.12086535,13
proportional,heterogeneous_ai1,False,28,0.5461818181818163,1.0,306023294.1208653,306023294.12086535,13
proportional,heterogeneous_ai1,False,29,0.5494545454545434,1.0,306023294.1208653,306023294.12086535,13
proportional,heterogeneous_ai1,True,0,0.45454545454545453,0.9977272727272727,306023294.1208653,306023294.12086535,13
proportional,heterogeneous_ai1,True,1,0.4578181818181816,0.99612,306023294.1208653,306023294.12086535,13
proportional,heterogeneous_ai1,True,2,0.46109090909090894,0.9949728636363636,305098890.45243603,306023294.12086535,13
proportional,heterogeneous_ai1,True,3,0.46436363636363626,0.9941494863636363,304215536.42875785,306023294.12086535,13
proportional,heterogeneous_ai1,True,4,0.46763636363636335,0.9935534668735959,303509362.3276493,306023294.12086535,13
proportional,heterogeneous_ai1,True,5,0.47090909090909056,0.9931178086328301,303046767.69087183,306023294.12086535,13
proportional,heterogeneous_ai1,True,6,0.47418181818181776,0.9927950717405333,302744004.8660319,306023294.12086535,13
proportional,heterogeneous_ai1,True,7,0.47745454545454497,0.9925518217562599,302539067.0080418,306023294.12086535,13
proportional,heterogeneous_ai1,True,8,0.48072727272727217,0.9923644614804878,302389177.6253646,306023294.12086535,13
proportional,heterogeneous_ai1,True,9,0.4839999999999994,0.9922163913337079,302274183.28015196,306023294.12086535,13
proportional,heterogeneous_ai1,True,10,0.4872727272727266,0.9920959411986328,302183482.2255789,306023294.12086535,13
proportional,heterogeneous_ai1,True,11,0.4905454545454537,0.9919949115939305,302110786.2289312,306023294.12086535,13
proportional,heterogeneous_ai1,True,12,0.4938181818181809,0.9919075392443499,302051341.8991247,306023294.12086535,13
proportional,heterogeneous_ai1,True,13,0.4970909090909082,0.9918297719703784,302001435.0390824,306023294.12086535,13
proportional,heterogeneous_ai1,True,14,0.5003636363636355,0.9917587598507379,301958242.00598925,306023294.12086535,13
proportional,heterogeneous_ai1,True,15,0.5036363636363625,0.9916924984011587,301919729.5863191,306023294.12086535,13
proportional,heterogeneous_ai1,True,16,0.5069090909090899,0.9916295778223607,301884478.92012525,306023294.12086535,13
proportional,heterogeneous_ai1,True,17,0.510181818181817,0.991569006647451,301851511.4836546,306023294.12086535,13
proportional,heterogeneous_ai1,True,18,0.5134545454545443,0.9915100876448941,301820149.2240949,306023294.12086535,13
proportional,heterogeneous_ai1,True,19,0.5167272727272714,0.9914523305080453,301789917.98446554,306023294.12086535,13
proportional,heterogeneous_ai1,True,20,0.5199999999999985,0.991395390441476,301760483.8461379,306023294.12086535,13
proportional,heterogeneous_ai1,True,21,0.5232727272727258,0.9913390249733451,301731611.0978465,306023294.12086535,13
proportional,heterogeneous_ai1,True,22,0.5265454545454529,0.9912830635873527,301703133.4846071,306023294.12086535,13
proportional,heterogeneous_ai1,True,23,0.5298181818181802,0.9912273863688305,301674933.9575647,306023294.12086535,13
proportional,heterogeneous_ai1,True,24,0.5330909090909075,0.9911719089884999,301646930.22455066,306023294.12086535,13
proportional,heterogeneous_ai1,True,25,0.5363636363636346,0.991116572142456,301619064.4590075,306023294.12086535,13
proportional,heterogeneous_ai1,True,26,0.5396363636363617,0.9910613341257845,301591296.0208739,306023294.12086535,13
proportional,heterogeneous_ai1,True,27,0.542909090909089,0.9910061656099253,301563596.3384781,306023294.12086535,13
proportional,heterogeneous_ai1,True,28,0.5461818181818163,0.9909510459698627,301535945.319071,306023294.12086535,13
proportional,heterogeneous_ai1,True,29,0.5494545454545434,0.9908959607012536,301508328.83105713,306023294.12086535,13
intermediate_first,homogeneous_ai1,False,0,0.0,1.0,331981563.45164984,331981563.45164996,13
intermediate_first,homogeneous_ai1,False,1,0.0,1.0,331981563.4516499,331981563.45164996,13
intermediate_first,homogeneous_ai1,False,2,0.0,1.0,331981563.4516499,331981563.45164996,13
intermediate_first,homogeneous_ai1,False,3,0.0,1.0,331981563.4516499,331981563.45164996,13
intermediate_first,homogeneous_ai1,False,4,0.0,1.0,331981563.4516499,331981563.45164996,13
intermediate_first,homogeneous_ai1,False,5,0.0,1.0,331981563.4516499,331981563.45164996,13
intermediate_first,homogeneous_ai1,False,6,0.0,1.0,331981563.4516499,331981563.45164996,13
intermediate_first,homogeneous_ai1,False,7,0.0,1.0,331981563.4516499,331981563.45164996,13
intermediate_first,homogeneous_ai1,False,8,0.0,1.0,331981563.4516499,331981563.45164996,13
intermediate_first,homogeneous_ai1,False,9,0.0,1.0,331981563.4516499,331981563.45164996,13
intermediate_first,homogeneous_ai1,False,10,0.0,1.0,331981563.4516499,331981563.45164996,13
intermediate_first,homogeneous_ai1,False,11,0.0,1.0,331981563.4516499,331981563.45164996,13
intermediate_first,homogeneous_ai1,False,12,0.0,1.0,331981563.4516499,331981563.45164996,13
intermediate_first,homogeneous_ai1,False,13,0.0,1.0,331981563.4516499,331981563.45164996,13
intermediate_first,homogeneous_ai1,False,14,0.0,1.0,331981563.4516499,331981563.45164996,13
intermediate_first,homogeneous_ai1,False,15,0.0,1.0,331981563.4516499,331981563.45164996,13
intermediate_first,homogeneous_ai1,False,16,0.0,1.0,331981563.4516499,331981563.45164996,13
intermediate_first,homogeneous_ai1,False,17,0.0,1.0,331981563.4516499,331981563.45164996,13
intermediate_first,homogeneous_ai1,False,18,0.0,1.0,331981563.4516499,331981563.45164996,13
intermediate_first,homogeneous_ai1,False,19,0.0,1.0,331981563.4516499,331981563.45164996,13
intermediate_first,homogeneous_ai1,False,20,0.0,1.0,331981563.4516499,331981563.45164996,13
intermediate_first,homogeneous_ai1,False,21,0.0,1.0,331981563.4516499,331981563.45164996,13
intermediate_first,homogeneous_ai1,False,22,0.0,1.0,331981563.4516499,331981563.45164996,13
intermediate_first,homogeneous_ai1,False,23,0.0,1.0,331981563.4516499,331981563.45164996,13
intermediate_first,homogeneous_ai1,False,24,0.0,1.0,331981563.4516499,331981563.45164996,13
intermediate_first,homogeneous_ai1,False,25,0.0,1.0,331981563.4516499,331981563.45164996,13
intermediate_first,homogeneous_ai1,False,26,0.0,1.0,331981563.4516499,331981563.45164996,13
intermediate_first,homogeneous_ai1,False,27,0.0,1.0,331981563.4516499,331981563.45164996,13
intermediate_first,homogeneous_ai1,False,28,0.0,1.0,331981563.4516499,331981563.45164996,13
intermediate_first,homogeneous_ai1,False,29,0.0,1.0,331981563.4516499,331981563.45164996,13
intermediate_first,homogeneous_ai1,True,0,0.0,1.0,331981563.45164984,331981563.45164996,13
intermediate_first,homogeneous_ai1,True,1,0.0,1.0,331981563.4516499,331981563.45164996,13
intermediate_first,homogeneous_ai1,True,2,0.0,1.0,331981563.4516499,331981563.45164996,13
intermediate_first,homogeneous_ai1,True,3,0.0,1.0,331981563.4516499,331981563.45164996,13
intermediate_first,homogeneous_ai1,True,4,0.0,1.0,331981563.4516499,331981563.45164996,13
intermediate_first,homogeneous_ai1,True,5,0.0,1.0,331981563.4516499,331981563.45164996,13
intermediate_first,homogeneous_ai1,True,6,0.0,1.0,331981563.4516499,331981563.45164996,13
intermediate_first,homogeneous_ai1,True,7,0.0,1.0,331981563.4516499,331981563.45164996,13
intermediate_first,homogeneous_ai1,True,8,0.0,1.0,331981563.4516499,331981563.45164996,13
intermediate_first,homogeneous_ai1,True,9,0.0,1.0,331981563.4516499,331981563.45164996,13
intermediate_first,homogeneous_ai1,True,10,0.0,1.0,331981563.4516499,331981563.45164996,13
intermediate_first,homogeneous_ai1,True,11,0.0,1.0,331981563.4516499,331981563.45164996,13
intermediate_first,homogeneous_ai1,True,12,0.0,1.0,331981563.4516499,331981563.45164996,13
intermediate_first,homogeneous_ai1,True,13,0.0,1.0,331981563.4516499,331981563.45164996,13
intermediate_first,homogeneous_ai1,True,14,0.0,1.0,331981563.4516499,331981563.45164996,13
intermediate_first,homogeneous_ai1,True,15,0.0,1.0,331981563.4516499,331981563.45164996,13
intermediate_first,homogeneous_ai1,True,16,0.0,1.0,331981563.4516499,331981563.45164996,13
intermediate_first,homogeneous_ai1,True,17,0.0,1.0,331981563.4516499,331981563.45164996,13
intermediate_first,homogeneous_ai1,True,18,0.0,1.0,331981563.4516499,331981563.45164996,13
intermediate_first,homogeneous_ai1,True,19,0.0,1.0,331981563.4516499,331981563.45164996,13
intermediate_first,homogeneous_ai1,True,20,0.0,1.0,331981563.4516499,331981563.45164996,13
intermediate_first,homogeneous_ai1,True,21,0.0,1.0,331981563.4516499,331981563.45164996,13
intermediate_first,homogeneous_ai1,True,22,0.0,1.0,331981563.4516499,331981563.45164996,13
intermediate_first,homogeneous_ai1,True,23,0.0,1.0,331981563.4516499,331981563.45164996,13
intermediate_first,homogeneous_ai1,True,24,0.0,1.0,331981563.4516499,331981563.45164996,13
intermediate_first,homogeneous_ai1,True,25,0.0,1.0,331981563.4516499,331981563.45164996,13
intermediate_first,homogeneous_ai1,True,26,0.0,1.0,331981563.4516499,331981563.45164996,13
intermediate_first,homogeneous_ai1,True,27,0.0,1.0,331981563.4516499,331981563.45164996,13
intermediate_first,homogeneous_ai1,True,28,0.0,1.0,331981563.4516499,331981563.45164996,13
intermediate_first,homogeneous_ai1,True,29,0.0,1.0,331981563.4516499,331981563.45164996,13
intermediate_first,homogeneous_ai2,False,0,0.13027522935779817,1.0,331981563.45164984,331981563.45164996,13
intermediate_first,homogeneous_ai2,False,1,0.13110091743119268,1.0,331981563.4516499,331981563.45164996,13
intermediate_first,homogeneous_ai2,False,2,0.13192660550458707,1.0,331981563.4516499,331981563.45164996,13
intermediate_first,homogeneous_ai2,False,3,0.13275229357798157,1.0,331981563.4516499,331981563.45164996,13
intermediate_first,homogeneous_ai2,False,4,0.13357798165137602,1.0,331981563.4516499,331981563.45164996,13
intermediate_first,homogeneous_ai2,False,5,0.13440366972477052,1.0,331981563.4516499,331981563.45164996,13
intermediate_first,homogeneous_ai2,False,6,0.13522935779816503,1.0,331981563.4516499,331981563.45164996,13
intermediate_first,homogeneous_ai2,False,7,0.13605504587155953,1.0,331981563.4516499,331981563.45164996,13
intermediate_first,homogeneous_ai2,False,8,0.13688073394495398,1.0,331981563.4516499,331981563.45164996,13
intermediate_first,homogeneous_ai2,False,9,0.13770642201834843,1.0,331981563.4516499,331981563.45164996,13
intermediate_first,homogeneous_ai2,False,10,0.13853211009174293,1.0,331981563.4516499,331981563.45164996,13
intermediate_first,homogeneous_ai2,False,11,0.13935779816513744,1.0,331981563.4516499,331981563.45164996,13
intermediate_first,homogeneous_ai2,False,12,0.14018348623853188,1.0,331981563.4516499,331981563.45164996,13
intermediate_first,homogeneous_ai2,False,13,0.1410091743119264,1.0,331981563.4516499,331981563.45164996,13
intermediate_first,homogeneous_ai2,False,14,0.14183486238532084,1.0,331981563.4516499,331981563.45164996,13
intermediate_first,homogeneous_ai2,False,15,0.14266055045871529,1.0,331981563.4516499,331981563.45164996,13
intermediate_first,homogeneous_ai2,False,16,0.1434862385321098,1.0,331981563.4516499,331981563.45164996,13
intermediate_first,homogeneous_ai2,False,17,0.1443119266055043,1.0,331981563.4516499,331981563.45164996,13
intermediate_first,homogeneous_ai2,False,18,0.1451376146788988,1.0,331981563.4516499,331981563.45164996,13
intermediate_first,homogeneous_ai2,False,19,0.14596330275229324,1.0,331981563.4516499,331981563.45164996,13
intermediate_first,homogeneous_ai2,False,20,0.14678899082568775,1.0,331981563.4516499,331981563.45164996,13
intermediate_first,homogeneous_ai2,False,21,0.1476146788990822,1.0,331981563.4516499,331981563.45164996,13
intermediate_first,homogeneous_ai2,False,22,0.14844036697247665,1.0,331981563.4516499,331981563.45164996,13
intermediate_first,homogeneous_ai2,False,23,0.14926605504587115,1.0,331981563.4516499,331981563.45164996,13
intermediate_first,homogeneous_ai2,False,24,0.1500917431192656,1.0,331981563.4516499,331981563.45164996,13
intermediate_first,homogeneous_ai2,False,25,0.1509174311926601,1.0,331981563.4516499,331981563.45164996,13
intermediate_first,homogeneous_ai2,False,26,0.1517431192660546,1.0,331981563.4516499,331981563.45164996,13
intermediate_first,homogeneous_ai2,False,27,0.152568807339449,1.0,331981563.4516499,331981563.45164996,13
intermediate_first,homogeneous_ai2,False,28,0.15339449541284356,1.0,331981563.4516499,331981563.45164996,13
intermediate_first,homogeneous_ai2,False,29,0.154220183486238,1.0,331981563.4516499,331981563.45164996,13
intermediate_first,homogeneous_ai2,True,0,0.13027522935779817,0.999348623853211,331981563.45164984,331981563.45164996,13
intermediate_first,homogeneous_ai2,True,1,0.13110091743119268,0.9988885321100918,331981563.4516499,331981563.45164996,13
intermediate_first,homogeneous_ai2,True,2,0.13192660550458707,0.9985607110091743,331681307.45662445,331981563.45164996,13
intermediate_first,homogeneous_ai2,True,3,0.13275229357798157,0.9983259575688074,331394295.09232277,331981563.45164996,13
intermediate_first,homogeneous_ai2,True,4,0.13357798165137602,0.9981565602161461,331165326.6494291,331981563.45164996,13
intermediate_first,homogeneous_ai2,True,5,0.13440366972477052,0.9980332596710112,331015952.81068176,331981563.45164996,13
intermediate_first,homogeneous_ai2,True,6,0.13522935779816503,0.9979424196904142,330918631.5653266,331981563.45164996,13
intermediate_first,homogeneous_ai2,True,7,0.13605504587155953,0.9978744294364609,330853050.16555,331981563.45164996,13
intermediate_first,homogeneous_ai2,True,8,0.13688073394495398,0.9978225055862668,330805282.6607339,331981563.45164996,13
intermediate_first,homogeneous_ai2,True,9,0.13770642201834843,0.9977818761582254,330768837.5371072,331981563.45164996,13
intermediate_first,homogeneous_ai2,True,10,0.13853211009174293,0.9977491863058684,330740310.32936317,331981563.45164996,13
intermediate_first,homogeneous_ai2,True,11,0.13935779816513744,0.9977220789634282,330717669.91401905,331981563.45164996,13
intermediate_first,homogeneous_ai2,True,12,0.14018348623853188,0.9976988974445652,330699364.1014028,331981563.45164996,13
intermediate_first,homogeneous_ai2,True,13,0.1410091743119264,0.9976784769419195,330684174.831137,331981563.45164996,13
intermediate_first,homogeneous_ai2,True,14,0.14183486238532084,0.9976599982375861,330671176.4731332,331981563.45164996,13
intermediate_first,homogeneous_ai2,True,15,0.14266055045871529,0.9976428851312849,330659704.24947876,331981563.45164996,13
intermediate_first,homogeneous_ai2,True,16,0.1434862385321098,0.997626732366175,330649295.3586265,331981563.45164996,13
intermediate_first,homogeneous_ai2,True,17,0.1443119266055043,0.9976112549386421,330639631.0037494,331981563.45164996,13
intermediate_first,homogeneous_ai2,True,18,0.1451376146788988,0.9975962524264499,330630490.2401874,331981563.45164996,13
intermediate_first,homogeneous_ai2,True,19,0.14596330275229324,0.9975815838900001,330621718.43247604,331981563.45164996,13
intermediate_first,homogeneous_ai2,True,20,0.14678899082568775,0.9975671502178103,330613206.5931036,331981563.45164996,13
intermediate_first,homogeneous_ai2,True,21,0.1476146788990822,0.9975528817115945,330604877.7584046,331981563.45164996,13
intermediate_first,homogeneous_ai2,True,22,0.14844036697247665,0.9975387293567382,330596677.6429938,331981563.45164996,13
intermediate_first,homogeneous_ai2,True,23,0.14926605504587115,0.9975246586840643,330588568.0348514,331981563.45164996,13
intermediate_first,homogeneous_ai2,True,24,0.1500917431192656,0.9975106454534073,330580522.07299095,331981563.45164996,13
intermediate_first,homogeneous_ai2,True,25,0.1509174311926601,0.9974966726181286,330572520.88330597,331981563.45164996,13
intermediate_first,homogeneous_ai2,True,26,0.1517431192660546,0.9974827281903915,330564551.2006716,331981563.45164996,13
intermediate_first,homogeneous_ai2,True,27,0.152568807339449,0.9974688037399071,330556603.69834274,331981563.45164996,13
intermediate_first,homogeneous_ai2,True,28,0.15339449541284356,0.9974548933381836,330548671.81683767,331981563.45164996,13
intermediate_first,homogeneous_ai2,True,29,0.154220183486238,0.9974409928160827,330540750.94249755,331981563.45164996,13
intermediate_first,heterogeneous_ai1,False,0,0.45454545454545453,1.0,331981563.45164984,331981563.45164996,13
intermediate_first,heterogeneous_ai1,False,1,0.4578181818181816,1.0,331981563.4516499,331981563.45164996,13
intermediate_first,heterogeneous_ai1,False,2,0.46109090909090894,1.0,331981563.4516499,331981563.45164996,13
intermediate_first,heterogeneous_ai1,False,3,0.46436363636363626,1.0,331981563.4516499,331981563.45164996,13
intermediate_first,heterogeneous_ai1,False,4,0.46763636363636335,1.0,331981563.4516499,331981563.45164996,13
intermediate_first,heterogeneous_ai1,False,5,0.47090909090909056,1.0,331981563.4516499,331981563.45164996,13
intermediate_first,heterogeneous_ai1,False,6,0.47418181818181776,1.0,331981563.4516499,331981563.45164996,13
intermediate_first,heterogeneous_ai1,False,7,0.47745454545454497,1.0,331981563.4516499,331981563.45164996,13
intermediate_first,heterogeneous_ai1,False,8,0.48072727272727217,1.0,331981563.4516499,331981563.45164996,13
intermediate_first,heterogeneous_ai1,False,9,0.4839999999999994,1.0,331981563.4516499,331981563.45164996,13
intermediate_first,heterogeneous_ai1,False,10,0.4872727272727266,1.0,331981563.4516499,331981563.45164996,13
intermediate_first,heterogeneous_ai1,False,11,0.4905454545454537,1.0,331981563.4516499,331981563.45164996,13
intermediate_first,heterogeneous_ai1,False,12,0.4938181818181809,1.0,331981563.4516499,331981563.45164996,13
intermediate_first,heterogeneous_ai1,False,13,0.4970909090909082,1.0,331981563.4516499,331981563.45164996,13
intermediate_first,heterogeneous_ai1,False,14,0.5003636363636355,1.0,331981563.4516499,331981563.45164996,13
intermediate_first,heterogeneous_ai1,False,15,0.5036363636363625,1.0,331981563.4516499,331981563.45164996,13
intermediate_first,heterogeneous_ai1,False,16,0.5069090909090899,1.0,331981563.4516499,331981563.45164996,13
intermediate_first,heterogeneous_ai1,False,17,0.510181818181817,1.0,331981563.4516499,331981563.45164996,13
intermediate_first,heterogeneous_ai1,False,18,0.5134545454545443,1.0,331981563.4516499,331981563.45164996,13
intermediate_first,heterogeneous_ai1,False,19,0.5167272727272714,1.0,331981563.4516499,331981563.45164996,13
intermediate_first,heterogeneous_ai1,False,20,0.5199999999999985,1.0,331981563.4516499,331981563.45164996,13
intermediate_first,heterogeneous_ai1,False,21,0.5232727272727258,1.0,331981563.4516499,331981563.45164996,13
intermediate_first,heterogeneous_ai1,False,22,0.5265454545454529,1.0,331981563.4516499,331981563.45164996,13
intermediate_first,heterogeneous_ai1,False,23,0.5298181818181802,1.0,331981563.4516499,331981563.45164996,13
intermediate_first,heterogeneous_ai1,False,24,0.5330909090909075,1.0,331981563.4516499,331981563.45164996,13
intermediate_first,heterogeneous_ai1,False,25,0.5363636363636346,1.0,331981563.4516499,331981563.45164996,13
intermediate_first,heterogeneous_ai1,False,26,0.5396363636363617,1.0,331981563.4516499,331981563.45164996,13
intermediate_first,heterogeneous_ai1,False,27,0.542909090909089,1.0,331981563.4516499,331981563.45164996,13
intermediate_first,heterogeneous_ai1,False,28,0.5461818181818163,1.0,331981563.4516499,331981563.45164996,13
intermediate_first,heterogeneous_ai1,False,29,0.5494545454545434,1.0,331981563.4516499,331981563.45164996,13
intermediate_first,heterogeneous_ai1,True,0,0.45454545454545453,0.9977272727272727,331981563.45164984,331981563.45164996,13
intermediate_first,heterogeneous_ai1,True,1,0.4578181818181816,0.99612,331981563.4516499,331981563.45164996,13
intermediate_first,heterogeneous_ai1,True,2,0.46109090909090894,0.9949728636363636,331015679.2456951,331981563.45164996,13
intermediate_first,heterogeneous_ai1,True,3,0.46436363636363626,0.9941494863636363,330092626.7010775,331981563.45164996,13
intermediate_first,heterogeneous_ai1,True,4,0.46763636363636335,0.9935534668735959,329356525.65851456,331981563.45164996,13
intermediate_first,heterogeneous_ai1,True,5,0.47090909090909056,0.9931178128177884,328875663.01053303,331981563.45164996,13
intermediate_first,heterogeneous_ai1,True,6,0.47418181818181776,0.992795080568416,328561178.5455013,331981563.45164996,13
intermediate_first,heterogeneous_ai1,True,7,0.47745454545454497,0.9925518336838182,328348021.67921436,331981563.45164996,13
intermediate_first,heterogeneous_ai1,True,8,0.48072727272727217,0.9923644740457266,328191762.8293233,331981563.45164996,13
intermediate_first,heterogeneous_ai1,True,9,0.4839999999999994,0.9922164028344996,328071725.82839257,331981563.45164996,13
intermediate_first,heterogeneous_ai1,True,10,0.4872727272727266,0.9920959508981875,327977037.425566,331981563.45164996,13
intermediate_first,heterogeneous_ai1,True,11,0.4905454545454537,0.9919949194647303,327901185.96226907,331981563.45164996,13
intermediate_first,heterogeneous_ai1,True,12,0.4938181818181809,0.9919075455534913,327839192.52836436,331981563.45164996,13
intermediate_first,heterogeneous_ai1,True,13,0.4970909090909082,0.9918297770329856,327787156.4418869,331981563.45164996,13
intermediate_first,heterogeneous_ai1,True,14,0.5003636363636355,0.9917587639316061,327742118.7812641,331981563.45164996,13
intermediate_first,heterogeneous_ai1,True,15,0.5036363636363625,0.991692501705407,327701956.59180975,331981563.45164996,13
intermediate_first,heterogeneous_ai1,True,16,0.5069090909090899,0.9916295805107193,327665192.21007216,331981563.45164996,13
intermediate_first,heterogeneous_ai1,True,17,0.510181818181817,0.9915690088502837,327630807.45155394,331981563.45164996,13
intermediate_first,heterogeneous_ai1,True,18,0.5134545454545443,0.9915100894693127,327598096.3917441,331981563.45164996,13
intermediate_first,heterogeneous_ai1,True,19,0.5167272727272714,0.9914523320411374,327566564.8748547,331981563.45164996,13
intermediate_first,heterogeneous_ai1,True,20,0.5199999999999985,0.9913953917525634,327535864.6319147,331981563.45164996,13
intermediate_first,heterogeneous_ai1,True,21,0.5232727272727258,0.9913390261164924,327505749.7626061,331981563.45164996,13
intermediate_first,heterogeneous_ai1,True,22,0.5265454545454529,0.9912830646041004,327476046.84904987,331981563.45164996,13
intermediate_first,heterogeneous_ai1,True,23,0.5298181818181802,0.991227387290805,327446633.83066714,331981563.45164996,13
intermediate_first,heterogeneous_ai1,True,24,0.5330909090909075,0.9911719098396485,327417424.90747523,331981563.45164996,13
intermediate_first,heterogeneous_ai1,True,25,0.5363636363636346,0.9911165729408415,327388359.7911356,331981563.45164996,13
intermediate_first,heterogeneous_ai1,True,26,0.5396363636363617,0.9910613348849825,327359396.10962653,331981563.45164996,13
intermediate_first,heterogeneous_ai1,True,27,0.542909090909089,0.9910061663401009,327330504.0714392,331981563.45164996,13
intermediate_first,heterogeneous_ai1,True,28,0.5461818181818163,0.9909510466785985,327301662.7248008,331981563.45164996,13
intermediate_first,heterogeneous_ai1,True,29,0.5494545454545434,0.9908959613941861,327272857.33358693,331981563.45164996,13
final_first,homogeneous_ai1,False,0,0.0,1.0,259470023.84492186,259470023.84492186,13
final_first,homogeneous_ai1,False,1,0.0,1.0,259470023.84492183,259470023.84492186,13
final_first,homogeneous_ai1,False,2,0.0,1.0,259470023.84492183,259470023.84492186,13
final_first,homogeneous_ai1,False,3,0.0,1.0,259470023.84492183,259470023.84492186,13
final_first,homogeneous_ai1,False,4,0.0,1.0,259470023.84492183,259470023.84492186,13
final_first,homogeneous_ai1,False,5,0.0,1.0,259470023.84492183,259470023.84492186,13
final_first,homogeneous_ai1,False,6,0.0,1.0,259470023.84492183,259470023.84492186,13
final_first,homogeneous_ai1,False,7,0.0,1.0,259470023.84492183,259470023.84492186,13
final_first,homogeneous_ai1,False,8,0.0,1.0,259470023.84492183,259470023.84492186,13
final_first,homogeneous_ai1,False,9,0.0,1.0,259470023.84492183,259470023.84492186,13
final_first,homogeneous_ai1,False,10,0.0,1.0,259470023.84492183,259470023.84492186,13
final_first,homogeneous_ai1,False,11,0.0,1.0,259470023.84492183,259470023.84492186,13
final_first,homogeneous_ai1,False,12,0.0,1.0,259470023.84492183,259470023.84492186,13
final_first,homogeneous_ai1,False,13,0.0,1.0,259470023.84492183,259470023.84492186,13
final_first,homogeneous_ai1,False,14,0.0,1.0,259470023.84492183,259470023.84492186,13
final_first,homogeneous_ai1,False,15,0.0,1.0,259470023.84492183,259470023.84492186,13
final_first,homogeneous_ai1,False,16,0.0,1.0,259470023.84492183,259470023.84492186,13
final_first,homogeneous_ai1,False,17,0.0,1.0,259470023.84492183,259470023.84492186,13
final_first,homogeneous_ai1,False,18,0.0,1.0,259470023.84492183,259470023.84492186,13
final_first,homogeneous_ai1,False,19,0.0,1.0,259470023.84492183,259470023.84492186,13
final_first,homogeneous_ai1,False,20,0.0,1.0,259470023.84492183,259470023.84492186,13
final_first,homogeneous_ai1,False,21,0.0,1.0,259470023.84492183,259470023.84492186,13
final_first,homogeneous_ai1,False,22,0.0,1.0,259470023.84492183,259470023.84492186,13
final_first,homogeneous_ai1,False,23,0.0,1.0,259470023.84492183,259470023.84492186,13
final_first,homogeneous_ai1,False,24,0.0,1.0,259470023.84492183,259470023.84492186,13
final_first,homogeneous_ai1,False,25,0.0,1.0,259470023.84492183,259470023.84492186,13
final_first,homogeneous_ai1,False,26,0.0,1.0,259470023.84492183,259470023.84492186,13
final_first,homogeneous_ai1,False,27,0.0,1.0,259470023.84492183,259470023.84492186,13
final_first,homogeneous_ai1,False,28,0.0,1.0,259470023.84492183,259470023.84492186,13
final_first,homogeneous_ai1,False,29,0.0,1.0,259470023.84492183,259470023.84492186,13
final_first,homogeneous_ai1,True,0,0.0,1.0,259470023.84492186,259470023.84492186,13
final_first,homogeneous_ai1,True,1,0.0,1.0,259470023.84492183,259470023.84492186,13
final_first,homogeneous_ai1,True,2,0.0,1.0,259470023.84492183,259470023.84492186,13
final_first,homogeneous_ai1,True,3,0.0,1.0,259470023.84492183,259470023.84492186,13
final_first,homogeneous_ai1,True,4,0.0,1.0,259470023.84492183,259470023.84492186,13
final_first,homogeneous_ai1,True,5,0.0,1.0,259470023.84492183,259470023.84492186,13
final_first,homogeneous_ai1,True,6,0.0,1.0,259470023.84492183,259470023.84492186,13
final_first,homogeneous_ai1,True,7,0.0,1.0,259470023.84492183,259470023.84492186,13
final_first,homogeneous_ai1,True,8,0.0,1.0,259470023.84492183,259470023.84492186,13
final_first,homogeneous_ai1,True,9,0.0,1.0,259470023.84492183,259470023.84492186,13
final_first,homogeneous_ai1,True,10,0.0,1.0,259470023.84492183,259470023.84492186,13
final_first,homogeneous_ai1,True,11,0.0,1.0,259470023.84492183,259470023.84492186,13
final_first,homogeneous_ai1,True,12,0.0,1.0,259470023.84492183,259470023.84492186,13
final_first,homogeneous_ai1,True,13,0.0,1.0,259470023.84492183,259470023.84492186,13
final_first,homogeneous_ai1,True,14,0.0,1.0,259470023.84492183,259470023.84492186,13
final_first,homogeneous_ai1,True,15,0.0,1.0,259470023.84492183,259470023.84492186,13
final_first,homogeneous_ai1,True,16,0.0,1.0,259470023.84492183,259470023.84492186,13
final_first,homogeneous_ai1,True,17,0.0,1.0,259470023.84492183,259470023.84492186,13
final_first,homogeneous_ai1,True,18,0.0,1.0,259470023.84492183,259470023.84492186,13
final_first,homogeneous_ai1,True,19,0.0,1.0,259470023.84492183,259470023.84492186,13
final_first,homogeneous_ai1,True,20,0.0,1.0,259470023.84492183,259470023.84492186,13
final_first,homogeneous_ai1,True,21,0.0,1.0,259470023.84492183,259470023.84492186,13
final_first,homogeneous_ai1,True,22,0.0,1.0,259470023.84492183,259470023.84492186,13
final_first,homogeneous_ai1,True,23,0.0,1.0,259470023.84492183,259470023.84492186,13
final_first,homogeneous_ai1,True,24,0.0,1.0,259470023.84492183,259470023.84492186,13
final_first,homogeneous_ai1,True,25,0.0,1.0,259470023.84492183,259470023.84492186,13
final_first,homogeneous_ai1,True,26,0.0,1.0,259470023.84492183,259470023.84492186,13
final_first,homogeneous_ai1,True,27,0.0,1.0,259470023.84492183,259470023.84492186,13
final_first,homogeneous_ai1,True,28,0.0,1.0,259470023.84492183,259470023.84492186,13
final_first,homogeneous_ai1,True,29,0.0,1.0,259470023.84492183,259470023.84492186,13
final_first,homogeneous_ai2,False,0,0.13027522935779817,1.0,259470023.84492186,259470023.84492186,13
final_first,homogeneous_ai2,False,1,0.13110091743119268,1.0,259470023.84492183,259470023.84492186,13
final_first,homogeneous_ai2,False,2,0.13192660550458707,1.0,259470023.84492183,259470023.84492186,13
final_first,homogeneous_ai2,False,3,0.13275229357798157,1.0,259470023.84492183,259470023.84492186,13
final_first,homogeneous_ai2,False,4,0.13357798165137602,1.0,259470023.84492183,259470023.84492186,13
final_first,homogeneous_ai2,False,5,0.13440366972477052,1.0,259470023.84492183,259470023.84492186,13
final_first,homogeneous_ai2,False,6,0.13522935779816503,1.0,259470023.84492183,259470023.84492186,13
final_first,homogeneous_ai2,False,7,0.13605504587155953,1.0,259470023.84492183,259470023.84492186,13
final_first,homogeneous_ai2,False,8,0.13688073394495398,1.0,259470023.84492183,259470023.84492186,13
final_first,homogeneous_ai2,False,9,0.13770642201834843,1.0,259470023.84492183,259470023.84492186,13
final_first,homogeneous_ai2,False,10,0.13853211009174293,1.0,259470023.84492183,259470023.84492186,13
final_first,homogeneous_ai2,False,11,0.13935779816513744,1.0,259470023.84492183,259470023.84492186,13
final_first,homogeneous_ai2,False,12,0.14018348623853188,1.0,259470023.84492183,259470023.84492186,13
final_first,homogeneous_ai2,False,13,0.1410091743119264,1.0,259470023.84492183,259470023.84492186,13
final_first,homogeneous_ai2,False,14,0.14183486238532084,1.0,259470023.84492183,259470023.84492186,13
final_first,homogeneous_ai2,False,15,0.14266055045871529,1.0,259470023.84492183,259470023.84492186,13
final_first,homogeneous_ai2,False,16,0.1434862385321098,1.0,259470023.84492183,259470023.84492186,13
final_first,homogeneous_ai2,False,17,0.1443119266055043,1.0,259470023.84492183,259470023.84492186,13
final_first,homogeneous_ai2,False,18,0.1451376146788988,1.0,259470023.84492183,259470023.84492186,13
final_first,homogeneous_ai2,False,19,0.14596330275229324,1.0,259470023.84492183,259470023.84492186,13
final_first,homogeneous_ai2,False,20,0.14678899082568775,1.0,259470023.84492183,259470023.84492186,13
final_first,homogeneous_ai2,False,21,0.1476146788990822,1.0,259470023.84492183,259470023.84492186,13
final_first,homogeneous_ai2,False,22,0.14844036697247665,1.0,259470023.84492183,259470023.84492186,13
final_first,homogeneous_ai2,False,23,0.14926605504587115,1.0,259470023.84492183,259470023.84492186,13
final_first,homogeneous_ai2,False,24,0.1500917431192656,1.0,259470023.84492183,259470023.84492186,13
final_first,homogeneous_ai2,False,25,0.1509174311926601,1.0,259470023.84492183,259470023.84492186,13
final_first,homogeneous_ai2,False,26,0.1517431192660546,1.0,259470023.84492183,259470023.84492186,13
final_first,homogeneous_ai2,False,27,0.152568807339449,1.0,259470023.84492183,259470023.84492186,13
final_first,homogeneous_ai2,False,28,0.15339449541284356,1.0,259470023.84492183,259470023.84492186,13
final_first,homogeneous_ai2,False,29,0.154220183486238,1.0,259470023.84492183,259470023.84492186,13
final_first,homogeneous_ai2,True,0,0.13027522935779817,0.999348623853211,259470023.84492186,259470023.84492186,13
final_first,homogeneous_ai2,True,1,0.13110091743119268,0.9988885321100918,259470023.84492183,259470023.84492186,13
final_first,homogeneous_ai2,True,2,0.13192660550458707,0.9985607110091743,259209294.996575,259470023.84492186,13
final_first,homogeneous_ai2,True,3,0.13275229357798157,0.9983259575688074,258960081.20260882,259470023.84492186,13
final_first,homogeneous_ai2,True,4,0.13357798165137602,0.9981565602161461,258759874.28230593,259470023.84492186,13
final_first,homogeneous_ai2,True,5,0.13440366972477052,0.9980332555987321,258628205.4136052,259470023.84492186,13
final_first,homogeneous_ai2,True,6,0.13522935779816503,0.997942411024721,258542202.84748065,259470023.84492186,13
final_first,homogeneous_ai2,True,7,0.13605504587155953,0.9978744176452263,258484447.41883755,259470023.84492186,13
final_first,homogeneous_ai2,True,8,0.13688073394495398,0.9978224930862751,258442654.73093784,259470023.84492186,13
final_first,homogeneous_ai2,True,9,0.13770642201834843,0.9977818646656627,258410895.79388165,259470023.84492186,13
final_first,homogeneous_ai2,True,10,0.13853211009174293,0.9977491765923486,258386050.8051188,259470023.84492186,13
final_first,homogeneous_ai2,True,11,0.13935779816513744,0.9977220710853365,258366304.22548082,259470023.84492186,13
final_first,homogeneous_ai2,True,12,0.14018348623853188,0.9976988911467768,258350313.87444907,259470023.84492186,13
final_first,homogeneous_ai2,True,13,0.1410091743119264,0.9976784719090875,258337036.27919677,259470023.84492186,13
final_first,homogeneous_ai2,True,14,0.14183486238532084,0.9976599941999627,258325674.43418634,259470023.84492186,13
final_first,homogeneous_ai2,True,15,0.14266055045871529,0.9976428818790636,258315650.21416745,259470023.84492186,13
final_first,homogeneous_ai2,True,16,0.1434862385321098,0.9976267297357031,258306558.03170437,259470023.84492186,13
final_first,homogeneous_ai2,True,17,0.1443119266055043,0.9976112527980576,258298117.62712324,259470023.84492186,13
final_first,homogeneous_ai2,True,18,0.1451376146788988,0.9975962506678229,258290134.97060814,259470023.84492186,13
final_first,homogeneous_ai2,True,19,0.14596330275229324,0.9975815824256253,258282474.64032608,259470023.84492186,13
final_first,homogeneous_ai2,True,20,0.14678899082568775,0.9975671489777883,258275041.41144395,259470023.84492186,13
final_first,homogeneous_ai2,True,21,0.1476146788990822,0.9975528806413281,258267768.1007623,259470023.84492186,13
final_first,homogeneous_ai2,True,22,0.14844036697247665,0.9975387284142352,258260607.31064567,259470023.84492186,13
final_first,homogeneous_ai2,True,23,0.14926605504587115,0.9975246578373446,258253525.65450022,259470023.84492186,13
final_first,homogeneous_ai2,True,24,0.1500917431192656,0.9975106446782581,258246499.6499158,259470023.84492186,13
final_first,homogeneous_ai2,True,25,0.1509174311926601,0.997496671896291,258239512.79302278,259470023.84492186,13
final_first,homogeneous_ai2,True,26,0.1517431192660546,0.9974827275081445,258232553.48532477,259470023.84492186,13
final_first,homogeneous_ai2,True,27,0.152568807339449,0.9974688030869772,258225613.57344633,259470023.84492186,13
final_first,homogeneous_ai2,True,28,0.15339449541284356,0.9974548927069062,258218687.3241111,259470023.84492186,13
final_first,homogeneous_ai2,True,29,0.154220183486238,0.9974409922007601,258211770.70513192,259470023.84492186,13
final_first,heterogeneous_ai1,False,0,0.45454545454545453,1.0,259470023.84492186,259470023.84492186,13
final_first,heterogeneous_ai1,False,1,0.4578181818181816,1.0,259470023.84492183,259470023.84492186,13
final_first,heterogeneous_ai1,False,2,0.46109090909090894,1.0,259470023.84492183,259470023.84492186,13
final_first,heterogeneous_ai1,False,3,0.46436363636363626,1.0,259470023.84492183,259470023.84492186,13
final_first,heterogeneous_ai1,False,4,0.46763636363636335,1.0,259470023.84492183,259470023.84492186,13
final_first,heterogeneous_ai1,False,5,0.47090909090909056,1.0,259470023.84492183,259470023.84492186,13
final_first,heterogeneous_ai1,False,6,0.47418181818181776,1.0,259470023.84492183,259470023.84492186,13
final_first,heterogeneous_ai1,False,7,0.47745454545454497,1.0,259470023.84492183,259470023.84492186,13
final_first,heterogeneous_ai1,False,8,0.48072727272727217,1.0,259470023.84492183,259470023.84492186,13
final_first,heterogeneous_ai1,False,9,0.4839999999999994,1.0,259470023.84492183,259470023.84492186,13
final_first,heterogeneous_ai1,False,10,0.4872727272727266,1.0,259470023.84492183,259470023.84492186,13
final_first,heterogeneous_ai1,False,11,0.4905454545454537,1.0,259470023.84492183,259470023.84492186,13
final_first,heterogeneous_ai1,False,12,0.4938181818181809,1.0,259470023.84492183,259470023.84492186,13
final_first,heterogeneous_ai1,False,13,0.4970909090909082,1.0,259470023.84492183,259470023.84492186,13
final_first,heterogeneous_ai1,False,14,0.5003636363636355,1.0,259470023.84492183,259470023.84492186,13
final_first,heterogeneous_ai1,False,15,0.5036363636363625,1.0,259470023.84492183,259470023.84492186,13
final_first,heterogeneous_ai1,False,16,0.5069090909090899,1.0,259470023.84492183,259470023.84492186,13
final_first,heterogeneous_ai1,False,17,0.510181818181817,1.0,259470023.84492183,259470023.84492186,13
final_first,heterogeneous_ai1,False,18,0.5134545454545443,1.0,259470023.84492183,259470023.84492186,13
final_first,heterogeneous_ai1,False,19,0.5167272727272714,1.0,259470023.84492183,259470023.84492186,13
final_first,heterogeneous_ai1,False,20,0.5199999999999985,1.0,259470023.84492183,259470023.84492186,13
final_first,heterogeneous_ai1,False,21,0.5232727272727258,1.0,259470023.84492183,259470023.84492186,13
final_first,heterogeneous_ai1,False,22,0.5265454545454529,1.0,259470023.84492183,259470023.84492186,13
final_first,heterogeneous_ai1,False,23,0.5298181818181802,1.0,259470023.84492183,259470023.84492186,13
final_first,heterogeneous_ai1,False,24,0.5330909090909075,1.0,259470023.84492183,259470023.84492186,13
final_first,heterogeneous_ai1,False,25,0.5363636363636346,1.0,259470023.84492183,259470023.84492186,13
final_first,heterogeneous_ai1,False,26,0.5396363636363617,1.0,259470023.84492183,259470023.84492186,13
final_first,heterogeneous_ai1,False,27,0.542909090909089,1.0,259470023.84492183,259470023.84492186,13
final_first,heterogeneous_ai1,False,28,0.5461818181818163,1.0,259470023.84492183,259470023.84492186,13
final_first,heterogeneous_ai1,False,29,0.5494545454545434,1.0,259470023.84492183,259470023.84492186,13
final_first,heterogeneous_ai1,True,0,0.45454545454545453,0.9977272727272727,259470023.84492186,259470023.84492186,13
final_first,heterogeneous_ai1,True,1,0.4578181818181816,0.99612,259470023.84492183,259470023.84492186,13
final_first,heterogeneous_ai1,True,2,0.46109090909090894,0.9949728636363636,258630467.91682366,259470023.84492186,13
final_first,heterogeneous_ai1,True,3,0.46436363636363626,0.9941494863636363,257828298.84220815,259470023.84492186,13
final_first,heterogeneous_ai1,True,4,0.46763636363636335,0.9935534668735959,257184367.0992812,259470023.84492186,13
final_first,heterogeneous_ai1,True,5,0.47090909090909056,0.993117800737507,256760510.74298024,259470023.84492186,13
final_first,heterogeneous_ai1,True,6,0.47418181818181776,0.9927950548421419,256482679.54435197,259470023.84492186,13
final_first,heterogeneous_ai1,True,7,0.47745454545454497,0.9925517986497486,256295002.75621375,259470023.84492186,13
final_first,heterogeneous_ai1,True,8,0.48072727272727217,0.9923644368574197,256158275.9168792,259470023.84492186,13
final_first,heterogeneous_ai1,True,9,0.4839999999999994,0.9922163685840398,256053635.90726364,259470023.84492186,13
final_first,heterogeneous_ai1,True,10,0.4872727272727266,0.9920959218860748,255971135.05969915,259470023.84492186,13
final_first,heterogeneous_ai1,True,11,0.4905454545454537,0.9919948958739464,255904958.30416977,259470023.84492186,13
final_first,heterogeneous_ai1,True,12,0.4938181818181809,0.9919075266396294,255850797.64103737,259470023.84492186,13
final_first,heterogeneous_ai1,True,13,0.4970909090909082,0.9918297618678323,255805307.5770046,259470023.84492186,13
final_first,heterogeneous_ai1,True,14,0.5003636363636355,0.9917587517179439,255765937.9170978,259470023.84492186,13
final_first,heterogeneous_ai1,True,15,0.5036363636363625,0.9916924918216226,255730841.56277812,259470023.84492186,13
final_first,heterogeneous_ai1,True,16,0.5069090909090899,0.9916295724713754,255698723.46293098,259470023.84492186,13
final_first,heterogeneous_ai1,True,17,0.510181818181817,0.991569002264207,255668688.6589449,259470023.84492186,13
final_first,heterogeneous_ai1,True,18,0.5134545454545443,0.9915100840164134,255640117.31024256,259470023.84492186,13
final_first,heterogeneous_ai1,True,19,0.5167272727272714,0.9914523274613527,255612576.66484204,259470023.84492186,13
final_first,heterogeneous_ai1,True,20,0.5199999999999985,0.9913953878386143,255585762.39567497,259470023.84492186,13
final_first,heterogeneous_ai1,True,21,0.5232727272727258,0.991339022706439,255559459.81312636,259470023.84492186,13
final_first,heterogeneous_ai1,True,22,0.5265454545454529,0.991283061573357,255533517.4778804,259470023.84492186,13
final_first,heterogeneous_ai1,True,23,0.5298181818181802,0.9912273845444669,255507828.7308074,259470023.84492186,13
final_first,heterogeneous_ai1,True,24,0.5330909090909075,0.9911719073058508,255482318.55843502,259470023.84492186,13
final_first,heterogeneous_ai1,True,25,0.5363636363636346,0.9911165705653856,255456934.24091855,259470023.84492186,13
final_first,heterogeneous_ai1,True,26,0.5396363636363617,0.9910613326271378,255431638.72811815,259470023.84492186,13
final_first,heterogeneous_ai1,True,27,0.542909090909089,0.9910061641693687,255406405.97509196,259470023.84492186,13
final_first,heterogeneous_ai1,True,28,0.5461818181818163,0.9909510445722252,255381217.66794458,259470023.84492186,13
final_first,heterogeneous_ai1,True,29,0.5494545454545434,0.9908959593352552,255356060.92697537,259470023.84492186,13
