sector_index_0based,sector_index_1based,io_label,io_scope,parent_42_sector,split_share_within_parent,candidate_H,mapping_status,allocated_H_share,source
0,1,化学产品原材料部门,related_13,化学产品,0.0322597164824297,H2,candidate_scope_only_no_identified_share,unidentified,remake-2020年投入产出表与指标.xlsx
1,2,非金属矿物制品原材料部门,related_13,非金属矿物制品,0.066998195219322,H2,candidate_scope_only_no_identified_share,unidentified,remake-2020年投入产出表与指标.xlsx
2,3,金属冶炼和压延加工品原材料部门,related_13,金属冶炼和压延加工品,0.0814677583819769,H2,candidate_scope_only_no_identified_share,unidentified,remake-2020年投入产出表与指标.xlsx
3,4,专用设备原材料部门,related_13,专用设备,0.131629140614361,H1|H2,candidate_scope_only_no_identified_share,unidentified,remake-2020年投入产出表与指标.xlsx
4,5,电气机械和器材原材料部门,related_13,电气机械和器材,0.0074535523698698,H1|H2,candidate_scope_only_no_identified_share,unidentified,remake-2020年投入产出表与指标.xlsx
5,6,通信设备、计算机和其他电子设备原材料部门,related_13,通信设备、计算机和其他电子设备,0.0972830018360693,H2|H3|H4|H5,candidate_scope_only_no_identified_share,unidentified,remake-2020年投入产出表与指标.xlsx
6,7,仪器仪表原材料部门,related_13,仪器仪表,0.124628743099995,H1|H2,candidate_scope_only_no_identified_share,unidentified,remake-2020年投入产出表与指标.xlsx
7,8,通信设备、计算机和其他电子设备制造部门,related_13,通信设备、计算机和其他电子设备,0.163126748877859,H3|H4|H5|H6,candidate_scope_only_no_identified_share,unidentified,remake-2020年投入产出表与指标.xlsx
8,9,通用设备应用部门,related_13,通用设备,0.156024218574456,H6,candidate_scope_only_no_identified_share,unidentified,remake-2020年投入产出表与指标.xlsx
9,10,交通运输设备应用部门,related_13,交通运输设备,0.934423334124019,H6,candidate_scope_only_no_identified_share,unidentified,remake-2020年投入产出表与指标.xlsx
10,11,电气机械和器材应用部门,related_13,电气机械和器材,0.648340452670058,H6,candidate_scope_only_no_identified_share,unidentified,remake-2020年投入产出表与指标.xlsx
11,12,通信设备、计算机和其他电子设备应用部门,related_13,通信设备、计算机和其他电子设备,0.728732304449568,H6,candidate_scope_only_no_identified_share,unidentified,remake-2020年投入产出表与指标.xlsx
12,13,仪器仪表应用部门,related_13,仪器仪表,0.764265302134727,H6,candidate_scope_only_no_identified_share,unidentified,remake-2020年投入产出表与指标.xlsx
13,14,sector_14,other_42,农林牧渔产品和服务,1.0,,external_domestic_sector,unidentified,remake-2020年投入产出表与指标.xlsx
14,15,sector_15,other_42,煤炭采选产品,1.0,,external_domestic_sector,unidentified,remake-2020年投入产出表与指标.xlsx
15,16,sector_16,other_42,石油和天然气开采产品,1.0,,external_domestic_sector,unidentified,remake-2020年投入产出表与指标.xlsx
16,17,sector_17,other_42,金属矿采选产品,1.0,,external_domestic_sector,unidentified,remake-2020年投入产出表与指标.xlsx
17,18,sector_18,other_42,非金属矿和其他矿采选产品,1.0,,external_domestic_sector,unidentified,remake-2020年投入产出表与指标.xlsx
18,19,sector_19,other_42,食品和烟草,1.0,,external_domestic_sector,unidentified,remake-2020年投入产出表与指标.xlsx
19,20,sector_20,other_42,纺织品,1.0,,external_domestic_sector,unidentified,remake-2020年投入产出表与指标.xlsx
20,21,sector_21,other_42,纺织服装鞋帽皮革羽绒及其制品,1.0,,external_domestic_sector,unidentified,remake-2020年投入产出表与指标.xlsx
21,22,sector_22,other_42,木材加工品和家具,1.0,,external_domestic_sector,unidentified,remake-2020年投入产出表与指标.xlsx
22,23,sector_23,other_42,造纸印刷和文教体育用品,1.0,,external_domestic_sector,unidentified,remake-2020年投入产出表与指标.xlsx
23,24,sector_24,other_42,石油、炼焦产品和核燃料加工品,1.0,,external_domestic_sector,unidentified,remake-2020年投入产出表与指标.xlsx
24,25,sector_25,other_42,化学产品,0.96774028351757,,external_domestic_sector,unidentified,remake-2020年投入产出表与指标.xlsx
25,26,sector_26,other_42,非金属矿物制品,0.933001804780678,,external_domestic_sector,unidentified,remake-2020年投入产出表与指标.xlsx
26,27,sector_27,other_42,金属冶炼和压延加工品,0.918532241618023,,external_domestic_sector,unidentified,remake-2020年投入产出表与指标.xlsx
27,28,sector_28,other_42,金属制品,1.0,,external_domestic_sector,unidentified,remake-2020年投入产出表与指标.xlsx
28,29,sector_29,other_42,通用设备,0.843975781425544,,external_domestic_sector,unidentified,remake-2020年投入产出表与指标.xlsx
29,30,sector_30,other_42,专用设备,0.868370859385639,,external_domestic_sector,unidentified,remake-2020年投入产出表与指标.xlsx
30,31,sector_31,other_42,交通运输设备,0.0655766658759807,,external_domestic_sector,unidentified,remake-2020年投入产出表与指标.xlsx
31,32,sector_32,other_42,电气机械和器材,0.344205994960072,,external_domestic_sector,unidentified,remake-2020年投入产出表与指标.xlsx
32,33,sector_33,other_42,通信设备、计算机和其他电子设备,0.0108579448365035,,external_domestic_sector,unidentified,remake-2020年投入产出表与指标.xlsx
33,34,sector_34,other_42,仪器仪表,0.111105954765278,,external_domestic_sector,unidentified,remake-2020年投入产出表与指标.xlsx
34,35,sector_35,other_42,其他制造产品和废品废料,1.0,,external_domestic_sector,unidentified,remake-2020年投入产出表与指标.xlsx
35,36,sector_36,other_42,金属制品、机械和设备修理服务,1.0,,external_domestic_sector,unidentified,remake-2020年投入产出表与指标.xlsx
36,37,sector_37,other_42,电力、热力的生产和供应,1.0,,external_domestic_sector,unidentified,remake-2020年投入产出表与指标.xlsx
37,38,sector_38,other_42,燃气生产和供应,1.0,,external_domestic_sector,unidentified,remake-2020年投入产出表与指标.xlsx
38,39,sector_39,other_42,水的生产和供应,1.0,,external_domestic_sector,unidentified,remake-2020年投入产出表与指标.xlsx
39,40,sector_40,other_42,建筑,1.0,,external_domestic_sector,unidentified,remake-2020年投入产出表与指标.xlsx
40,41,sector_41,other_42,批发和零售,1.0,,external_domestic_sector,unidentified,remake-2020年投入产出表与指标.xlsx
41,42,sector_42,other_42,交通运输、仓储和邮政,1.0,,external_domestic_sector,unidentified,remake-2020年投入产出表与指标.xlsx
42,43,sector_43,other_42,住宿和餐饮,1.0,,external_domestic_sector,unidentified,remake-2020年投入产出表与指标.xlsx
43,44,sector_44,other_42,信息传输、软件和信息技术服务,1.0,H3,candidate_scope_only_no_identified_share,unidentified,remake-2020年投入产出表与指标.xlsx
44,45,sector_45,other_42,金融,1.0,,external_domestic_sector,unidentified,remake-2020年投入产出表与指标.xlsx
45,46,sector_46,other_42,房地产,1.0,,external_domestic_sector,unidentified,remake-2020年投入产出表与指标.xlsx
46,47,sector_47,other_42,租赁和商务服务,1.0,,external_domestic_sector,unidentified,remake-2020年投入产出表与指标.xlsx
47,48,sector_48,other_42,研究和试验发展,1.0,H3,candidate_scope_only_no_identified_share,unidentified,remake-2020年投入产出表与指标.xlsx
48,49,sector_49,other_42,综合技术服务,1.0,H3,candidate_scope_only_no_identified_share,unidentified,remake-2020年投入产出表与指标.xlsx
49,50,sector_50,other_42,水利、环境和公共设施管理,1.0,,external_domestic_sector,unidentified,remake-2020年投入产出表与指标.xlsx
50,51,sector_51,other_42,居民服务、修理和其他服务,1.0,,external_domestic_sector,unidentified,remake-2020年投入产出表与指标.xlsx
51,52,sector_52,other_42,教育,1.0,,external_domestic_sector,unidentified,remake-2020年投入产出表与指标.xlsx
52,53,sector_53,other_42,卫生和社会工作,1.0,,external_domestic_sector,unidentified,remake-2020年投入产出表与指标.xlsx
53,54,sector_54,other_42,文化、体育和娱乐,1.0,,external_domestic_sector,unidentified,remake-2020年投入产出表与指标.xlsx
54,55,sector_55,other_42,公共管理、社会保障和社会组织,1.0,,external_domestic_sector,unidentified,remake-2020年投入产出表与指标.xlsx
